t,gt_x,gt_y,gt_z,gt_yaw,est_x,est_y,est_yaw
817.8000,5.9421,-1.0233,1.3703,0.09718,5.7749,-1.6339,-0.05818
817.9000,5.9408,-1.0230,1.3713,0.09718,5.7761,-1.6331,-0.05820
818.0000,5.9394,-1.0226,1.3728,0.09720,5.7777,-1.6322,-0.05823
818.1000,5.9380,-1.0222,1.3746,0.09721,5.7799,-1.6314,-0.05821
818.2000,5.9364,-1.0219,1.3768,0.09725,5.7818,-1.6302,-0.05819
818.3000,5.9348,-1.0216,1.3791,0.09728,5.7830,-1.6288,-0.05818
818.5560,5.9314,-1.0212,1.3840,0.09731,5.7833,-1.6279,-0.05817
818.6520,5.9311,-1.0212,1.3845,0.09731,5.7833,-1.6279,-0.05817
818.7000,5.9270,-1.0211,1.3898,0.09727,5.7821,-1.6260,-0.05814
818.8000,5.9248,-1.0211,1.3923,0.09725,5.7783,-1.6248,-0.05817
818.9000,5.9225,-1.0213,1.3942,0.09723,5.7756,-1.6248,-0.05817
819.0000,5.9203,-1.0215,1.3938,0.09721,5.7721,-1.6250,-0.05816
819.1000,5.9179,-1.0218,1.3905,0.09718,5.7688,-1.6251,-0.05817
819.2000,5.9155,-1.0221,1.3850,0.09717,5.7654,-1.6250,-0.05818
819.3000,5.9127,-1.0225,1.3763,0.09716,5.7630,-1.6252,-0.05821
819.4000,5.9101,-1.0229,1.3668,0.09715,5.7604,-1.6251,-0.05823
819.5000,5.9076,-1.0233,1.3565,0.09715,5.7587,-1.6246,-0.05824
819.6000,5.9051,-1.0237,1.3450,0.09715,5.7571,-1.6243,-0.05826
819.7000,5.9032,-1.0241,1.3359,0.09715,5.7552,-1.6242,-0.05826
819.8000,5.9013,-1.0246,1.3261,0.09714,5.7531,-1.6237,-0.05828
819.9000,5.8993,-1.0252,1.3164,0.09713,5.7509,-1.6225,-0.05828
820.0000,5.8977,-1.0257,1.3085,0.09713,5.7492,-1.6209,-0.05830
820.1000,5.8961,-1.0264,1.3014,0.09712,5.7474,-1.6191,-0.05833
820.2000,5.8949,-1.0270,1.2958,0.09710,5.7455,-1.6179,-0.05836
820.3000,5.8937,-1.0277,1.2910,0.09709,5.7429,-1.6167,-0.05839
820.4000,5.8925,-1.0287,1.2866,0.09707,5.7405,-1.6161,-0.05841
820.5000,5.8914,-1.0298,1.2830,0.09703,5.7367,-1.6153,-0.05846
820.6000,5.8906,-1.0307,1.2806,0.09699,5.7317,-1.6146,-0.05852
820.7000,5.8898,-1.0317,1.2787,0.09695,5.7271,-1.6143,-0.05859
820.8000,5.8889,-1.0329,1.2772,0.09694,5.7233,-1.6147,-0.05859
820.9000,5.8883,-1.0340,1.2763,0.09696,5.7207,-1.6158,-0.05860
821.0000,5.8880,-1.0352,1.2758,0.09696,5.7195,-1.6173,-0.05861
821.1000,5.8879,-1.0362,1.2758,0.09696,5.7187,-1.6192,-0.05865
821.2000,5.8881,-1.0375,1.2761,0.09696,5.7180,-1.6212,-0.05867
821.3000,5.8883,-1.0389,1.2768,0.09695,5.7167,-1.6231,-0.05868
821.4000,5.8886,-1.0399,1.2774,0.09695,5.7149,-1.6250,-0.05868
821.5000,5.8888,-1.0410,1.2784,0.09696,5.7125,-1.6275,-0.05868
821.6000,5.8890,-1.0419,1.2794,0.09696,5.7105,-1.6300,-0.05869
821.7000,5.8894,-1.0427,1.2805,0.09696,5.7086,-1.6328,-0.05866
821.8000,5.8899,-1.0435,1.2819,0.09696,5.7075,-1.6349,-0.05868
821.9000,5.8905,-1.0441,1.2834,0.09696,5.7064,-1.6361,-0.05867
822.0000,5.8911,-1.0445,1.2849,0.09696,5.7057,-1.6363,-0.05865
822.1000,5.8920,-1.0450,1.2869,0.09696,5.7054,-1.6357,-0.05860
822.2000,5.8931,-1.0453,1.2888,0.09694,5.7054,-1.6347,-0.05860
822.3000,5.8942,-1.0455,1.2906,0.09692,5.7056,-1.6336,-0.05863
822.4040,5.8953,-1.0458,1.2924,0.09688,5.7061,-1.6334,-0.05865
822.5000,5.8965,-1.0460,1.2940,0.09684,5.7068,-1.6336,-0.05871
822.6000,5.8977,-1.0463,1.2956,0.09680,5.7077,-1.6341,-0.05880
822.7000,5.8992,-1.0465,1.2976,0.09679,5.7095,-1.6347,-0.05883
822.8000,5.9007,-1.0468,1.2997,0.09678,5.7125,-1.6351,-0.05887
822.9000,5.9019,-1.0469,1.3015,0.09676,5.7159,-1.6354,-0.05891
823.0000,5.9034,-1.0471,1.3038,0.09676,5.7197,-1.6361,-0.05894
823.1000,5.9051,-1.0474,1.3067,0.09676,5.7229,-1.6370,-0.05897
823.2000,5.9065,-1.0476,1.3097,0.09674,5.7264,-1.6381,-0.05898
823.3000,5.9075,-1.0479,1.3124,0.09673,5.7297,-1.6393,-0.05901
823.4000,5.9085,-1.0482,1.3157,0.09672,5.7333,-1.6416,-0.05901
823.5000,5.9093,-1.0485,1.3186,0.09671,5.7371,-1.6450,-0.05905
823.6000,5.9099,-1.0488,1.3218,0.09670,5.7402,-1.6489,-0.05910
823.7000,5.9104,-1.0491,1.3251,0.09670,5.7425,-1.6522,-0.05913
823.8000,5.9107,-1.0494,1.3291,0.09671,5.7448,-1.6555,-0.05912
823.9000,5.9108,-1.0495,1.3325,0.09672,5.7463,-1.6578,-0.05910
824.0000,5.9107,-1.0495,1.3369,0.09674,5.7474,-1.6594,-0.05908
824.1000,5.9103,-1.0494,1.3409,0.09676,5.7472,-1.6603,-0.05899
824.2000,5.9096,-1.0491,1.3455,0.09678,5.7466,-1.6609,-0.05894
824.3000,5.9089,-1.0487,1.3499,0.09679,5.7453,-1.6614,-0.05883
824.4040,5.9078,-1.0482,1.3551,0.09680,5.7431,-1.6610,-0.05877
824.5000,5.9070,-1.0476,1.3594,0.09681,5.7417,-1.6595,-0.05871
824.6000,5.9060,-1.0469,1.3646,0.09682,5.7409,-1.6575,-0.05870
824.7000,5.9050,-1.0461,1.3693,0.09682,5.7404,-1.6551,-0.05870
824.8040,5.9042,-1.0454,1.3737,0.09685,5.7406,-1.6529,-0.05869
824.9000,5.9033,-1.0446,1.3782,0.09689,5.7413,-1.6502,-0.05866
825.0000,5.9026,-1.0440,1.3819,0.09691,5.7419,-1.6482,-0.05864
825.1000,5.9017,-1.0433,1.3865,0.09693,5.7420,-1.6470,-0.05860
825.2000,5.9008,-1.0426,1.3909,0.09693,5.7413,-1.6456,-0.05862
825.3000,5.8997,-1.0420,1.3950,0.09693,5.7406,-1.6445,-0.05861
825.4000,5.8987,-1.0416,1.3988,0.09692,5.7401,-1.6434,-0.05862
825.5000,5.8976,-1.0411,1.4029,0.09689,5.7400,-1.6419,-0.05863
825.6000,5.8965,-1.0406,1.4063,0.09687,5.7401,-1.6407,-0.05865
825.7000,5.8954,-1.0402,1.4097,0.09685,5.7402,-1.6399,-0.05866
825.8000,5.8944,-1.0398,1.4129,0.09683,5.7399,-1.6395,-0.05872
825.9000,5.8934,-1.0396,1.4162,0.09679,5.7395,-1.6389,-0.05876
826.0040,5.8923,-1.0393,1.4195,0.09676,5.7391,-1.6384,-0.05876
826.1000,5.8911,-1.0392,1.4226,0.09673,5.7380,-1.6383,-0.05881
826.2000,5.8899,-1.0392,1.4257,0.09669,5.7366,-1.6383,-0.05883
826.3000,5.8885,-1.0392,1.4288,0.09666,5.7357,-1.6388,-0.05887
826.4000,5.8872,-1.0391,1.4318,0.09664,5.7351,-1.6394,-0.05888
826.5000,5.8858,-1.0391,1.4348,0.09663,5.7340,-1.6399,-0.05894
826.6000,5.8846,-1.0390,1.4374,0.09664,5.7328,-1.6399,-0.05893
826.7000,5.8833,-1.0390,1.4401,0.09666,5.7310,-1.6389,-0.05888
826.8000,5.8821,-1.0389,1.4425,0.09668,5.7286,-1.6375,-0.05885
826.9000,5.8808,-1.0388,1.4451,0.09671,5.7255,-1.6360,-0.05881
827.0000,5.8796,-1.0388,1.4473,0.09672,5.7215,-1.6348,-0.05876
827.1000,5.8785,-1.0387,1.4493,0.09672,5.7174,-1.6342,-0.05874
827.2000,5.8775,-1.0388,1.4512,0.09671,5.7141,-1.6346,-0.05877
827.3000,5.8766,-1.0389,1.4529,0.09669,5.7114,-1.6357,-0.05878
827.4000,5.8759,-1.0390,1.4547,0.09668,5.7090,-1.6369,-0.05885
827.5000,5.8754,-1.0390,1.4562,0.09668,5.7060,-1.6384,-0.05887
827.6000,5.8751,-1.0390,1.4576,0.09668,5.7034,-1.6396,-0.05890
827.7000,5.8749,-1.0389,1.4590,0.09669,5.7015,-1.6405,-0.05887
827.8000,5.8749,-1.0387,1.4603,0.09670,5.7008,-1.6413,-0.05887
827.9000,5.8750,-1.0384,1.4620,0.09671,5.7010,-1.6419,-0.05889
828.0040,5.8753,-1.0379,1.4636,0.09671,5.7015,-1.6419,-0.05891
828.1000,5.8757,-1.0374,1.4651,0.09672,5.7020,-1.6409,-0.05889
828.2000,5.8761,-1.0368,1.4667,0.09673,5.7028,-1.6393,-0.05890
828.3000,5.8766,-1.0362,1.4681,0.09674,5.7035,-1.6379,-0.05886
828.4000,5.8770,-1.0356,1.4696,0.09673,5.7033,-1.6363,-0.05887
828.5000,5.8774,-1.0351,1.4710,0.09671,5.7026,-1.6347,-0.05888
828.6000,5.8777,-1.0345,1.4726,0.09670,5.7020,-1.6329,-0.05888
828.7000,5.8781,-1.0339,1.4742,0.09671,5.7018,-1.6313,-0.05885
828.8000,5.8786,-1.0334,1.4756,0.09671,5.7020,-1.6299,-0.05885
828.9000,5.8790,-1.0330,1.4769,0.09671,5.7023,-1.6284,-0.05884
829.0000,5.8794,-1.0326,1.4782,0.09671,5.7026,-1.6267,-0.05885
829.1000,5.8799,-1.0323,1.4795,0.09672,5.7026,-1.6247,-0.05883
829.2000,5.8803,-1.0320,1.4807,0.09673,5.7025,-1.6231,-0.05884
829.3000,5.8808,-1.0318,1.4818,0.09674,5.7026,-1.6212,-0.05882
829.4000,5.8813,-1.0317,1.4826,0.09674,5.7024,-1.6196,-0.05883
829.5000,5.8818,-1.0318,1.4833,0.09673,5.7017,-1.6188,-0.05883
829.6000,5.8824,-1.0321,1.4839,0.09670,5.7011,-1.6188,-0.05885
829.7000,5.8830,-1.0325,1.4845,0.09665,5.7008,-1.6195,-0.05886
829.8000,5.8836,-1.0331,1.4851,0.09659,5.7004,-1.6205,-0.05894
829.9000,5.8842,-1.0337,1.4859,0.09654,5.7000,-1.6211,-0.05901
830.0000,5.8849,-1.0345,1.4868,0.09652,5.6999,-1.6220,-0.05906
830.1000,5.8857,-1.0352,1.4878,0.09650,5.7004,-1.6229,-0.05911
830.2000,5.8865,-1.0360,1.4888,0.09649,5.7013,-1.6240,-0.05917
830.3000,5.8873,-1.0367,1.4898,0.09650,5.7030,-1.6252,-0.05918
830.4000,5.8882,-1.0374,1.4908,0.09653,5.7056,-1.6265,-0.05916
830.5000,5.8890,-1.0381,1.4919,0.09654,5.7080,-1.6279,-0.05915
830.6000,5.8897,-1.0388,1.4930,0.09653,5.7103,-1.6300,-0.05918
830.7000,5.8903,-1.0396,1.4943,0.09651,5.7130,-1.6325,-0.05922
830.8000,5.8908,-1.0403,1.4955,0.09649,5.7168,-1.6353,-0.05924
830.9000,5.8912,-1.0409,1.4968,0.09647,5.7216,-1.6380,-0.05928
831.0000,5.8915,-1.0415,1.4980,0.09644,5.7264,-1.6399,-0.05932
831.1000,5.8914,-1.0421,1.4992,0.09642,5.7304,-1.6415,-0.05937
831.2000,5.8909,-1.0425,1.5000,0.09642,5.7331,-1.6426,-0.05936
831.3000,5.8901,-1.0428,1.5004,0.09642,5.7350,-1.6433,-0.05932
831.4000,5.8890,-1.0431,1.5003,0.09641,5.7358,-1.6440,-0.05931
831.5000,5.8876,-1.0433,1.4999,0.09641,5.7357,-1.6451,-0.05927
831.6000,5.8858,-1.0436,1.4991,0.09638,5.7347,-1.6465,-0.05924
831.7000,5.8842,-1.0438,1.4983,0.09636,5.7328,-1.6480,-0.05922
831.8000,5.8819,-1.0440,1.4969,0.09635,5.7301,-1.6500,-0.05919
831.9000,5.8798,-1.0441,1.4955,0.09634,5.7276,-1.6524,-0.05913
832.0000,5.8774,-1.0442,1.4939,0.09634,5.7253,-1.6543,-0.05913
832.1000,5.8746,-1.0441,1.4918,0.09635,5.7223,-1.6558,-0.05907
832.2000,5.8724,-1.0440,1.4902,0.09635,5.7180,-1.6567,-0.05903
832.3000,5.8699,-1.0438,1.4883,0.09635,5.7133,-1.6570,-0.05897
832.4000,5.8673,-1.0435,1.4865,0.09636,5.7088,-1.6564,-0.05892
832.5000,5.8647,-1.0430,1.4845,0.09637,5.7041,-1.6550,-0.05889
832.6000,5.8623,-1.0425,1.4828,0.09636,5.6991,-1.6530,-0.05885
832.7000,5.8601,-1.0419,1.4812,0.09636,5.6947,-1.6510,-0.05885
832.8000,5.8581,-1.0414,1.4798,0.09637,5.6912,-1.6495,-0.05884
832.9000,5.8563,-1.0409,1.4787,0.09636,5.6878,-1.6479,-0.05885
833.0000,5.8548,-1.0404,1.4776,0.09634,5.6853,-1.6462,-0.05887
833.1000,5.8533,-1.0400,1.4767,0.09633,5.6833,-1.6442,-0.05889
833.2000,5.8521,-1.0397,1.4760,0.09632,5.6817,-1.6419,-0.05892
833.3000,5.8510,-1.0394,1.4755,0.09631,5.6803,-1.6399,-0.05895
833.4000,5.8499,-1.0392,1.4751,0.09628,5.6786,-1.6385,-0.05895
833.5000,5.8490,-1.0391,1.4749,0.09625,5.6768,-1.6373,-0.05900
833.6000,5.8481,-1.0392,1.4748,0.09619,5.6747,-1.6365,-0.05906
833.7000,5.8475,-1.0394,1.4747,0.09615,5.6722,-1.6361,-0.05910
833.8000,5.8469,-1.0396,1.4745,0.09612,5.6697,-1.6360,-0.05912
833.9000,5.8463,-1.0399,1.4743,0.09609,5.6666,-1.6363,-0.05917
834.0000,5.8457,-1.0403,1.4739,0.09606,5.6641,-1.6367,-0.05922
834.1000,5.8454,-1.0406,1.4736,0.09604,5.6620,-1.6374,-0.05926
834.2000,5.8452,-1.0411,1.4732,0.09602,5.6611,-1.6381,-0.05931
834.3000,5.8452,-1.0417,1.4727,0.09599,5.6613,-1.6391,-0.05933
834.4000,5.8453,-1.0422,1.4724,0.09598,5.6626,-1.6407,-0.05938
834.5000,5.8457,-1.0427,1.4722,0.09598,5.6647,-1.6423,-0.05942
834.6000,5.8461,-1.0432,1.4722,0.09596,5.6667,-1.6443,-0.05949
834.7000,5.8465,-1.0437,1.4724,0.09594,5.6677,-1.6463,-0.05957
834.8000,5.8468,-1.0443,1.4728,0.09592,5.6678,-1.6477,-0.05959
834.9040,5.8471,-1.0448,1.4733,0.09591,5.6674,-1.6496,-0.05961
835.0000,5.8472,-1.0452,1.4740,0.09590,5.6660,-1.6517,-0.05965
835.1000,5.8473,-1.0456,1.4749,0.09590,5.6643,-1.6535,-0.05963
835.2000,5.8475,-1.0459,1.4759,0.09590,5.6627,-1.6549,-0.05959
835.3000,5.8477,-1.0461,1.4769,0.09590,5.6614,-1.6559,-0.05957
835.4000,5.8482,-1.0461,1.4779,0.09589,5.6605,-1.6565,-0.05956
835.5000,5.8486,-1.0460,1.4788,0.09590,5.6603,-1.6568,-0.05956
835.6000,5.8491,-1.0458,1.4797,0.09591,5.6602,-1.6571,-0.05957
835.7000,5.8497,-1.0454,1.4805,0.09592,5.6598,-1.6574,-0.05955
835.8000,5.8503,-1.0450,1.4813,0.09592,5.6589,-1.6580,-0.05953
835.9000,5.8511,-1.0446,1.4820,0.09592,5.6581,-1.6580,-0.05951
836.0000,5.8518,-1.0441,1.4826,0.09591,5.6566,-1.6571,-0.05949
836.1000,5.8525,-1.0435,1.4830,0.09592,5.6553,-1.6563,-0.05945
836.2000,5.8534,-1.0428,1.4834,0.09594,5.6538,-1.6549,-0.05942
836.3000,5.8544,-1.0421,1.4837,0.09596,5.6529,-1.6527,-0.05938
836.4000,5.8555,-1.0414,1.4839,0.09598,5.6526,-1.6505,-0.05936
836.5000,5.8567,-1.0407,1.4840,0.09599,5.6532,-1.6485,-0.05934
836.6000,5.8580,-1.0401,1.4839,0.09600,5.6539,-1.6465,-0.05936
836.7000,5.8595,-1.0395,1.4837,0.09600,5.6551,-1.6443,-0.05937
836.8000,5.8610,-1.0390,1.4833,0.09601,5.6576,-1.6412,-0.05938
836.9000,5.8625,-1.0385,1.4828,0.09602,5.6605,-1.6377,-0.05943
837.0000,5.8642,-1.0380,1.4821,0.09603,5.6643,-1.6343,-0.05947
837.1000,5.8657,-1.0378,1.4814,0.09605,5.6698,-1.6314,-0.05951
837.2000,5.8671,-1.0376,1.4807,0.09606,5.6751,-1.6293,-0.05953
837.3000,5.8684,-1.0376,1.4800,0.09606,5.6804,-1.6276,-0.05955
837.4000,5.8696,-1.0379,1.4794,0.09604,5.6844,-1.6265,-0.05963
837.5000,5.8704,-1.0382,1.4791,0.09604,5.6877,-1.6260,-0.05964
837.6000,5.8712,-1.0388,1.4786,0.09604,5.6898,-1.6268,-0.05964
837.7000,5.8716,-1.0395,1.4783,0.09603,5.6912,-1.6288,-0.05963
837.8000,5.8719,-1.0404,1.4779,0.09601,5.6915,-1.6318,-0.05966
837.9000,5.8718,-1.0414,1.4773,0.09598,5.6904,-1.6352,-0.05969
838.0000,5.8717,-1.0423,1.4768,0.09597,5.6888,-1.6383,-0.05969
838.1000,5.8715,-1.0433,1.4761,0.09597,5.6869,-1.6414,-0.05965
838.2000,5.8712,-1.0441,1.4754,0.09597,5.6843,-1.6445,-0.05963
838.3000,5.8708,-1.0449,1.4746,0.09597,5.6821,-1.6468,-0.05959
838.4000,5.8704,-1.0454,1.4740,0.09596,5.6804,-1.6484,-0.05956
838.5000,5.8701,-1.0459,1.4732,0.09595,5.6793,-1.6492,-0.05957
838.6000,5.8699,-1.0461,1.4725,0.09594,5.6789,-1.6489,-0.05960
838.7000,5.8697,-1.0462,1.4717,0.09593,5.6788,-1.6481,-0.05959
838.8000,5.8696,-1.0462,1.4710,0.09594,5.6788,-1.6465,-0.05959
838.9000,5.8695,-1.0461,1.4701,0.09594,5.6790,-1.6444,-0.05959
839.0000,5.8694,-1.0460,1.4692,0.09594,5.6794,-1.6424,-0.05960
839.1000,5.8693,-1.0460,1.4682,0.09593,5.6799,-1.6405,-0.05958
839.2000,5.8692,-1.0460,1.4672,0.09592,5.6799,-1.6388,-0.05961
839.3000,5.8691,-1.0460,1.4662,0.09591,5.6796,-1.6371,-0.05960
839.4000,5.8691,-1.0462,1.4650,0.09590,5.6793,-1.6357,-0.05960
839.5000,5.8690,-1.0466,1.4638,0.09588,5.6793,-1.6345,-0.05961
839.6000,5.8690,-1.0470,1.4627,0.09585,5.6796,-1.6339,-0.05967
839.7000,5.8690,-1.0475,1.4617,0.09584,5.6803,-1.6339,-0.05969
839.8000,5.8690,-1.0481,1.4610,0.09583,5.6809,-1.6341,-0.05973
839.9000,5.8691,-1.0490,1.4601,0.09581,5.6813,-1.6347,-0.05975
840.0000,5.8692,-1.0498,1.4593,0.09579,5.6816,-1.6352,-0.05978
840.1000,5.8693,-1.0508,1.4585,0.09577,5.6822,-1.6357,-0.05983
840.2000,5.8693,-1.0517,1.4578,0.09575,5.6828,-1.6363,-0.05986
840.3000,5.8692,-1.0527,1.4570,0.09573,5.6831,-1.6373,-0.05987
840.4000,5.8692,-1.0537,1.4562,0.09571,5.6831,-1.6385,-0.05987
840.5000,5.8690,-1.0549,1.4554,0.09569,5.6830,-1.6399,-0.05990
840.6000,5.8689,-1.0560,1.4547,0.09567,5.6828,-1.6415,-0.05992
840.7000,5.8688,-1.0571,1.4542,0.09565,5.6822,-1.6435,-0.05993
840.8000,5.8688,-1.0583,1.4539,0.09561,5.6815,-1.6456,-0.05999
840.9000,5.8689,-1.0596,1.4536,0.09559,5.6811,-1.6477,-0.06001
841.0000,5.8690,-1.0608,1.4535,0.09559,5.6805,-1.6499,-0.06005
841.1000,5.8690,-1.0617,1.4534,0.09559,5.6794,-1.6515,-0.06002
841.2000,5.8691,-1.0627,1.4533,0.09558,5.6775,-1.6533,-0.05999
841.3000,5.8692,-1.0636,1.4532,0.09556,5.6756,-1.6549,-0.06000
841.4000,5.8692,-1.0643,1.4528,0.09554,5.6740,-1.6568,-0.06000
841.5000,5.8694,-1.0651,1.4522,0.09551,5.6732,-1.6588,-0.05999
841.6000,5.8696,-1.0657,1.4515,0.09549,5.6728,-1.6612,-0.06003
841.7000,5.8700,-1.0664,1.4507,0.09546,5.6731,-1.6636,-0.06006
841.8000,5.8704,-1.0670,1.4499,0.09544,5.6740,-1.6660,-0.06010
841.9000,5.8710,-1.0675,1.4490,0.09540,5.6749,-1.6677,-0.06015
842.0000,5.8714,-1.0679,1.4482,0.09538,5.6754,-1.6687,-0.06018
842.1000,5.8719,-1.0682,1.4473,0.09537,5.6758,-1.6691,-0.06016
842.2000,5.8723,-1.0684,1.4464,0.09535,5.6765,-1.6691,-0.06018
842.3000,5.8728,-1.0684,1.4456,0.09533,5.6783,-1.6682,-0.06020
842.4000,5.8733,-1.0682,1.4447,0.09533,5.6808,-1.6670,-0.06019
842.5000,5.8738,-1.0681,1.4440,0.09534,5.6834,-1.6659,-0.06021
842.6000,5.8743,-1.0680,1.4433,0.09534,5.6855,-1.6649,-0.06022
842.7000,5.8748,-1.0679,1.4427,0.09534,5.6872,-1.6643,-0.06024
842.8000,5.8751,-1.0679,1.4423,0.09534,5.6883,-1.6642,-0.06025
842.9000,5.8754,-1.0680,1.4420,0.09534,5.6892,-1.6644,-0.06024
843.0000,5.8755,-1.0682,1.4418,0.09535,5.6901,-1.6643,-0.06023
843.1000,5.8756,-1.0684,1.4417,0.09536,5.6909,-1.6640,-0.06024
843.2000,5.8755,-1.0687,1.4418,0.09537,5.6917,-1.6635,-0.06022
843.3000,5.8754,-1.0690,1.4422,0.09538,5.6927,-1.6633,-0.06023
843.4000,5.8752,-1.0692,1.4428,0.09540,5.6940,-1.6631,-0.06025
843.5000,5.8749,-1.0695,1.4436,0.09542,5.6954,-1.6629,-0.06021
843.6040,5.8745,-1.0699,1.4446,0.09542,5.6966,-1.6627,-0.06019
843.7000,5.8741,-1.0704,1.4457,0.09542,5.6976,-1.6627,-0.06022
843.8000,5.8736,-1.0708,1.4468,0.09540,5.6984,-1.6630,-0.06023
843.9000,5.8732,-1.0713,1.4480,0.09539,5.6994,-1.6634,-0.06025
844.0000,5.8728,-1.0718,1.4492,0.09538,5.7000,-1.6634,-0.06026
844.1000,5.8722,-1.0723,1.4505,0.09537,5.7002,-1.6630,-0.06025
844.2000,5.8715,-1.0728,1.4518,0.09536,5.7006,-1.6624,-0.06030
844.3000,5.8709,-1.0733,1.4532,0.09536,5.7018,-1.6620,-0.06032
844.4000,5.8701,-1.0739,1.4548,0.09538,5.7031,-1.6619,-0.06035
844.5000,5.8694,-1.0744,1.4561,0.09540,5.7040,-1.6627,-0.06035
844.6000,5.8685,-1.0750,1.4578,0.09540,5.7046,-1.6643,-0.06035
844.7000,5.8676,-1.0756,1.4593,0.09540,5.7049,-1.6661,-0.06037
844.8000,5.8664,-1.0764,1.4615,0.09540,5.7050,-1.6686,-0.06039
844.9000,5.8653,-1.0770,1.4634,0.09539,5.7047,-1.6710,-0.06038
845.0000,5.8641,-1.0776,1.4652,0.09538,5.7040,-1.6732,-0.06037
845.1000,5.8629,-1.0780,1.4668,0.09538,5.7026,-1.6746,-0.06038
845.2000,5.8614,-1.0785,1.4687,0.09538,5.7007,-1.6752,-0.06037
845.3000,5.8596,-1.0789,1.4708,0.09539,5.6980,-1.6752,-0.06034
845.4000,5.8578,-1.0792,1.4727,0.09540,5.6951,-1.6749,-0.06031
845.5000,5.8561,-1.0794,1.4746,0.09541,5.6917,-1.6743,-0.06023
845.6000,5.8544,-1.0795,1.4764,0.09543,5.6881,-1.6736,-0.06017
845.7000,5.8526,-1.0797,1.4784,0.09543,5.6843,-1.6725,-0.06014
845.8000,5.8509,-1.0798,1.4804,0.09545,5.6801,-1.6711,-0.06010
845.9000,5.8496,-1.0798,1.4821,0.09546,5.6761,-1.6696,-0.06007
846.0000,5.8484,-1.0799,1.4839,0.09547,5.6721,-1.6684,-0.06002
846.1000,5.8472,-1.0800,1.4861,0.09548,5.6684,-1.6673,-0.06002
846.2000,5.8466,-1.0801,1.4881,0.09549,5.6656,-1.6662,-0.06004
846.3000,5.8461,-1.0802,1.4903,0.09550,5.6640,-1.6649,-0.06003
846.4000,5.8458,-1.0804,1.4925,0.09550,5.6624,-1.6636,-0.06002
846.5000,5.8458,-1.0807,1.4949,0.09548,5.6617,-1.6625,-0.06005
846.6000,5.8460,-1.0810,1.4969,0.09547,5.6620,-1.6613,-0.06008
846.7000,5.8463,-1.0813,1.4992,0.09547,5.6633,-1.6606,-0.06012
846.8000,5.8466,-1.0818,1.5011,0.09546,5.6647,-1.6601,-0.06017
846.9000,5.8471,-1.0825,1.5033,0.09544,5.6657,-1.6596,-0.06019
847.0000,5.8475,-1.0831,1.5049,0.09543,5.6660,-1.6596,-0.06025
847.1000,5.8480,-1.0839,1.5066,0.09542,5.6660,-1.6605,-0.06029
847.2000,5.8485,-1.0849,1.5080,0.09541,5.6656,-1.6621,-0.06034
847.3000,5.8490,-1.0860,1.5093,0.09539,5.6645,-1.6642,-0.06036
847.4000,5.8494,-1.0870,1.5103,0.09536,5.6632,-1.6662,-0.06039
847.5000,5.8500,-1.0883,1.5112,0.09533,5.6623,-1.6679,-0.06045
847.6000,5.8505,-1.0893,1.5117,0.09532,5.6617,-1.6695,-0.06047
847.7000,5.8511,-1.0903,1.5120,0.09533,5.6614,-1.6716,-0.06046
847.8000,5.8517,-1.0913,1.5121,0.09532,5.6615,-1.6739,-0.06047
847.9000,5.8523,-1.0922,1.5118,0.09531,5.6620,-1.6765,-0.06047
848.0000,5.8531,-1.0932,1.5111,0.09528,5.6630,-1.6794,-0.06050
848.1000,5.8538,-1.0941,1.5104,0.09525,5.6645,-1.6819,-0.06053
848.2000,5.8546,-1.0948,1.5094,0.09523,5.6664,-1.6845,-0.06054
848.3000,5.8554,-1.0955,1.5082,0.09523,5.6686,-1.6865,-0.06055
848.4000,5.8562,-1.0960,1.5070,0.09523,5.6720,-1.6885,-0.06056
848.5000,5.8570,-1.0965,1.5058,0.09523,5.6755,-1.6897,-0.06057
848.6000,5.8577,-1.0968,1.5044,0.09522,5.6794,-1.6905,-0.06058
848.7000,5.8584,-1.0971,1.5027,0.09522,5.6831,-1.6908,-0.06056
848.8000,5.8589,-1.0974,1.5011,0.09521,5.6870,-1.6912,-0.06057
848.9000,5.8592,-1.0978,1.4997,0.09519,5.6905,-1.6919,-0.06059
849.0000,5.8593,-1.0981,1.4983,0.09518,5.6933,-1.6936,-0.06059
849.1000,5.8593,-1.0985,1.4973,0.09516,5.6957,-1.6964,-0.06062
849.2000,5.8589,-1.0990,1.4962,0.09513,5.6974,-1.6998,-0.06068
849.3000,5.8583,-1.0995,1.4953,0.09512,5.6986,-1.7040,-0.06069
849.4000,5.8577,-1.0999,1.4946,0.09512,5.6992,-1.7079,-0.06067
849.5000,5.8568,-1.1002,1.4937,0.09513,5.6991,-1.7117,-0.06064
849.6000,5.8557,-1.1005,1.4928,0.09515,5.6986,-1.7154,-0.06058
849.7000,5.8546,-1.1005,1.4921,0.09517,5.6974,-1.7180,-0.06052
849.8000,5.8530,-1.1003,1.4911,0.09519,5.6957,-1.7193,-0.06048
849.9000,5.8513,-1.1000,1.4903,0.09522,5.6941,-1.7198,-0.06043
850.0000,5.8495,-1.0993,1.4894,0.09526,5.6932,-1.7196,-0.06036
850.1000,5.8479,-1.0985,1.4887,0.09528,5.6920,-1.7187,-0.06027
850.2000,5.8463,-1.0977,1.4882,0.09529,5.6901,-1.7174,-0.06023
850.3000,5.8446,-1.0967,1.4877,0.09529,5.6878,-1.7159,-0.06019
850.4000,5.8429,-1.0957,1.4872,0.09530,5.6847,-1.7145,-0.06012
850.5000,5.8413,-1.0946,1.4867,0.09532,5.6815,-1.7133,-0.06007
850.6000,5.8398,-1.0936,1.4863,0.09535,5.6785,-1.7124,-0.06001
850.7000,5.8381,-1.0924,1.4858,0.09538,5.6767,-1.7117,-0.05999
850.8000,5.8369,-1.0915,1.4853,0.09541,5.6752,-1.7106,-0.05995
850.9000,5.8355,-1.0904,1.4847,0.09543,5.6739,-1.7091,-0.05993
851.0000,5.8342,-1.0893,1.4841,0.09545,5.6728,-1.7080,-0.05991
851.1000,5.8331,-1.0883,1.4835,0.09546,5.6713,-1.7061,-0.05990
851.2000,5.8321,-1.0874,1.4829,0.09547,5.6700,-1.7038,-0.05990
851.3000,5.8310,-1.0865,1.4822,0.09549,5.6685,-1.7009,-0.05987
851.4000,5.8300,-1.0857,1.4816,0.09548,5.6671,-1.6979,-0.05987
851.5000,5.8291,-1.0849,1.4812,0.09548,5.6660,-1.6951,-0.05991
851.6000,5.8284,-1.0844,1.4810,0.09547,5.6653,-1.6922,-0.05994
851.7000,5.8278,-1.0838,1.4809,0.09548,5.6651,-1.6899,-0.05997
851.8000,5.8272,-1.0834,1.4810,0.09547,5.6657,-1.6875,-0.06000
851.9000,5.8266,-1.0832,1.4814,0.09546,5.6667,-1.6857,-0.06006
852.0000,5.8260,-1.0832,1.4818,0.09546,5.6686,-1.6843,-0.06011
852.1000,5.8254,-1.0833,1.4824,0.09546,5.6704,-1.6836,-0.06015
852.2000,5.8249,-1.0834,1.4828,0.09545,5.6718,-1.6833,-0.06019
852.3000,5.8241,-1.0837,1.4832,0.09544,5.6729,-1.6837,-0.06024
852.4000,5.8233,-1.0841,1.4835,0.09543,5.6732,-1.6844,-0.06024
852.5000,5.8222,-1.0845,1.4838,0.09539,5.6733,-1.6856,-0.06027
852.6000,5.8212,-1.0850,1.4839,0.09536,5.6729,-1.6873,-0.06032
852.7000,5.8200,-1.0855,1.4841,0.09533,5.6719,-1.6898,-0.06037
852.8000,5.8187,-1.0860,1.4841,0.09530,5.6708,-1.6927,-0.06038
852.9000,5.8172,-1.0864,1.4842,0.09529,5.6700,-1.6954,-0.06040
853.0000,5.8157,-1.0868,1.4843,0.09526,5.6693,-1.6973,-0.06040
853.1000,5.8143,-1.0870,1.4843,0.09524,5.6687,-1.6987,-0.06042
853.2000,5.8128,-1.0871,1.4842,0.09520,5.6688,-1.6995,-0.06047
853.3000,5.8113,-1.0870,1.4839,0.09512,5.6688,-1.6997,-0.06054
853.4000,5.8100,-1.0869,1.4835,0.09503,5.6684,-1.7000,-0.06063
853.5000,5.8086,-1.0866,1.4829,0.09495,5.6674,-1.7008,-0.06072
853.6000,5.8073,-1.0863,1.4822,0.09485,5.6653,-1.7016,-0.06082
853.7000,5.8060,-1.0860,1.4813,0.09472,5.6629,-1.7018,-0.06090
853.8000,5.8048,-1.0856,1.4806,0.09454,5.6595,-1.7017,-0.06102
853.9000,5.8036,-1.0852,1.4799,0.09426,5.6565,-1.7015,-0.06124
854.0000,5.8026,-1.0847,1.4793,0.09387,5.6545,-1.7013,-0.06155
854.1000,5.8019,-1.0843,1.4789,0.09352,5.6532,-1.7011,-0.06191
854.2000,5.8014,-1.0838,1.4785,0.09310,5.6524,-1.7013,-0.06235
854.3000,5.8012,-1.0834,1.4782,0.09264,5.6520,-1.7021,-0.06276
854.4000,5.8011,-1.0830,1.4779,0.09214,5.6518,-1.7033,-0.06330
854.5000,5.8012,-1.0826,1.4775,0.09156,5.6527,-1.7047,-0.06391
854.6000,5.8015,-1.0821,1.4769,0.09091,5.6543,-1.7062,-0.06451
854.7000,5.8018,-1.0816,1.4764,0.09030,5.6561,-1.7071,-0.06509
854.8000,5.8022,-1.0810,1.4757,0.08975,5.6583,-1.7078,-0.06579
854.9000,5.8026,-1.0802,1.4748,0.08923,5.6594,-1.7080,-0.06627
855.0000,5.8029,-1.0795,1.4738,0.08876,5.6602,-1.7076,-0.06672
855.1000,5.8032,-1.0788,1.4728,0.08836,5.6616,-1.7072,-0.06715
855.2000,5.8035,-1.0781,1.4718,0.08793,5.6633,-1.7066,-0.06758
855.3000,5.8037,-1.0775,1.4709,0.08759,5.6649,-1.7054,-0.06796
855.4000,5.8038,-1.0767,1.4698,0.08724,5.6659,-1.7038,-0.06822
855.5000,5.8037,-1.0759,1.4689,0.08696,5.6665,-1.7018,-0.06853
855.6000,5.8036,-1.0752,1.4679,0.08659,5.6664,-1.7001,-0.06887
855.7000,5.8034,-1.0744,1.4666,0.08617,5.6661,-1.6990,-0.06921
855.8000,5.8031,-1.0738,1.4654,0.08584,5.6651,-1.6977,-0.06957
855.9000,5.8029,-1.0732,1.4641,0.08553,5.6635,-1.6955,-0.06988
856.0000,5.8026,-1.0725,1.4628,0.08520,5.6621,-1.6929,-0.07020
856.1000,5.8022,-1.0719,1.4617,0.08495,5.6597,-1.6897,-0.07046
856.2000,5.8019,-1.0712,1.4608,0.08474,5.6557,-1.6857,-0.07064
856.3000,5.8016,-1.0707,1.4600,0.08451,5.6508,-1.6815,-0.07090
856.4000,5.8015,-1.0702,1.4592,0.08422,5.6464,-1.6776,-0.07114
856.5000,5.8016,-1.0698,1.4585,0.08391,5.6425,-1.6737,-0.07144
856.6000,5.8020,-1.0696,1.4579,0.08356,5.6400,-1.6711,-0.07184
856.7000,5.8027,-1.0695,1.4572,0.08315,5.6381,-1.6693,-0.07225
856.8000,5.8037,-1.0696,1.4564,0.08263,5.6366,-1.6686,-0.07274
856.9000,5.8048,-1.0698,1.4556,0.08219,5.6355,-1.6679,-0.07329
857.0000,5.8064,-1.0701,1.4546,0.08165,5.6352,-1.6674,-0.07381
857.1000,5.8076,-1.0704,1.4538,0.08127,5.6351,-1.6674,-0.07426
857.2000,5.8092,-1.0707,1.4529,0.08090,5.6353,-1.6675,-0.07467
857.3040,5.8111,-1.0713,1.4519,0.08056,5.6361,-1.6677,-0.07501
857.4000,5.8130,-1.0719,1.4510,0.08029,5.6372,-1.6678,-0.07524
857.5040,5.8148,-1.0725,1.4502,0.08009,5.6386,-1.6683,-0.07550
857.6000,5.8166,-1.0732,1.4494,0.07991,5.6390,-1.6690,-0.07570
857.7000,5.8181,-1.0738,1.4486,0.07978,5.6385,-1.6702,-0.07581
857.8000,5.8196,-1.0744,1.4480,0.07968,5.6374,-1.6723,-0.07591
857.9000,5.8212,-1.0751,1.4474,0.07960,5.6367,-1.6743,-0.07602
858.0000,5.8228,-1.0758,1.4469,0.07954,5.6365,-1.6769,-0.07608
858.1000,5.8247,-1.0765,1.4464,0.07949,5.6371,-1.6793,-0.07610
858.2000,5.8265,-1.0772,1.4459,0.07945,5.6385,-1.6822,-0.07615
858.3000,5.8282,-1.0777,1.4455,0.07942,5.6398,-1.6846,-0.07618
858.4000,5.8296,-1.0779,1.4451,0.07941,5.6409,-1.6858,-0.07619
858.5000,5.8313,-1.0782,1.4445,0.07941,5.6423,-1.6863,-0.07616
858.6000,5.8327,-1.0782,1.4440,0.07942,5.6437,-1.6864,-0.07614
858.7000,5.8342,-1.0782,1.4434,0.07943,5.6448,-1.6859,-0.07610
858.8000,5.8355,-1.0781,1.4430,0.07944,5.6461,-1.6844,-0.07607
858.9000,5.8370,-1.0778,1.4424,0.07945,5.6475,-1.6823,-0.07606
859.0000,5.8383,-1.0775,1.4420,0.07947,5.6492,-1.6802,-0.07602
859.1000,5.8398,-1.0771,1.4416,0.07948,5.6511,-1.6778,-0.07601
859.2000,5.8411,-1.0768,1.4413,0.07951,5.6526,-1.6754,-0.07598
859.3000,5.8427,-1.0765,1.4411,0.07953,5.6537,-1.6733,-0.07595
859.4000,5.8443,-1.0763,1.4408,0.07954,5.6541,-1.6723,-0.07595
859.5000,5.8457,-1.0763,1.4405,0.07954,5.6538,-1.6717,-0.07589
859.6000,5.8471,-1.0763,1.4402,0.07953,5.6535,-1.6711,-0.07589
859.7000,5.8486,-1.0765,1.4398,0.07952,5.6537,-1.6702,-0.07590
859.8000,5.8500,-1.0766,1.4394,0.07952,5.6542,-1.6691,-0.07591
859.9040,5.8513,-1.0767,1.4389,0.07953,5.6560,-1.6681,-0.07594
860.0000,5.8529,-1.0769,1.4385,0.07954,5.6583,-1.6677,-0.07596
860.1000,5.8542,-1.0771,1.4382,0.07954,5.6610,-1.6687,-0.07595
860.2000,5.8558,-1.0774,1.4382,0.07954,5.6633,-1.6703,-0.07596
860.3000,5.8574,-1.0779,1.4384,0.07952,5.6656,-1.6726,-0.07597
860.4000,5.8589,-1.0785,1.4389,0.07948,5.6677,-1.6751,-0.07598
860.5000,5.8607,-1.0791,1.4399,0.07946,5.6703,-1.6778,-0.07599
860.6000,5.8622,-1.0796,1.4411,0.07942,5.6730,-1.6812,-0.07602
860.7000,5.8635,-1.0800,1.4423,0.07940,5.6749,-1.6848,-0.07603
860.8000,5.8650,-1.0803,1.4442,0.07939,5.6766,-1.6886,-0.07603
860.9000,5.8662,-1.0805,1.4460,0.07937,5.6784,-1.6924,-0.07607
861.0000,5.8672,-1.0805,1.4474,0.07936,5.6805,-1.6960,-0.07608
861.1000,5.8683,-1.0803,1.4492,0.07936,5.6822,-1.6991,-0.07606
861.2000,5.8692,-1.0799,1.4510,0.07936,5.6834,-1.7015,-0.07606
861.3000,5.8698,-1.0794,1.4522,0.07938,5.6845,-1.7034,-0.07601
861.4000,5.8704,-1.0786,1.4536,0.07940,5.6854,-1.7049,-0.07597
861.5000,5.8708,-1.0778,1.4547,0.07942,5.6861,-1.7064,-0.07588
861.6000,5.8712,-1.0768,1.4558,0.07942,5.6864,-1.7076,-0.07588
861.7000,5.8715,-1.0755,1.4569,0.07943,5.6859,-1.7082,-0.07587
861.8000,5.8717,-1.0742,1.4579,0.07945,5.6848,-1.7082,-0.07583
861.9000,5.8717,-1.0729,1.4587,0.07948,5.6834,-1.7079,-0.07575
862.0000,5.8716,-1.0715,1.4595,0.07951,5.6822,-1.7073,-0.07570
862.1000,5.8715,-1.0698,1.4605,0.07953,5.6814,-1.7066,-0.07567
862.2000,5.8714,-1.0683,1.4612,0.07953,5.6809,-1.7055,-0.07565
862.3000,5.8713,-1.0667,1.4620,0.07953,5.6801,-1.7045,-0.07565
862.4000,5.8712,-1.0651,1.4627,0.07953,5.6791,-1.7038,-0.07562
862.5000,5.8710,-1.0634,1.4634,0.07954,5.6777,-1.7038,-0.07562
862.6000,5.8708,-1.0619,1.4641,0.07956,5.6765,-1.7043,-0.07559
862.7000,5.8707,-1.0603,1.4649,0.07959,5.6759,-1.7046,-0.07556
862.8000,5.8707,-1.0585,1.4659,0.07962,5.6761,-1.7043,-0.07554
862.9000,5.8707,-1.0567,1.4671,0.07966,5.6760,-1.7038,-0.07552
863.0000,5.8707,-1.0550,1.4684,0.07968,5.6755,-1.7023,-0.07547
863.1000,5.8707,-1.0531,1.4701,0.07971,5.6752,-1.6996,-0.07544
863.2000,5.8707,-1.0511,1.4719,0.07975,5.6747,-1.6957,-0.07542
863.3000,5.8707,-1.0491,1.4740,0.07979,5.6745,-1.6915,-0.07535
863.4000,5.8708,-1.0472,1.4760,0.07982,5.6748,-1.6865,-0.07533
863.5000,5.8709,-1.0453,1.4782,0.07985,5.6755,-1.6801,-0.07530
863.6040,5.8711,-1.0433,1.4805,0.07986,5.6763,-1.6744,-0.07527
863.7000,5.8713,-1.0421,1.4820,0.07985,5.6777,-1.6683,-0.07531
863.8000,5.8715,-1.0409,1.4835,0.07985,5.6797,-1.6629,-0.07535
863.9000,5.8717,-1.0400,1.4845,0.07983,5.6823,-1.6577,-0.07540
864.0000,5.8718,-1.0395,1.4852,0.07979,5.6847,-1.6539,-0.07546
864.1000,5.8721,-1.0391,1.4856,0.07976,5.6867,-1.6510,-0.07554
864.2000,5.8722,-1.0391,1.4857,0.07973,5.6884,-1.6489,-0.07565
864.3000,5.8721,-1.0394,1.4856,0.07970,5.6897,-1.6473,-0.07572
864.4000,5.8720,-1.0398,1.4854,0.07969,5.6905,-1.6461,-0.07574
864.5000,5.8719,-1.0405,1.4852,0.07968,5.6911,-1.6448,-0.07576
864.6000,5.8717,-1.0413,1.4849,0.07967,5.6915,-1.6443,-0.07579
864.7000,5.8713,-1.0423,1.4847,0.07965,5.6922,-1.6446,-0.07584
864.8000,5.8710,-1.0434,1.4846,0.07962,5.6930,-1.6456,-0.07588
864.9000,5.8707,-1.0447,1.4845,0.07960,5.6934,-1.6465,-0.07592
865.0000,5.8704,-1.0457,1.4845,0.07958,5.6943,-1.6478,-0.07597
865.1000,5.8700,-1.0469,1.4844,0.07958,5.6953,-1.6497,-0.07602
865.2000,5.8695,-1.0481,1.4842,0.07958,5.6960,-1.6528,-0.07601
865.3000,5.8690,-1.0493,1.4839,0.07958,5.6963,-1.6573,-0.07601
865.4000,5.8684,-1.0505,1.4831,0.07956,5.6962,-1.6618,-0.07604
865.5000,5.8676,-1.0516,1.4821,0.07954,5.6956,-1.6661,-0.07605
865.6000,5.8668,-1.0524,1.4808,0.07953,5.6945,-1.6688,-0.07605
865.7000,5.8659,-1.0530,1.4794,0.07952,5.6933,-1.6705,-0.07603
865.8000,5.8648,-1.0534,1.4777,0.07952,5.6922,-1.6710,-0.07602
865.9000,5.8637,-1.0536,1.4758,0.07953,5.6908,-1.6707,-0.07594
866.0000,5.8627,-1.0535,1.4740,0.07954,5.6894,-1.6699,-0.07588
866.1000,5.8615,-1.0534,1.4721,0.07956,5.6871,-1.6686,-0.07583
866.2000,5.8605,-1.0531,1.4703,0.07956,5.6848,-1.6671,-0.07574
866.3000,5.8595,-1.0528,1.4685,0.07956,5.6831,-1.6647,-0.07566
866.4000,5.8586,-1.0524,1.4667,0.07955,5.6825,-1.6626,-0.07568
866.5000,5.8578,-1.0520,1.4649,0.07955,5.6823,-1.6606,-0.07569
866.6000,5.8571,-1.0517,1.4632,0.07954,5.6822,-1.6591,-0.07568
866.7000,5.8565,-1.0515,1.4614,0.07952,5.6830,-1.6581,-0.07572
866.8000,5.8559,-1.0513,1.4594,0.07950,5.6850,-1.6569,-0.07574
866.9000,5.8554,-1.0511,1.4575,0.07948,5.6870,-1.6557,-0.07582
867.0000,5.8547,-1.0510,1.4556,0.07947,5.6892,-1.6546,-0.07586
867.1000,5.8539,-1.0509,1.4537,0.07948,5.6913,-1.6543,-0.07590
867.2000,5.8530,-1.0508,1.4517,0.07949,5.6935,-1.6552,-0.07590
867.3000,5.8520,-1.0509,1.4500,0.07950,5.6955,-1.6563,-0.07590
867.4000,5.8510,-1.0509,1.4485,0.07949,5.6966,-1.6571,-0.07590
867.5000,5.8498,-1.0510,1.4471,0.07947,5.6975,-1.6575,-0.07590
867.6040,5.8486,-1.0510,1.4459,0.07946,5.6974,-1.6577,-0.07593
867.7000,5.8472,-1.0510,1.4449,0.07945,5.6965,-1.6583,-0.07590
867.8000,5.8457,-1.0510,1.4441,0.07944,5.6943,-1.6591,-0.07585
867.9000,5.8440,-1.0509,1.4436,0.07944,5.6915,-1.6593,-0.07580
868.0000,5.8420,-1.0508,1.4432,0.07945,5.6879,-1.6590,-0.07579
868.1000,5.8404,-1.0508,1.4431,0.07945,5.6841,-1.6581,-0.07574
868.2000,5.8384,-1.0505,1.4431,0.07947,5.6802,-1.6567,-0.07570
868.3000,5.8368,-1.0503,1.4431,0.07950,5.6765,-1.6549,-0.07565
868.4000,5.8354,-1.0500,1.4431,0.07951,5.6738,-1.6532,-0.07562
868.5000,5.8339,-1.0497,1.4428,0.07951,5.6715,-1.6519,-0.07566
868.6000,5.8328,-1.0495,1.4425,0.07952,5.6694,-1.6515,-0.07566
868.7000,5.8317,-1.0492,1.4420,0.07952,5.6670,-1.6518,-0.07565
868.8000,5.8308,-1.0491,1.4413,0.07951,5.6652,-1.6524,-0.07567
868.9000,5.8300,-1.0489,1.4406,0.07949,5.6643,-1.6533,-0.07573
869.0000,5.8295,-1.0488,1.4398,0.07947,5.6641,-1.6540,-0.07578
869.1000,5.8290,-1.0487,1.4390,0.07945,5.6639,-1.6548,-0.07582
869.2000,5.8284,-1.0485,1.4380,0.07943,5.6642,-1.6559,-0.07585
869.3000,5.8278,-1.0483,1.4371,0.07941,5.6653,-1.6574,-0.07594
869.4000,5.8272,-1.0480,1.4361,0.07939,5.6667,-1.6586,-0.07595
869.5000,5.8267,-1.0476,1.4351,0.07937,5.6677,-1.6593,-0.07598
869.6000,5.8260,-1.0471,1.4340,0.07936,5.6683,-1.6599,-0.07601
869.7000,5.8252,-1.0465,1.4330,0.07936,5.6683,-1.6600,-0.07600
869.8000,5.8245,-1.0459,1.4323,0.07937,5.6672,-1.6594,-0.07599
869.9000,5.8234,-1.0451,1.4318,0.07939,5.6653,-1.6575,-0.07594
870.0000,5.8224,-1.0444,1.4317,0.07939,5.6632,-1.6549,-0.07587
870.1000,5.8215,-1.0436,1.4320,0.07941,5.6609,-1.6513,-0.07583
870.2000,5.8205,-1.0426,1.4325,0.07943,5.6588,-1.6474,-0.07576
870.3000,5.8197,-1.0418,1.4331,0.07945,5.6564,-1.6434,-0.07567
870.4000,5.8188,-1.0410,1.4341,0.07944,5.6539,-1.6400,-0.07567
870.5000,5.8181,-1.0405,1.4350,0.07942,5.6514,-1.6371,-0.07566
870.6000,5.8175,-1.0401,1.4361,0.07937,5.6484,-1.6341,-0.07572
870.7000,5.8170,-1.0398,1.4370,0.07933,5.6456,-1.6310,-0.07575
870.8000,5.8167,-1.0395,1.4378,0.07931,5.6429,-1.6276,-0.07577
870.9000,5.8166,-1.0394,1.4384,0.07937,5.6409,-1.6250,-0.07572
871.0000,5.8167,-1.0394,1.4389,0.07947,5.6383,-1.6218,-0.07565
871.1000,5.8169,-1.0394,1.4392,0.07955,5.6362,-1.6191,-0.07555
871.2000,5.8175,-1.0395,1.4394,0.07958,5.6346,-1.6177,-0.07557
871.3000,5.8185,-1.0400,1.4394,0.07955,5.6334,-1.6175,-0.07559
871.4000,5.8194,-1.0405,1.4394,0.07952,5.6325,-1.6181,-0.07568
871.5000,5.8204,-1.0411,1.4393,0.07951,5.6316,-1.6195,-0.07572
871.6000,5.8215,-1.0418,1.4391,0.07948,5.6309,-1.6214,-0.07580
871.7000,5.8227,-1.0426,1.4388,0.07944,5.6305,-1.6232,-0.07582
871.8000,5.8240,-1.0435,1.4384,0.07940,5.6304,-1.6252,-0.07588
871.9000,5.8253,-1.0443,1.4378,0.07936,5.6307,-1.6276,-0.07592
872.0000,5.8267,-1.0451,1.4369,0.07932,5.6312,-1.6310,-0.07597
872.1000,5.8281,-1.0459,1.4359,0.07928,5.6320,-1.6355,-0.07603
872.2000,5.8293,-1.0466,1.4348,0.07926,5.6330,-1.6408,-0.07606
872.3000,5.8306,-1.0471,1.4335,0.07922,5.6341,-1.6460,-0.07612
872.4000,5.8320,-1.0476,1.4323,0.07918,5.6359,-1.6511,-0.07615
872.5000,5.8332,-1.0477,1.4312,0.07916,5.6378,-1.6548,-0.07616
872.6000,5.8344,-1.0477,1.4299,0.07913,5.6396,-1.6576,-0.07618
872.7000,5.8354,-1.0473,1.4289,0.07913,5.6415,-1.6599,-0.07617
872.8000,5.8365,-1.0467,1.4279,0.07915,5.6428,-1.6609,-0.07613
872.9000,5.8374,-1.0460,1.4272,0.07917,5.6445,-1.6615,-0.07607
873.0000,5.8383,-1.0453,1.4267,0.07918,5.6462,-1.6621,-0.07600
873.1000,5.8391,-1.0444,1.4265,0.07920,5.6476,-1.6625,-0.07597
873.2000,5.8399,-1.0435,1.4264,0.07922,5.6484,-1.6630,-0.07594
873.3000,5.8406,-1.0427,1.4267,0.07922,5.6486,-1.6634,-0.07589
873.4000,5.8414,-1.0419,1.4271,0.07923,5.6481,-1.6636,-0.07581
873.5000,5.8422,-1.0410,1.4275,0.07923,5.6473,-1.6637,-0.07576
873.6040,5.8431,-1.0400,1.4276,0.07922,5.6468,-1.6633,-0.07574
873.7000,5.8440,-1.0391,1.4262,0.07920,5.6469,-1.6623,-0.07576
873.8000,5.8447,-1.0382,1.4231,0.07920,5.6474,-1.6600,-0.07577
873.9000,5.8455,-1.0372,1.4174,0.07920,5.6485,-1.6569,-0.07574
874.0000,5.8461,-1.0363,1.4119,0.07920,5.6501,-1.6537,-0.07577
874.1000,5.8469,-1.0353,1.4039,0.07919,5.6518,-1.6508,-0.07575
874.2000,5.8477,-1.0342,1.3947,0.07918,5.6532,-1.6485,-0.07580
874.3000,5.8484,-1.0335,1.3871,0.07916,5.6542,-1.6464,-0.07582
874.4000,5.8491,-1.0328,1.3796,0.07913,5.6547,-1.6446,-0.07585
874.5000,5.8501,-1.0322,1.3704,0.07910,5.6559,-1.6423,-0.07589
874.6000,5.8510,-1.0317,1.3638,0.07908,5.6576,-1.6403,-0.07592
874.7000,5.8519,-1.0313,1.3569,0.07906,5.6591,-1.6387,-0.07598
874.8000,5.8527,-1.0311,1.3518,0.07904,5.6606,-1.6376,-0.07599
874.9000,5.8538,-1.0309,1.3455,0.07901,5.6625,-1.6369,-0.07606
875.0000,5.8546,-1.0309,1.3409,0.07897,5.6646,-1.6366,-0.07614
875.1000,5.8555,-1.0309,1.3370,0.07895,5.6673,-1.6365,-0.07622
875.2000,5.8563,-1.0310,1.3335,0.07893,5.6693,-1.6365,-0.07629
875.3000,5.8570,-1.0312,1.3305,0.07892,5.6712,-1.6359,-0.07629
875.4000,5.8575,-1.0314,1.3284,0.07892,5.6738,-1.6349,-0.07631
875.5000,5.8578,-1.0316,1.3269,0.07892,5.6764,-1.6343,-0.07632
875.6000,5.8581,-1.0320,1.3258,0.07893,5.6789,-1.6340,-0.07631
875.7000,5.8581,-1.0322,1.3252,0.07893,5.6814,-1.6335,-0.07629
875.8000,5.8580,-1.0326,1.3249,0.07893,5.6837,-1.6332,-0.07628
875.9000,5.8577,-1.0329,1.3249,0.07894,5.6859,-1.6336,-0.07627
876.0000,5.8572,-1.0334,1.3251,0.07894,5.6872,-1.6346,-0.07626
876.1000,5.8565,-1.0340,1.3256,0.07893,5.6880,-1.6359,-0.07624
876.2000,5.8557,-1.0345,1.3262,0.07892,5.6875,-1.6369,-0.07621
876.3000,5.8546,-1.0351,1.3270,0.07891,5.6858,-1.6377,-0.07617
876.4000,5.8531,-1.0357,1.3280,0.07890,5.6832,-1.6384,-0.07613
876.5000,5.8518,-1.0362,1.3290,0.07889,5.6807,-1.6386,-0.07610
876.6000,5.8503,-1.0368,1.3303,0.07886,5.6789,-1.6378,-0.07612
876.7000,5.8491,-1.0372,1.3313,0.07885,5.6777,-1.6360,-0.07612
876.8000,5.8478,-1.0377,1.3327,0.07882,5.6774,-1.6342,-0.07615
876.9000,5.8468,-1.0382,1.3339,0.07881,5.6774,-1.6324,-0.07619
877.0000,5.8458,-1.0387,1.3351,0.07881,5.6777,-1.6316,-0.07624
877.1000,5.8446,-1.0396,1.3366,0.07877,5.6783,-1.6315,-0.07629
877.2000,5.8436,-1.0405,1.3376,0.07873,5.6788,-1.6319,-0.07635
877.3000,5.8424,-1.0415,1.3386,0.07870,5.6792,-1.6323,-0.07642
877.4000,5.8410,-1.0428,1.3397,0.07867,5.6798,-1.6325,-0.07648
877.5000,5.8396,-1.0440,1.3406,0.07865,5.6800,-1.6324,-0.07653
877.6000,5.8381,-1.0453,1.3415,0.07863,5.6798,-1.6318,-0.07655
877.7000,5.8365,-1.0466,1.3424,0.07860,5.6795,-1.6308,-0.07655
877.8000,5.8347,-1.0478,1.3433,0.07857,5.6785,-1.6295,-0.07658
877.9000,5.8328,-1.0492,1.3443,0.07853,5.6769,-1.6284,-0.07663
878.0000,5.8307,-1.0507,1.3453,0.07849,5.6746,-1.6279,-0.07666
878.1000,5.8287,-1.0522,1.3463,0.07846,5.6725,-1.6284,-0.07666
878.2000,5.8268,-1.0537,1.3472,0.07845,5.6700,-1.6292,-0.07664
878.3000,5.8250,-1.0554,1.3483,0.07842,5.6675,-1.6301,-0.07663
878.4000,5.8231,-1.0572,1.3495,0.07838,5.6646,-1.6316,-0.07667
878.5000,5.8211,-1.0591,1.3508,0.07836,5.6616,-1.6334,-0.07668
878.6000,5.8193,-1.0609,1.3520,0.07834,5.6584,-1.6355,-0.07672
878.7000,5.8176,-1.0627,1.3531,0.07833,5.6555,-1.6377,-0.07676
878.8000,5.8156,-1.0649,1.3542,0.07834,5.6526,-1.6401,-0.07676
878.9000,5.8141,-1.0667,1.3549,0.07835,5.6504,-1.6428,-0.07676
879.0000,5.8127,-1.0684,1.3554,0.07834,5.6485,-1.6462,-0.07679
879.1000,5.8113,-1.0704,1.3557,0.07826,5.6475,-1.6492,-0.07686
879.2000,5.8103,-1.0720,1.3560,0.07815,5.6470,-1.6527,-0.07703
879.3000,5.8094,-1.0738,1.3561,0.07801,5.6468,-1.6565,-0.07718
879.4000,5.8086,-1.0753,1.3563,0.07789,5.6461,-1.6609,-0.07734
879.5000,5.8079,-1.0766,1.3566,0.07777,5.6447,-1.6644,-0.07746
879.6040,5.8072,-1.0776,1.3569,0.07766,5.6430,-1.6677,-0.07757
879.7000,5.8066,-1.0787,1.3575,0.07753,5.6410,-1.6702,-0.07765
879.8000,5.8061,-1.0793,1.3583,0.07741,5.6389,-1.6721,-0.07773
879.9000,5.8056,-1.0798,1.3593,0.07728,5.6367,-1.6743,-0.07785
880.0000,5.8054,-1.0802,1.3606,0.07713,5.6353,-1.6763,-0.07798
880.1000,5.8054,-1.0806,1.3620,0.07696,5.6342,-1.6782,-0.07815
880.2000,5.8056,-1.0808,1.3636,0.07678,5.6338,-1.6795,-0.07836
880.3000,5.8061,-1.0809,1.3653,0.07662,5.6342,-1.6805,-0.07855
880.4000,5.8067,-1.0810,1.3673,0.07647,5.6356,-1.6809,-0.07870
880.5000,5.8074,-1.0810,1.3690,0.07636,5.6376,-1.6809,-0.07885
880.6000,5.8082,-1.0808,1.3707,0.07624,5.6398,-1.6805,-0.07896
880.7000,5.8092,-1.0806,1.3727,0.07608,5.6421,-1.6794,-0.07914
880.8000,5.8101,-1.0805,1.3744,0.07614,5.6440,-1.6779,-0.07911
880.9040,5.8110,-1.0803,1.3768,0.08016,5.6454,-1.6765,-0.07486
881.0000,5.8117,-1.0804,1.3805,0.09898,5.6462,-1.6759,-0.05878
881.1000,5.8125,-1.0811,1.3847,0.13589,5.6470,-1.6764,-0.02361
881.2000,5.8136,-1.0827,1.3885,0.18672,5.6483,-1.6775,0.02365
881.3000,5.8150,-1.0845,1.3915,0.24618,5.6505,-1.6783,0.08701
881.4000,5.8165,-1.0866,1.3939,0.31579,5.6532,-1.6788,0.15335
881.5000,5.8177,-1.0883,1.3955,0.37993,5.6563,-1.6791,0.22896
881.6000,5.8189,-1.0903,1.3972,0.45903,5.6585,-1.6794,0.29487
881.7000,5.8194,-1.0914,1.3987,0.50985,5.6596,-1.6794,0.35350
881.8000,5.8193,-1.0918,1.4001,0.55043,5.6596,-1.6787,0.39300
881.9000,5.8187,-1.0914,1.4014,0.57855,5.6587,-1.6771,0.42181
882.0000,5.8179,-1.0907,1.4021,0.59383,5.6574,-1.6755,0.43866
882.1000,5.8165,-1.0896,1.4027,0.60547,5.6558,-1.6741,0.44893
882.2000,5.8153,-1.0889,1.4029,0.61071,5.6539,-1.6727,0.45519
882.3000,5.8141,-1.0884,1.4031,0.61357,5.6519,-1.6718,0.45809
882.4000,5.8127,-1.0883,1.4033,0.61491,5.6496,-1.6713,0.45931
882.5000,5.8118,-1.0886,1.4036,0.61504,5.6472,-1.6712,0.45939
882.6000,5.8108,-1.0892,1.4040,0.61461,5.6445,-1.6717,0.45889
882.7000,5.8100,-1.0900,1.4045,0.61397,5.6420,-1.6728,0.45806
882.8000,5.8095,-1.0910,1.4051,0.61321,5.6399,-1.6739,0.45718
882.9000,5.8092,-1.0921,1.4057,0.61240,5.6374,-1.6757,0.45620
883.0000,5.8089,-1.0933,1.4062,0.61162,5.6346,-1.6780,0.45534
883.1000,5.8088,-1.0945,1.4066,0.61093,5.6319,-1.6800,0.45455
883.2000,5.8089,-1.0960,1.4069,0.61009,5.6297,-1.6824,0.45369
883.3000,5.8091,-1.0971,1.4069,0.60953,5.6281,-1.6850,0.45298
883.4000,5.8097,-1.0984,1.4068,0.60883,5.6269,-1.6878,0.45234
883.5000,5.8103,-1.0995,1.4065,0.60824,5.6257,-1.6909,0.45169
883.6000,5.8110,-1.1005,1.4061,0.60766,5.6251,-1.6934,0.45110
883.7000,5.8119,-1.1014,1.4055,0.60710,5.6250,-1.6960,0.45052
883.8000,5.8130,-1.1022,1.4047,0.60654,5.6253,-1.6987,0.45006
883.9000,5.8141,-1.1029,1.4039,0.60606,5.6256,-1.7012,0.44959
884.0000,5.8154,-1.1035,1.4029,0.60552,5.6259,-1.7036,0.44912
884.1000,5.8165,-1.1039,1.4021,0.60511,5.6265,-1.7055,0.44864
884.2000,5.8178,-1.1043,1.4011,0.60463,5.6273,-1.7070,0.44822
884.3000,5.8189,-1.1046,1.4002,0.60422,5.6280,-1.7077,0.44785
884.4000,5.8201,-1.1046,1.3994,0.60383,5.6287,-1.7076,0.44753
884.5000,5.8211,-1.1045,1.3988,0.60349,5.6298,-1.7074,0.44723
884.6000,5.8223,-1.1044,1.3984,0.60313,5.6312,-1.7070,0.44691
884.7000,5.8234,-1.1043,1.3981,0.60280,5.6326,-1.7065,0.44656
884.8000,5.8244,-1.1043,1.3980,0.60248,5.6336,-1.7058,0.44619
884.9000,5.8257,-1.1042,1.3981,0.60214,5.6341,-1.7049,0.44590
885.0000,5.8267,-1.1043,1.3985,0.60187,5.6347,-1.7035,0.44558
885.1000,5.8276,-1.1044,1.3991,0.60160,5.6358,-1.7035,0.44525
885.2000,5.8285,-1.1045,1.4000,0.60135,5.6370,-1.7048,0.44490
885.3000,5.8295,-1.1047,1.4012,0.60109,5.6387,-1.7065,0.44454
885.4000,5.8304,-1.1049,1.4027,0.60086,5.6411,-1.7087,0.44416
885.5000,5.8312,-1.1050,1.4043,0.60067,5.6439,-1.7112,0.44383
885.6000,5.8322,-1.1052,1.4064,0.60043,5.6479,-1.7140,0.44350
885.7000,5.8329,-1.1052,1.4083,0.60025,5.6520,-1.7163,0.44323
885.8000,5.8335,-1.1052,1.4103,0.60006,5.6550,-1.7183,0.44299
885.9000,5.8339,-1.1051,1.4119,0.59988,5.6573,-1.7197,0.44278
886.0000,5.8340,-1.1049,1.4134,0.59971,5.6591,-1.7203,0.44256
886.1000,5.8338,-1.1047,1.4147,0.59956,5.6596,-1.7199,0.44242
886.2000,5.8333,-1.1044,1.4158,0.59943,5.6588,-1.7190,0.44225
886.3000,5.8327,-1.1042,1.4167,0.59931,5.6569,-1.7180,0.44213
886.4000,5.8319,-1.1039,1.4176,0.59920,5.6541,-1.7170,0.44199
886.5040,5.8310,-1.1038,1.4183,0.59908,5.6510,-1.7163,0.44184
886.6040,5.8304,-1.1037,1.4189,0.59902,5.6475,-1.7155,0.44172
886.7000,5.8300,-1.1035,1.4193,0.59894,5.6445,-1.7150,0.44162
886.8000,5.8299,-1.1032,1.4197,0.59884,5.6421,-1.7143,0.44150
886.9000,5.8302,-1.1029,1.4199,0.59871,5.6403,-1.7138,0.44138
887.0040,5.8306,-1.1023,1.4202,0.59858,5.6391,-1.7136,0.44125
887.1000,5.8315,-1.1017,1.4206,0.59841,5.6384,-1.7135,0.44110
887.2000,5.8326,-1.1010,1.4210,0.59820,5.6377,-1.7135,0.44098
887.3000,5.8338,-1.1003,1.4215,0.59797,5.6370,-1.7133,0.44079
887.4000,5.8354,-1.0995,1.4220,0.59771,5.6372,-1.7124,0.44059
887.5000,5.8370,-1.0985,1.4228,0.59748,5.6377,-1.7105,0.44042
887.6040,5.8388,-1.0975,1.4237,0.59727,5.6385,-1.7080,0.44027
887.7000,5.8406,-1.0964,1.4248,0.59709,5.6398,-1.7061,0.44015
887.8000,5.8425,-1.0953,1.4260,0.59690,5.6421,-1.7050,0.44000
887.9000,5.8443,-1.0943,1.4273,0.59674,5.6454,-1.7042,0.43983
888.0000,5.8460,-1.0934,1.4286,0.59662,5.6490,-1.7034,0.43967
888.1000,5.8475,-1.0927,1.4298,0.59652,5.6531,-1.7025,0.43950
888.2000,5.8489,-1.0920,1.4308,0.59646,5.6563,-1.7019,0.43938
888.3000,5.8501,-1.0914,1.4317,0.59642,5.6588,-1.7018,0.43926
888.4000,5.8512,-1.0909,1.4327,0.59637,5.6608,-1.7022,0.43911
888.5000,5.8520,-1.0904,1.4338,0.59634,5.6623,-1.7022,0.43899
888.6000,5.8528,-1.0900,1.4350,0.59630,5.6641,-1.7017,0.43887
888.7000,5.8534,-1.0895,1.4361,0.59627,5.6657,-1.7012,0.43877
888.8000,5.8538,-1.0890,1.4372,0.59624,5.6672,-1.7012,0.43868
888.9000,5.8542,-1.0886,1.4383,0.59621,5.6684,-1.7018,0.43860
889.0000,5.8545,-1.0882,1.4393,0.59617,5.6693,-1.7030,0.43848
889.1000,5.8548,-1.0877,1.4401,0.59613,5.6700,-1.7047,0.43836
889.2000,5.8548,-1.0873,1.4405,0.59610,5.6701,-1.7066,0.43824
889.3000,5.8547,-1.0868,1.4406,0.59608,5.6701,-1.7078,0.43820
889.4000,5.8545,-1.0862,1.4405,0.59604,5.6698,-1.7085,0.43813
889.5000,5.8543,-1.0857,1.4401,0.59602,5.6695,-1.7086,0.43810
889.6000,5.8539,-1.0849,1.4396,0.59599,5.6694,-1.7084,0.43804
889.7000,5.8536,-1.0840,1.4390,0.59596,5.6692,-1.7081,0.43802
889.8000,5.8533,-1.0831,1.4383,0.59594,5.6687,-1.7081,0.43800
889.9000,5.8530,-1.0823,1.4376,0.59590,5.6678,-1.7084,0.43796
890.0000,5.8527,-1.0815,1.4369,0.59584,5.6664,-1.7089,0.43792
890.1000,5.8524,-1.0806,1.4362,0.59579,5.6646,-1.7088,0.43786
890.2000,5.8521,-1.0797,1.4356,0.59577,5.6626,-1.7079,0.43782
890.3000,5.8519,-1.0786,1.4350,0.59577,5.6611,-1.7068,0.43782
890.4000,5.8519,-1.0775,1.4345,0.59577,5.6600,-1.7054,0.43784
890.5000,5.8520,-1.0763,1.4340,0.59575,5.6595,-1.7041,0.43781
890.6000,5.8523,-1.0752,1.4332,0.59571,5.6594,-1.7028,0.43777
890.7000,5.8526,-1.0741,1.4322,0.59569,5.6597,-1.7015,0.43774
890.8000,5.8530,-1.0730,1.4308,0.59568,5.6605,-1.7003,0.43774
890.9000,5.8533,-1.0720,1.4293,0.59567,5.6615,-1.6992,0.43774
891.0000,5.8537,-1.0712,1.4278,0.59567,5.6625,-1.6977,0.43772
891.1000,5.8541,-1.0702,1.4260,0.59567,5.6638,-1.6958,0.43769
891.2000,5.8544,-1.0694,1.4243,0.59566,5.6655,-1.6939,0.43770
891.3000,5.8547,-1.0687,1.4229,0.59565,5.6671,-1.6923,0.43771
891.4000,5.8550,-1.0679,1.4214,0.59564,5.6684,-1.6910,0.43766
891.5000,5.8552,-1.0673,1.4203,0.59564,5.6701,-1.6887,0.43761
891.6000,5.8553,-1.0668,1.4195,0.59565,5.6715,-1.6861,0.43763
891.7000,5.8554,-1.0663,1.4190,0.59566,5.6725,-1.6830,0.43765
891.8000,5.8553,-1.0660,1.4187,0.59567,5.6730,-1.6799,0.43763
891.9000,5.8552,-1.0658,1.4187,0.59568,5.6731,-1.6768,0.43761
892.0000,5.8549,-1.0658,1.4189,0.59570,5.6726,-1.6743,0.43760
892.1000,5.8546,-1.0660,1.4194,0.59569,5.6716,-1.6716,0.43755
892.2000,5.8543,-1.0664,1.4202,0.59569,5.6705,-1.6690,0.43751
892.3000,5.8539,-1.0669,1.4213,0.59570,5.6695,-1.6666,0.43748
892.4000,5.8536,-1.0676,1.4226,0.59570,5.6691,-1.6635,0.43743
892.5000,5.8534,-1.0685,1.4243,0.59570,5.6693,-1.6605,0.43739
892.6040,5.8533,-1.0695,1.4260,0.59569,5.6699,-1.6578,0.43735
892.7000,5.8530,-1.0708,1.4280,0.59568,5.6710,-1.6558,0.43727
892.8000,5.8528,-1.0722,1.4300,0.59566,5.6727,-1.6547,0.43718
892.9000,5.8527,-1.0738,1.4321,0.59564,5.6751,-1.6549,0.43706
893.0000,5.8524,-1.0758,1.4345,0.59561,5.6775,-1.6560,0.43690
893.1000,5.8522,-1.0777,1.4367,0.59558,5.6802,-1.6575,0.43675
893.2000,5.8517,-1.0799,1.4389,0.59557,5.6828,-1.6594,0.43663
893.3000,5.8512,-1.0819,1.4409,0.59557,5.6849,-1.6616,0.43655
893.4000,5.8503,-1.0843,1.4427,0.59556,5.6863,-1.6637,0.43645
893.5000,5.8491,-1.0868,1.4441,0.59556,5.6864,-1.6658,0.43636
893.6000,5.8478,-1.0891,1.4452,0.59557,5.6857,-1.6683,0.43632
893.7000,5.8463,-1.0916,1.4459,0.59556,5.6839,-1.6713,0.43624
893.8000,5.8448,-1.0939,1.4463,0.59556,5.6806,-1.6748,0.43614
893.9000,5.8432,-1.0962,1.4465,0.59554,5.6762,-1.6781,0.43608
894.0000,5.8413,-1.0988,1.4464,0.59552,5.6719,-1.6807,0.43603
894.1000,5.8397,-1.1011,1.4462,0.59550,5.6668,-1.6833,0.43597
894.2000,5.8381,-1.1033,1.4458,0.59550,5.6620,-1.6854,0.43595
894.3000,5.8368,-1.1053,1.4452,0.59550,5.6582,-1.6874,0.43593
894.4000,5.8356,-1.1075,1.4444,0.59550,5.6557,-1.6898,0.43592
894.5000,5.8347,-1.1093,1.4438,0.59549,5.6539,-1.6926,0.43590
894.6000,5.8339,-1.1112,1.4431,0.59541,5.6524,-1.6953,0.43582
894.7000,5.8335,-1.1128,1.4426,0.59532,5.6516,-1.6983,0.43570
894.8000,5.8332,-1.1143,1.4423,0.59521,5.6515,-1.7013,0.43560
894.9000,5.8331,-1.1153,1.4423,0.59512,5.6512,-1.7040,0.43550
895.0000,5.8330,-1.1163,1.4425,0.59498,5.6501,-1.7065,0.43542
895.1000,5.8330,-1.1171,1.4428,0.59485,5.6491,-1.7092,0.43531
895.2000,5.8331,-1.1177,1.4434,0.59471,5.6486,-1.7119,0.43524
895.3000,5.8332,-1.1181,1.4442,0.59455,5.6488,-1.7147,0.43513
895.4000,5.8335,-1.1183,1.4452,0.59440,5.6493,-1.7173,0.43503
895.5000,5.8339,-1.1182,1.4460,0.59428,5.6502,-1.7193,0.43490
895.6000,5.8343,-1.1180,1.4469,0.59416,5.6518,-1.7212,0.43476
895.7000,5.8346,-1.1178,1.4475,0.59410,5.6542,-1.7227,0.43470
895.8000,5.8348,-1.1175,1.4478,0.59406,5.6563,-1.7239,0.43463
895.9000,5.8348,-1.1172,1.4478,0.59405,5.6581,-1.7247,0.43463
896.0040,5.8347,-1.1169,1.4475,0.59404,5.6593,-1.7256,0.43459
896.1000,5.8344,-1.1164,1.4469,0.59403,5.6598,-1.7258,0.43453
896.2040,5.8340,-1.1158,1.4461,0.59401,5.6599,-1.7253,0.43455
896.3000,5.8336,-1.1151,1.4453,0.59397,5.6604,-1.7243,0.43452
896.4000,5.8332,-1.1143,1.4443,0.59390,5.6614,-1.7231,0.43449
896.5000,5.8329,-1.1131,1.4433,0.59383,5.6623,-1.7216,0.43446
896.6000,5.8325,-1.1121,1.4424,0.59377,5.6624,-1.7202,0.43441
896.7000,5.8319,-1.1109,1.4415,0.59373,5.6621,-1.7191,0.43439
896.8000,5.8314,-1.1099,1.4407,0.59374,5.6618,-1.7181,0.43441
896.9000,5.8308,-1.1087,1.4400,0.59376,5.6617,-1.7175,0.43442
897.0000,5.8303,-1.1075,1.4395,0.59373,5.6621,-1.7176,0.43437
897.1000,5.8299,-1.1064,1.4390,0.59365,5.6637,-1.7179,0.43427
897.2000,5.8295,-1.1053,1.4385,0.59355,5.6661,-1.7182,0.43412
897.3000,5.8291,-1.1044,1.4380,0.59341,5.6688,-1.7188,0.43394
897.4040,5.8286,-1.1031,1.4371,0.59326,5.6708,-1.7191,0.43376
897.5000,5.8279,-1.1021,1.4362,0.59312,5.6720,-1.7188,0.43359
897.6000,5.8272,-1.1007,1.4351,0.59295,5.6724,-1.7181,0.43343
897.7000,5.8263,-1.0994,1.4342,0.59278,5.6725,-1.7170,0.43323
897.8000,5.8255,-1.0980,1.4334,0.59260,5.6728,-1.7157,0.43304
897.9000,5.8244,-1.0960,1.4327,0.59237,5.6734,-1.7142,0.43283
898.0000,5.8235,-1.0943,1.4324,0.59212,5.6733,-1.7116,0.43259
898.1000,5.8227,-1.0924,1.4323,0.59178,5.6725,-1.7090,0.43227
898.2000,5.8218,-1.0903,1.4326,0.59137,5.6704,-1.7063,0.43192
898.3000,5.8211,-1.0881,1.4332,0.59093,5.6677,-1.7037,0.43155
898.4000,5.8204,-1.0859,1.4341,0.59047,5.6656,-1.7010,0.43115
898.5000,5.8199,-1.0832,1.4354,0.58994,5.6639,-1.6975,0.43073
898.6000,5.8196,-1.0809,1.4368,0.58946,5.6630,-1.6938,0.43030
898.7000,5.8195,-1.0786,1.4383,0.58896,5.6628,-1.6891,0.42982
898.8000,5.8196,-1.0762,1.4398,0.58849,5.6630,-1.6840,0.42938
898.9000,5.8198,-1.0739,1.4414,0.58803,5.6630,-1.6785,0.42897
899.0000,5.8201,-1.0715,1.4431,0.58759,5.6626,-1.6728,0.42855
899.1000,5.8206,-1.0693,1.4448,0.58711,5.6615,-1.6685,0.42814
899.2000,5.8212,-1.0673,1.4466,0.58651,5.6598,-1.6652,0.42752
899.3000,5.8220,-1.0656,1.4482,0.58593,5.6588,-1.6630,0.42683
899.4000,5.8230,-1.0639,1.4501,0.58532,5.6580,-1.6621,0.42623
899.5000,5.8242,-1.0622,1.4522,0.58468,5.6571,-1.6616,0.42550
899.6000,5.8257,-1.0607,1.4542,0.58413,5.6566,-1.6614,0.42492
899.7000,5.8272,-1.0593,1.4562,0.58370,5.6557,-1.6611,0.42441
899.8000,5.8287,-1.0579,1.4582,0.58330,5.6546,-1.6618,0.42394
899.9000,5.8300,-1.0566,1.4602,0.58302,5.6542,-1.6628,0.42357
900.0000,5.8316,-1.0549,1.4625,0.58272,5.6545,-1.6635,0.42326
900.1000,5.8332,-1.0534,1.4648,0.58246,5.6555,-1.6635,0.42295
900.2000,5.8347,-1.0519,1.4668,0.58225,5.6568,-1.6634,0.42269
900.3000,5.8368,-1.0498,1.4694,0.58203,5.6584,-1.6637,0.42250
900.4000,5.8386,-1.0479,1.4715,0.58190,5.6605,-1.6637,0.42239
900.5000,5.8403,-1.0462,1.4735,0.58179,5.6628,-1.6626,0.42226
900.6000,5.8421,-1.0441,1.4756,0.58171,5.6640,-1.6603,0.42222
900.7000,5.8435,-1.0422,1.4771,0.58171,5.6646,-1.6571,0.42226
900.8000,5.8447,-1.0405,1.4784,0.58172,5.6648,-1.6530,0.42230
900.9000,5.8459,-1.0387,1.4796,0.58172,5.6647,-1.6491,0.42231
901.0000,5.8468,-1.0374,1.4805,0.58173,5.6650,-1.6456,0.42232
901.1000,5.8480,-1.0359,1.4814,0.58173,5.6654,-1.6409,0.42231
901.2000,5.8490,-1.0350,1.4820,0.58172,5.6659,-1.6376,0.42225
901.3000,5.8501,-1.0341,1.4827,0.58172,5.6662,-1.6348,0.42221
901.4000,5.8514,-1.0334,1.4836,0.58172,5.6668,-1.6329,0.42214
901.5000,5.8526,-1.0330,1.4845,0.58171,5.6679,-1.6320,0.42208
901.6000,5.8537,-1.0328,1.4854,0.58170,5.6689,-1.6320,0.42199
901.7000,5.8550,-1.0327,1.4865,0.58169,5.6699,-1.6325,0.42191
901.8000,5.8564,-1.0328,1.4876,0.58169,5.6704,-1.6333,0.42184
901.9000,5.8578,-1.0329,1.4890,0.58168,5.6708,-1.6342,0.42178
902.0000,5.8591,-1.0331,1.4902,0.58168,5.6716,-1.6349,0.42175
902.1000,5.8604,-1.0332,1.4914,0.58167,5.6727,-1.6353,0.42173
902.2000,5.8619,-1.0334,1.4929,0.58166,5.6745,-1.6352,0.42168
902.3000,5.8633,-1.0335,1.4946,0.58165,5.6768,-1.6352,0.42166
902.4000,5.8648,-1.0335,1.4963,0.58165,5.6793,-1.6347,0.42164
902.5000,5.8661,-1.0335,1.4979,0.58164,5.6812,-1.6341,0.42160
902.6000,5.8675,-1.0335,1.4998,0.58164,5.6830,-1.6338,0.42162
902.7000,5.8687,-1.0335,1.5014,0.58163,5.6840,-1.6339,0.42159
902.8000,5.8700,-1.0336,1.5028,0.58163,5.6843,-1.6341,0.42157
902.9000,5.8711,-1.0337,1.5039,0.58163,5.6843,-1.6346,0.42156
903.0000,5.8719,-1.0338,1.5047,0.58163,5.6841,-1.6349,0.42157
903.1000,5.8729,-1.0340,1.5052,0.58163,5.6843,-1.6348,0.42153
903.2000,5.8737,-1.0341,1.5055,0.58163,5.6849,-1.6339,0.42148
903.3000,5.8746,-1.0342,1.5055,0.58163,5.6858,-1.6323,0.42146
903.4000,5.8754,-1.0343,1.5054,0.58164,5.6870,-1.6298,0.42148
903.5000,5.8763,-1.0344,1.5050,0.58165,5.6881,-1.6269,0.42149
903.6000,5.8773,-1.0346,1.5044,0.58163,5.6891,-1.6247,0.42149
903.7000,5.8782,-1.0348,1.5037,0.58161,5.6899,-1.6233,0.42146
903.8000,5.8790,-1.0351,1.5030,0.58159,5.6908,-1.6226,0.42140
903.9000,5.8799,-1.0356,1.5021,0.58158,5.6920,-1.6227,0.42137
904.0000,5.8809,-1.0363,1.5010,0.58155,5.6939,-1.6233,0.42130
904.1000,5.8817,-1.0370,1.5001,0.58152,5.6960,-1.6247,0.42120
904.2000,5.8825,-1.0379,1.4993,0.58151,5.6982,-1.6268,0.42111
904.3000,5.8834,-1.0389,1.4985,0.58148,5.7007,-1.6294,0.42103
904.4000,5.8840,-1.0396,1.4981,0.58147,5.7034,-1.6324,0.42097
904.5000,5.8846,-1.0405,1.4978,0.58147,5.7059,-1.6355,0.42089
904.6000,5.8850,-1.0413,1.4978,0.58147,5.7080,-1.6386,0.42088
904.7000,5.8852,-1.0421,1.4978,0.58148,5.7102,-1.6422,0.42083
904.8000,5.8852,-1.0428,1.4980,0.58148,5.7115,-1.6458,0.42086
904.9000,5.8850,-1.0432,1.4983,0.58150,5.7116,-1.6493,0.42086
905.0000,5.8846,-1.0435,1.4985,0.58150,5.7114,-1.6517,0.42086
905.1000,5.8839,-1.0437,1.4987,0.58151,5.7115,-1.6530,0.42088
905.2000,5.8831,-1.0437,1.4988,0.58152,5.7121,-1.6534,0.42087
905.3000,5.8822,-1.0437,1.4989,0.58154,5.7130,-1.6532,0.42088
905.4000,5.8811,-1.0435,1.4989,0.58156,5.7137,-1.6526,0.42090
905.5000,5.8799,-1.0432,1.4987,0.58158,5.7140,-1.6525,0.42094
905.6000,5.8787,-1.0429,1.4983,0.58160,5.7139,-1.6529,0.42094
905.7000,5.8774,-1.0425,1.4977,0.58161,5.7129,-1.6535,0.42096
905.8000,5.8760,-1.0422,1.4971,0.58163,5.7114,-1.6540,0.42095
905.9000,5.8744,-1.0417,1.4965,0.58167,5.7090,-1.6550,0.42100
906.0000,5.8727,-1.0413,1.4959,0.58171,5.7063,-1.6561,0.42105
906.1000,5.8711,-1.0410,1.4953,0.58175,5.7028,-1.6575,0.42112
906.2000,5.8693,-1.0406,1.4948,0.58178,5.6994,-1.6589,0.42113
906.3000,5.8678,-1.0402,1.4943,0.58182,5.6963,-1.6598,0.42117
906.4000,5.8665,-1.0397,1.4939,0.58186,5.6924,-1.6604,0.42118
906.5000,5.8650,-1.0392,1.4933,0.58191,5.6895,-1.6608,0.42123
906.6000,5.8637,-1.0385,1.4929,0.58195,5.6865,-1.6611,0.42130
906.7000,5.8627,-1.0379,1.4926,0.58198,5.6824,-1.6606,0.42135
906.8000,5.8617,-1.0371,1.4921,0.58201,5.6785,-1.6597,0.42141
906.9000,5.8610,-1.0363,1.4910,0.58203,5.6751,-1.6589,0.42147
907.0000,5.8603,-1.0355,1.4891,0.58204,5.6711,-1.6579,0.42153
907.1000,5.8598,-1.0348,1.4865,0.58205,5.6682,-1.6572,0.42157
907.2000,5.8594,-1.0340,1.4826,0.58203,5.6659,-1.6563,0.42159
907.3040,5.8592,-1.0333,1.4792,0.58201,5.6643,-1.6551,0.42159
907.4000,5.8593,-1.0325,1.4751,0.58199,5.6636,-1.6536,0.42156
907.5000,5.8595,-1.0317,1.4716,0.58198,5.6633,-1.6515,0.42154
907.6000,5.8600,-1.0309,1.4675,0.58198,5.6633,-1.6494,0.42157
907.7000,5.8605,-1.0301,1.4638,0.58198,5.6635,-1.6479,0.42157
907.8000,5.8611,-1.0295,1.4599,0.58198,5.6645,-1.6471,0.42156
907.9000,5.8619,-1.0290,1.4562,0.58197,5.6663,-1.6459,0.42150
908.0000,5.8628,-1.0284,1.4523,0.58198,5.6672,-1.6443,0.42147
908.1000,5.8637,-1.0278,1.4484,0.58199,5.6678,-1.6414,0.42147
908.2000,5.8647,-1.0273,1.4453,0.58202,5.6685,-1.6384,0.42153
908.3000,5.8658,-1.0266,1.4418,0.58207,5.6704,-1.6340,0.42161
908.4000,5.8668,-1.0260,1.4390,0.58210,5.6721,-1.6305,0.42168
908.5000,5.8677,-1.0255,1.4364,0.58213,5.6744,-1.6274,0.42175
908.6000,5.8689,-1.0252,1.4336,0.58212,5.6771,-1.6248,0.42172
908.7000,5.8700,-1.0252,1.4313,0.58209,5.6805,-1.6222,0.42169
908.8000,5.8711,-1.0253,1.4293,0.58207,5.6847,-1.6200,0.42164
908.9000,5.8722,-1.0257,1.4269,0.58205,5.6885,-1.6190,0.42158
909.0000,5.8731,-1.0261,1.4250,0.58203,5.6928,-1.6193,0.42150
909.1000,5.8740,-1.0268,1.4229,0.58200,5.6962,-1.6209,0.42143
909.2000,5.8748,-1.0277,1.4210,0.58196,5.6995,-1.6236,0.42130
909.3000,5.8753,-1.0286,1.4193,0.58193,5.7017,-1.6267,0.42117
909.4000,5.8757,-1.0297,1.4177,0.58190,5.7029,-1.6296,0.42106
909.5000,5.8759,-1.0308,1.4164,0.58189,5.7034,-1.6309,0.42101
909.6000,5.8759,-1.0318,1.4152,0.58190,5.7034,-1.6311,0.42102
909.7000,5.8758,-1.0326,1.4144,0.58191,5.7032,-1.6304,0.42104
909.8000,5.8755,-1.0335,1.4134,0.58194,5.7032,-1.6285,0.42106
909.9000,5.8751,-1.0345,1.4123,0.58195,5.7034,-1.6254,0.42108
910.0000,5.8748,-1.0353,1.4113,0.58194,5.7039,-1.6228,0.42107
910.1000,5.8743,-1.0364,1.4102,0.58193,5.7042,-1.6208,0.42105
910.2000,5.8739,-1.0377,1.4089,0.58189,5.7041,-1.6197,0.42101
910.3000,5.8734,-1.0390,1.4078,0.58186,5.7035,-1.6198,0.42092
910.4000,5.8729,-1.0405,1.4067,0.58182,5.7023,-1.6209,0.42086
910.5000,5.8722,-1.0423,1.4055,0.58181,5.7009,-1.6222,0.42080
910.6000,5.8717,-1.0439,1.4046,0.58180,5.6995,-1.6237,0.42075
910.7000,5.8711,-1.0456,1.4039,0.58180,5.6986,-1.6258,0.42070
910.8000,5.8707,-1.0470,1.4036,0.58179,5.6992,-1.6280,0.42067
910.9000,5.8702,-1.0486,1.4036,0.58179,5.7009,-1.6304,0.42061
911.0000,5.8699,-1.0498,1.4040,0.58177,5.7033,-1.6323,0.42058
911.1000,5.8695,-1.0511,1.4048,0.58175,5.7067,-1.6340,0.42053
911.2000,5.8692,-1.0522,1.4061,0.58173,5.7103,-1.6350,0.42050
911.3000,5.8687,-1.0533,1.4078,0.58173,5.7131,-1.6357,0.42049
911.4000,5.8679,-1.0543,1.4100,0.58174,5.7155,-1.6364,0.42050
911.5000,5.8669,-1.0554,1.4127,0.58173,5.7175,-1.6374,0.42048
911.6000,5.8658,-1.0563,1.4152,0.58173,5.7183,-1.6388,0.42046
911.7000,5.8646,-1.0572,1.4177,0.58173,5.7188,-1.6409,0.42048
911.8000,5.8628,-1.0583,1.4210,0.58173,5.7191,-1.6425,0.42050
911.9000,5.8610,-1.0593,1.4238,0.58172,5.7192,-1.6440,0.42048
912.0000,5.8592,-1.0603,1.4265,0.58172,5.7190,-1.6455,0.42046
912.1000,5.8571,-1.0612,1.4292,0.58172,5.7184,-1.6470,0.42048
912.2000,5.8549,-1.0622,1.4319,0.58172,5.7174,-1.6486,0.42044
912.3000,5.8526,-1.0631,1.4345,0.58173,5.7159,-1.6504,0.42043
912.4000,5.8502,-1.0640,1.4370,0.58172,5.7142,-1.6527,0.42044
912.5000,5.8478,-1.0649,1.4394,0.58171,5.7127,-1.6549,0.42043
912.6000,5.8451,-1.0659,1.4418,0.58171,5.7110,-1.6576,0.42042
912.7000,5.8423,-1.0667,1.4440,0.58172,5.7088,-1.6601,0.42045
912.8000,5.8398,-1.0675,1.4459,0.58172,5.7060,-1.6622,0.42041
912.9000,5.8370,-1.0682,1.4478,0.58173,5.7023,-1.6636,0.42044
913.0000,5.8341,-1.0690,1.4497,0.58175,5.6972,-1.6642,0.42050
913.1000,5.8310,-1.0696,1.4515,0.58179,5.6920,-1.6646,0.42057
913.2000,5.8284,-1.0702,1.4530,0.58181,5.6866,-1.6654,0.42065
913.3000,5.8254,-1.0708,1.4550,0.58176,5.6812,-1.6663,0.42060
913.4000,5.8228,-1.0714,1.4569,0.58165,5.6763,-1.6669,0.42052
913.5040,5.8205,-1.0719,1.4589,0.58154,5.6714,-1.6672,0.42043
913.6000,5.8185,-1.0723,1.4608,0.58142,5.6669,-1.6676,0.42029
913.7000,5.8167,-1.0726,1.4628,0.58124,5.6625,-1.6679,0.42014
913.8000,5.8155,-1.0726,1.4644,0.58099,5.6579,-1.6676,0.41994
913.9000,5.8145,-1.0724,1.4659,0.58060,5.6531,-1.6661,0.41959
914.0000,5.8140,-1.0720,1.4672,0.58005,5.6496,-1.6642,0.41917
914.1000,5.8140,-1.0714,1.4680,0.57947,5.6470,-1.6628,0.41864
914.2000,5.8145,-1.0707,1.4686,0.57886,5.6450,-1.6623,0.41800
914.3000,5.8154,-1.0700,1.4688,0.57825,5.6437,-1.6628,0.41732
914.4000,5.8166,-1.0693,1.4685,0.57767,5.6427,-1.6634,0.41673
914.5000,5.8181,-1.0686,1.4676,0.57709,5.6421,-1.6632,0.41616
914.6000,5.8199,-1.0678,1.4665,0.57658,5.6420,-1.6619,0.41571
914.7000,5.8216,-1.0669,1.4652,0.57614,5.6421,-1.6602,0.41535
914.8000,5.8237,-1.0660,1.4640,0.57573,5.6427,-1.6580,0.41495
914.9000,5.8260,-1.0649,1.4627,0.57533,5.6435,-1.6565,0.41456
915.0000,5.8287,-1.0640,1.4616,0.57495,5.6444,-1.6559,0.41425
915.1000,5.8310,-1.0632,1.4609,0.57470,5.6450,-1.6560,0.41393
915.2000,5.8333,-1.0626,1.4606,0.57451,5.6452,-1.6569,0.41370
915.3000,5.8359,-1.0620,1.4606,0.57433,5.6455,-1.6584,0.41347
915.4000,5.8385,-1.0616,1.4609,0.57419,5.6464,-1.6599,0.41329
915.5040,5.8410,-1.0611,1.4613,0.57411,5.6476,-1.6609,0.41321
915.6000,5.8430,-1.0608,1.4617,0.57406,5.6491,-1.6620,0.41310
915.7000,5.8455,-1.0605,1.4624,0.57403,5.6504,-1.6628,0.41303
915.8000,5.8475,-1.0603,1.4631,0.57405,5.6512,-1.6631,0.41302
915.9000,5.8495,-1.0601,1.4639,0.57407,5.6522,-1.6630,0.41304
916.0000,5.8515,-1.0598,1.4646,0.57409,5.6535,-1.6629,0.41306
916.1000,5.8535,-1.0596,1.4653,0.57412,5.6554,-1.6629,0.41309
916.2000,5.8553,-1.0595,1.4659,0.57413,5.6575,-1.6623,0.41308
916.3000,5.8573,-1.0594,1.4664,0.57414,5.6594,-1.6611,0.41308
916.4000,5.8589,-1.0593,1.4668,0.57416,5.6613,-1.6602,0.41307
916.5000,5.8608,-1.0593,1.4673,0.57416,5.6635,-1.6597,0.41309
916.6000,5.8623,-1.0594,1.4675,0.57415,5.6655,-1.6596,0.41308
916.7000,5.8641,-1.0595,1.4676,0.57414,5.6673,-1.6595,0.41304
916.8000,5.8658,-1.0597,1.4676,0.57412,5.6687,-1.6593,0.41301
916.9000,5.8676,-1.0599,1.4673,0.57411,5.6699,-1.6586,0.41300
917.0000,5.8691,-1.0602,1.4669,0.57411,5.6710,-1.6577,0.41297
917.1000,5.8708,-1.0604,1.4663,0.57410,5.6719,-1.6566,0.41298
917.2000,5.8721,-1.0607,1.4657,0.57411,5.6731,-1.6548,0.41297
917.3000,5.8737,-1.0609,1.4649,0.57413,5.6746,-1.6522,0.41298
917.4000,5.8752,-1.0612,1.4639,0.57414,5.6768,-1.6493,0.41297
917.5000,5.8766,-1.0615,1.4629,0.57415,5.6793,-1.6477,0.41294
917.6000,5.8783,-1.0620,1.4616,0.57416,5.6829,-1.6472,0.41291
917.7000,5.8795,-1.0625,1.4606,0.57415,5.6867,-1.6476,0.41286
917.8000,5.8809,-1.0634,1.4594,0.57414,5.6910,-1.6483,0.41282
917.9000,5.8819,-1.0642,1.4585,0.57413,5.6946,-1.6491,0.41275
918.0000,5.8830,-1.0651,1.4575,0.57414,5.6975,-1.6504,0.41270
918.1000,5.8838,-1.0662,1.4567,0.57415,5.6993,-1.6516,0.41268
918.2000,5.8844,-1.0673,1.4559,0.57416,5.7002,-1.6527,0.41267
918.3000,5.8848,-1.0683,1.4553,0.57418,5.6996,-1.6539,0.41270
918.4000,5.8850,-1.0693,1.4548,0.57419,5.6977,-1.6555,0.41272
918.5000,5.8851,-1.0705,1.4545,0.57421,5.6951,-1.6571,0.41276
918.6000,5.8852,-1.0715,1.4543,0.57422,5.6927,-1.6587,0.41276
918.7000,5.8853,-1.0725,1.4542,0.57422,5.6908,-1.6604,0.41277
918.8000,5.8855,-1.0735,1.4544,0.57422,5.6894,-1.6619,0.41275
918.9000,5.8858,-1.0744,1.4547,0.57421,5.6889,-1.6626,0.41273
919.0000,5.8862,-1.0753,1.4552,0.57420,5.6891,-1.6625,0.41269
919.1000,5.8867,-1.0761,1.4559,0.57419,5.6897,-1.6614,0.41266
919.2000,5.8874,-1.0769,1.4569,0.57418,5.6912,-1.6588,0.41261
919.3000,5.8879,-1.0777,1.4579,0.57419,5.6926,-1.6564,0.41259
919.4000,5.8886,-1.0787,1.4590,0.57420,5.6950,-1.6537,0.41260
919.5000,5.8892,-1.0797,1.4600,0.57422,5.6967,-1.6521,0.41262
919.6000,5.8897,-1.0808,1.4608,0.57423,5.6982,-1.6514,0.41258
919.7000,5.8901,-1.0822,1.4614,0.57423,5.7000,-1.6516,0.41255
919.8000,5.8905,-1.0838,1.4619,0.57422,5.7016,-1.6526,0.41251
919.9000,5.8909,-1.0856,1.4623,0.57419,5.7028,-1.6551,0.41243
920.0000,5.8911,-1.0873,1.4626,0.57417,5.7038,-1.6588,0.41235
920.1000,5.8912,-1.0893,1.4630,0.57415,5.7048,-1.6632,0.41229
920.2000,5.8912,-1.0913,1.4634,0.57413,5.7056,-1.6672,0.41222
920.3000,5.8910,-1.0933,1.4638,0.57416,5.7058,-1.6714,0.41223
920.4000,5.8907,-1.0949,1.4644,0.57418,5.7055,-1.6755,0.41221
920.5000,5.8904,-1.0966,1.4651,0.57419,5.7047,-1.6797,0.41224
920.6000,5.8900,-1.0978,1.4659,0.57420,5.7037,-1.6838,0.41225
920.7000,5.8894,-1.0991,1.4668,0.57422,5.7024,-1.6873,0.41230
920.8000,5.8888,-1.1004,1.4680,0.57424,5.7009,-1.6906,0.41233
920.9000,5.8882,-1.1013,1.4690,0.57426,5.6994,-1.6941,0.41238
921.0000,5.8875,-1.1021,1.4698,0.57428,5.6978,-1.6979,0.41244
921.1000,5.8867,-1.1029,1.4707,0.57428,5.6963,-1.7014,0.41246
921.2000,5.8859,-1.1035,1.4714,0.57428,5.6950,-1.7041,0.41251
921.3000,5.8852,-1.1039,1.4719,0.57428,5.6935,-1.7069,0.41257
921.4000,5.8845,-1.1042,1.4720,0.57427,5.6920,-1.7093,0.41260
921.5000,5.8838,-1.1043,1.4720,0.57427,5.6901,-1.7116,0.41262
921.6000,5.8829,-1.1043,1.4717,0.57427,5.6882,-1.7139,0.41263
921.7000,5.8823,-1.1042,1.4712,0.57428,5.6864,-1.7156,0.41267
921.8000,5.8817,-1.1038,1.4704,0.57430,5.6843,-1.7172,0.41274
921.9000,5.8812,-1.1034,1.4696,0.57432,5.6821,-1.7182,0.41278
922.0000,5.8807,-1.1027,1.4683,0.57435,5.6791,-1.7188,0.41288
922.1000,5.8805,-1.1020,1.4671,0.57438,5.6764,-1.7191,0.41299
922.2000,5.8803,-1.1009,1.4655,0.57439,5.6736,-1.7189,0.41304
922.3000,5.8804,-1.0998,1.4639,0.57440,5.6717,-1.7176,0.41311
922.4000,5.8807,-1.0986,1.4623,0.57443,5.6708,-1.7150,0.41316
922.5000,5.8812,-1.0972,1.4606,0.57446,5.6706,-1.7120,0.41322
922.6000,5.8817,-1.0959,1.4590,0.57447,5.6716,-1.7087,0.41325
922.7000,5.8824,-1.0946,1.4576,0.57448,5.6738,-1.7049,0.41326
922.8000,5.8832,-1.0933,1.4563,0.57448,5.6769,-1.7017,0.41321
922.9000,5.8840,-1.0922,1.4553,0.57447,5.6804,-1.6987,0.41316
923.0000,5.8847,-1.0912,1.4543,0.57446,5.6827,-1.6962,0.41311
923.1000,5.8854,-1.0904,1.4537,0.57445,5.6842,-1.6943,0.41306
923.2000,5.8858,-1.0898,1.4533,0.57445,5.6851,-1.6931,0.41307
923.3000,5.8861,-1.0892,1.4531,0.57444,5.6859,-1.6923,0.41304
923.4000,5.8863,-1.0888,1.4532,0.57444,5.6863,-1.6917,0.41300
923.5000,5.8865,-1.0883,1.4535,0.57445,5.6866,-1.6915,0.41296
923.6000,5.8866,-1.0879,1.4538,0.57447,5.6870,-1.6919,0.41297
923.7000,5.8866,-1.0876,1.4540,0.57448,5.6875,-1.6925,0.41293
923.8000,5.8866,-1.0873,1.4541,0.57450,5.6881,-1.6926,0.41295
923.9040,5.8866,-1.0869,1.4539,0.57453,5.6886,-1.6923,0.41300
924.0000,5.8866,-1.0865,1.4536,0.57455,5.6892,-1.6919,0.41303
924.1000,5.8865,-1.0861,1.4532,0.57456,5.6897,-1.6916,0.41302
924.2000,5.8865,-1.0857,1.4527,0.57457,5.6901,-1.6916,0.41302
924.3000,5.8865,-1.0853,1.4523,0.57458,5.6904,-1.6918,0.41306
924.4000,5.8864,-1.0849,1.4520,0.57458,5.6907,-1.6919,0.41308
924.5000,5.8864,-1.0845,1.4518,0.57458,5.6910,-1.6923,0.41309
924.6000,5.8864,-1.0841,1.4518,0.57458,5.6917,-1.6924,0.41311
924.7000,5.8864,-1.0836,1.4520,0.57458,5.6927,-1.6926,0.41310
924.8000,5.8864,-1.0832,1.4524,0.57457,5.6936,-1.6932,0.41311
924.9000,5.8864,-1.0829,1.4531,0.57455,5.6943,-1.6931,0.41310
925.0000,5.8863,-1.0826,1.4540,0.57454,5.6948,-1.6924,0.41308
925.1000,5.8863,-1.0822,1.4552,0.57455,5.6957,-1.6909,0.41311
925.2000,5.8862,-1.0819,1.4566,0.57456,5.6969,-1.6880,0.41312
925.3000,5.8861,-1.0816,1.4581,0.57456,5.6978,-1.6848,0.41315
925.4000,5.8859,-1.0814,1.4596,0.57457,5.6978,-1.6817,0.41317
925.5000,5.8858,-1.0815,1.4611,0.57457,5.6976,-1.6796,0.41318
925.6000,5.8856,-1.0817,1.4626,0.57457,5.6974,-1.6789,0.41315
925.7000,5.8855,-1.0822,1.4641,0.57456,5.6974,-1.6792,0.41311
925.8000,5.8854,-1.0828,1.4656,0.57455,5.6980,-1.6796,0.41304
925.9000,5.8853,-1.0837,1.4670,0.57454,5.6996,-1.6803,0.41296
926.0000,5.8853,-1.0846,1.4682,0.57452,5.7017,-1.6813,0.41289
926.1000,5.8853,-1.0856,1.4690,0.57450,5.7039,-1.6830,0.41281
926.2000,5.8852,-1.0868,1.4696,0.57448,5.7055,-1.6855,0.41275
926.3000,5.8851,-1.0880,1.4698,0.57446,5.7064,-1.6885,0.41270
926.4000,5.8850,-1.0893,1.4696,0.57444,5.7069,-1.6913,0.41263
926.5000,5.8847,-1.0903,1.4690,0.57444,5.7073,-1.6942,0.41263
926.6000,5.8845,-1.0914,1.4681,0.57443,5.7079,-1.6974,0.41262
926.7000,5.8841,-1.0924,1.4669,0.57441,5.7084,-1.7007,0.41259
926.8000,5.8836,-1.0935,1.4653,0.57439,5.7089,-1.7039,0.41259
926.9000,5.8832,-1.0942,1.4640,0.57438,5.7095,-1.7063,0.41257
927.0000,5.8828,-1.0948,1.4625,0.57438,5.7102,-1.7082,0.41255
927.1000,5.8823,-1.0953,1.4608,0.57439,5.7105,-1.7095,0.41258
927.2000,5.8818,-1.0957,1.4592,0.57441,5.7106,-1.7107,0.41265
927.3000,5.8812,-1.0960,1.4572,0.57441,5.7103,-1.7118,0.41271
927.4000,5.8805,-1.0963,1.4552,0.57441,5.7093,-1.7124,0.41277
927.5000,5.8797,-1.0964,1.4534,0.57439,5.7074,-1.7125,0.41282
927.6000,5.8788,-1.0966,1.4517,0.57435,5.7051,-1.7125,0.41284
927.7000,5.8780,-1.0968,1.4502,0.57431,5.7029,-1.7128,0.41284
927.8000,5.8771,-1.0970,1.4490,0.57427,5.7008,-1.7136,0.41286
927.9000,5.8763,-1.0972,1.4482,0.57424,5.6997,-1.7145,0.41285
928.0000,5.8754,-1.0975,1.4475,0.57421,5.6991,-1.7154,0.41278
928.1000,5.8747,-1.0977,1.4472,0.57420,5.6984,-1.7160,0.41277
928.2000,5.8740,-1.0979,1.4471,0.57419,5.6977,-1.7166,0.41276
928.3000,5.8732,-1.0981,1.4471,0.57419,5.6972,-1.7169,0.41276
928.4000,5.8724,-1.0982,1.4473,0.57420,5.6972,-1.7167,0.41276
928.5000,5.8717,-1.0983,1.4474,0.57422,5.6975,-1.7157,0.41275
928.6000,5.8709,-1.0984,1.4475,0.57424,5.6978,-1.7139,0.41277
928.7000,5.8699,-1.0984,1.4475,0.57427,5.6986,-1.7112,0.41280
928.8000,5.8689,-1.0985,1.4475,0.57428,5.6998,-1.7091,0.41279
928.9000,5.8679,-1.0987,1.4474,0.57428,5.7009,-1.7069,0.41279
929.0000,5.8668,-1.0989,1.4472,0.57428,5.7016,-1.7050,0.41278
929.1000,5.8655,-1.0992,1.4468,0.57428,5.7017,-1.7034,0.41279
929.2000,5.8643,-1.0996,1.4463,0.57427,5.7014,-1.7023,0.41275
929.3000,5.8628,-1.1001,1.4457,0.57426,5.7011,-1.7016,0.41274
929.4000,5.8615,-1.1006,1.4451,0.57426,5.7010,-1.7012,0.41272
929.5000,5.8598,-1.1012,1.4442,0.57427,5.7005,-1.7011,0.41273
929.6000,5.8582,-1.1018,1.4434,0.57426,5.6997,-1.7018,0.41273
929.7000,5.8565,-1.1024,1.4424,0.57426,5.6989,-1.7029,0.41270
929.8000,5.8546,-1.1031,1.4414,0.57426,5.6981,-1.7041,0.41266
929.9000,5.8527,-1.1037,1.4406,0.57427,5.6972,-1.7047,0.41266
930.0000,5.8507,-1.1042,1.4400,0.57429,5.6960,-1.7050,0.41267
930.1000,5.8491,-1.1046,1.4396,0.57430,5.6946,-1.7053,0.41270
930.2000,5.8468,-1.1051,1.4393,0.57431,5.6923,-1.7052,0.41274
930.3000,5.8445,-1.1055,1.4392,0.57433,5.6904,-1.7050,0.41277
930.4000,5.8424,-1.1058,1.4394,0.57434,5.6886,-1.7042,0.41277
930.5000,5.8402,-1.1062,1.4398,0.57435,5.6866,-1.7031,0.41277
930.6000,5.8380,-1.1065,1.4402,0.57437,5.6836,-1.7020,0.41281
930.7000,5.8358,-1.1068,1.4406,0.57445,5.6797,-1.7013,0.41287
930.8000,5.8338,-1.1072,1.4411,0.57628,5.6761,-1.7015,0.41423
930.9000,5.8312,-1.1078,1.4428,0.59191,5.6713,-1.7024,0.42902
931.0000,5.8296,-1.1087,1.4448,0.62312,5.6672,-1.7040,0.45924
931.1000,5.8288,-1.1100,1.4463,0.66902,5.6632,-1.7059,0.50865
931.2000,5.8288,-1.1116,1.4472,0.72877,5.6598,-1.7077,0.56601
931.3000,5.8292,-1.1131,1.4474,0.79742,5.6569,-1.7093,0.63457
931.4000,5.8295,-1.1143,1.4473,0.85433,5.6547,-1.7101,0.69394
931.5000,5.8293,-1.1152,1.4471,0.91049,5.6524,-1.7099,0.74490
931.6000,5.8284,-1.1152,1.4466,0.94375,5.6496,-1.7095,0.77829
931.7000,5.8271,-1.1148,1.4459,0.96489,5.6464,-1.7094,0.80044
931.8000,5.8254,-1.1141,1.4448,0.97868,5.6423,-1.7098,0.81543
931.9000,5.8236,-1.1135,1.4435,0.98698,5.6388,-1.7104,0.82359
932.0000,5.8220,-1.1131,1.4420,0.99112,5.6355,-1.7107,0.82845
932.1000,5.8207,-1.1130,1.4406,0.99306,5.6330,-1.7107,0.83063
932.2000,5.8193,-1.1130,1.4387,0.99403,5.6313,-1.7106,0.83152
932.3000,5.8184,-1.1133,1.4372,0.99403,5.6301,-1.7100,0.83162
932.4000,5.8177,-1.1137,1.4357,0.99365,5.6294,-1.7096,0.83123
932.5000,5.8173,-1.1144,1.4344,0.99305,5.6292,-1.7096,0.83066
932.6000,5.8170,-1.1151,1.4333,0.99240,5.6296,-1.7097,0.82993
932.7040,5.8170,-1.1161,1.4323,0.99171,5.6305,-1.7096,0.82931
932.8000,5.8169,-1.1171,1.4315,0.99109,5.6317,-1.7097,0.82863
932.9000,5.8169,-1.1181,1.4308,0.99056,5.6332,-1.7105,0.82798
933.0000,5.8169,-1.1196,1.4300,0.98984,5.6351,-1.7122,0.82736
933.1000,5.8170,-1.1207,1.4296,0.98932,5.6375,-1.7151,0.82674
933.2000,5.8171,-1.1220,1.4292,0.98878,5.6404,-1.7191,0.82604
933.3040,5.8172,-1.1236,1.4291,0.98818,5.6430,-1.7231,0.82544
933.4000,5.8171,-1.1249,1.4291,0.98771,5.6449,-1.7263,0.82494
933.5000,5.8170,-1.1265,1.4294,0.98715,5.6466,-1.7296,0.82436
933.6000,5.8166,-1.1277,1.4298,0.98673,5.6474,-1.7320,0.82389
933.7000,5.8161,-1.1289,1.4304,0.98632,5.6474,-1.7334,0.82352
933.8000,5.8156,-1.1298,1.4311,0.98599,5.6465,-1.7339,0.82320
933.9000,5.8147,-1.1308,1.4320,0.98561,5.6445,-1.7342,0.82291
934.0000,5.8140,-1.1317,1.4329,0.98530,5.6417,-1.6251,0.88189
934.1000,5.8131,-1.1325,1.4340,0.98498,5.6387,-1.6256,0.88162
934.2000,5.8123,-1.1334,1.4354,0.98464,5.6363,-1.6254,0.88136
934.3000,5.8117,-1.1342,1.4368,0.98432,5.6343,-1.6254,0.88106
934.4000,5.8112,-1.1350,1.4383,0.98400,5.6326,-1.6256,0.88072
934.5000,5.8109,-1.1360,1.4398,0.98366,5.6308,-1.6256,0.88045
934.6000,5.8108,-1.1369,1.4409,0.98337,5.6292,-1.6262,0.88012
934.7000,5.8107,-1.1378,1.4418,0.98312,5.6284,-1.6273,0.87986
934.8000,5.8107,-1.1388,1.4426,0.98286,5.6280,-1.6295,0.87960
934.9000,5.8108,-1.1398,1.4430,0.98265,5.6280,-1.6325,0.87932
935.0000,5.8110,-1.1409,1.4435,0.98239,5.6283,-1.6356,0.87904
935.1000,5.8114,-1.1419,1.4439,0.98217,5.6284,-1.6383,0.87884
935.2000,5.8118,-1.1429,1.4442,0.98197,5.6277,-1.6419,0.87862
935.3000,5.8122,-1.1438,1.4446,0.98178,5.6263,-1.6452,0.87838
935.4000,5.8125,-1.1445,1.4449,0.98159,5.6246,-1.6475,0.87819
935.5000,5.8129,-1.1451,1.4452,0.98142,5.6231,-1.6488,0.87803
935.6000,5.8134,-1.1455,1.4457,0.98126,5.6218,-1.6491,0.87790
935.7000,5.8140,-1.1457,1.4461,0.98112,5.6202,-1.6490,0.87786
935.8000,5.8147,-1.1457,1.4467,0.98097,5.6189,-1.6486,0.87781
935.9000,5.8155,-1.1457,1.4472,0.98082,5.6174,-1.6481,0.87772
936.0000,5.8166,-1.1456,1.4478,0.98065,5.6159,-1.6470,0.87761
936.1000,5.8178,-1.1453,1.4485,0.98051,5.6149,-1.6454,0.87751
936.2000,5.8191,-1.1453,1.4492,0.98037,5.6145,-1.6435,0.87741
936.3000,5.8202,-1.1458,1.4500,0.98019,5.6151,-1.6412,0.87727
936.4000,5.8221,-1.1456,1.4508,0.98005,5.6169,-1.6391,0.87717
936.5000,5.8248,-1.1442,1.4513,0.97972,5.6205,-1.6372,0.87682
936.6000,5.8279,-1.1422,1.4517,0.97921,5.6252,-1.6355,0.87629
936.7000,5.8324,-1.1388,1.4521,0.97828,5.6302,-1.6329,0.87551
936.8040,5.8376,-1.1345,1.4525,0.97713,5.6350,-1.6296,0.87469
936.9000,5.8424,-1.1301,1.4528,0.97600,5.6416,-1.6240,0.87362
937.0000,5.8477,-1.1251,1.4530,0.97473,5.6484,-1.6179,0.87257
937.1000,5.8525,-1.1204,1.4533,0.97357,5.6548,-1.6123,0.87152
937.2000,5.8574,-1.1155,1.4535,0.97242,5.6614,-1.6064,0.87043
937.3000,5.8622,-1.1106,1.4539,0.97139,5.6668,-1.6012,0.86947
937.4000,5.8667,-1.1059,1.4544,0.97054,5.6717,-1.5968,0.86872
937.5000,5.8711,-1.1013,1.4550,0.96986,5.6774,-1.5921,0.86795
937.6000,5.8750,-1.0970,1.4557,0.96936,5.6817,-1.5884,0.86740
937.7000,5.8784,-1.0936,1.4563,0.96902,5.6853,-1.5852,0.86700
937.8000,5.8814,-1.0907,1.4570,0.96879,5.6889,-1.5822,0.86671
937.9000,5.8839,-1.0883,1.4575,0.96864,5.6928,-1.5798,0.86647
938.0000,5.8861,-1.0863,1.4580,0.96855,5.6974,-1.5775,0.86626
938.1000,5.8882,-1.0846,1.4584,0.96849,5.7020,-1.5759,0.86606
938.2000,5.8902,-1.0831,1.4586,0.96845,5.7063,-1.5749,0.86589
938.3000,5.8921,-1.0819,1.4588,0.96842,5.7103,-1.5743,0.86577
938.4000,5.8936,-1.0810,1.4589,0.96840,5.7132,-1.5738,0.86565
938.5000,5.8947,-1.0802,1.4589,0.96839,5.7147,-1.5736,0.86557
938.6000,5.8956,-1.0795,1.4590,0.96840,5.7153,-1.5734,0.86552
938.7000,5.8962,-1.0789,1.4590,0.96842,5.7157,-1.5732,0.86550
938.8000,5.8966,-1.0784,1.4588,0.96843,5.7161,-1.5731,0.86548
938.9000,5.8969,-1.0779,1.4585,0.96844,5.7168,-1.5732,0.86543
939.0000,5.8971,-1.0775,1.4580,0.96845,5.7173,-1.5730,0.86541
939.1000,5.8973,-1.0770,1.4573,0.96847,5.7173,-1.5720,0.86540
939.2000,5.8974,-1.0766,1.4567,0.96848,5.7167,-1.5711,0.86539
939.3000,5.8975,-1.0762,1.4560,0.96851,5.7164,-1.5710,0.86541
939.4000,5.8975,-1.0759,1.4552,0.96850,5.7170,-1.5716,0.86541
939.5000,5.8976,-1.0758,1.4544,0.96849,5.7174,-1.5720,0.86537
939.6000,5.8977,-1.0757,1.4537,0.96847,5.7181,-1.5719,0.86534
939.7000,5.8978,-1.0756,1.4530,0.96845,5.7186,-1.5713,0.86533
939.8000,5.8978,-1.0755,1.4525,0.96843,5.7184,-1.5700,0.86532
939.9000,5.8979,-1.0754,1.4521,0.96843,5.7180,-1.5687,0.86528
940.0000,5.8979,-1.0752,1.4520,0.96844,5.7173,-1.5680,0.86529
940.1000,5.8979,-1.0752,1.4521,0.96844,5.7160,-1.5670,0.86528
940.2000,5.8979,-1.0752,1.4524,0.96845,5.7143,-1.5663,0.86527
940.3000,5.8978,-1.0752,1.4529,0.96846,5.7129,-1.5660,0.86529
940.4000,5.8977,-1.0753,1.4534,0.96847,5.7118,-1.5663,0.86531
940.5000,5.8978,-1.0753,1.4540,0.96846,5.7112,-1.5674,0.86532
940.6000,5.8979,-1.0754,1.4546,0.96843,5.7116,-1.5693,0.86527
940.7000,5.8980,-1.0756,1.4550,0.96839,5.7124,-1.5711,0.86524
940.8000,5.8982,-1.0756,1.4553,0.96836,5.7136,-1.5732,0.86520
940.9000,5.8983,-1.0756,1.4554,0.96833,5.7148,-1.5754,0.86515
941.0000,5.8983,-1.0754,1.4554,0.96833,5.7158,-1.5774,0.86515
941.1000,5.8983,-1.0752,1.4553,0.96834,5.7165,-1.5793,0.86515
941.2000,5.8982,-1.0747,1.4551,0.96834,5.7171,-1.5806,0.86514
941.3000,5.8981,-1.0743,1.4548,0.96836,5.7179,-1.5811,0.86515
941.4000,5.8977,-1.0736,1.4544,0.96838,5.7182,-1.5804,0.86517
941.5000,5.8974,-1.0729,1.4541,0.96840,5.7179,-1.5788,0.86521
941.6000,5.8970,-1.0722,1.4538,0.96842,5.7180,-1.5766,0.86526
941.7000,5.8964,-1.0714,1.4534,0.96845,5.7183,-1.5745,0.86531
941.8000,5.8960,-1.0707,1.4531,0.96847,5.7183,-1.5722,0.86539
941.9000,5.8955,-1.0700,1.4529,0.96846,5.7181,-1.5702,0.86539
942.0000,5.8951,-1.0693,1.4527,0.96845,5.7177,-1.5683,0.86539
942.1000,5.8946,-1.0687,1.4528,0.96845,5.7171,-1.5663,0.86539
942.2040,5.8942,-1.0681,1.4530,0.96844,5.7163,-1.5634,0.86540
942.3000,5.8937,-1.0677,1.4534,0.96845,5.7152,-1.5601,0.86541
942.4000,5.8932,-1.0673,1.4540,0.96844,5.7145,-1.5570,0.86539
942.5000,5.8928,-1.0670,1.4546,0.96842,5.7143,-1.5533,0.86537
942.6000,5.8925,-1.0669,1.4552,0.96840,5.7145,-1.5499,0.86534
942.7000,5.8921,-1.0668,1.4558,0.96839,5.7150,-1.5461,0.86527
942.8000,5.8918,-1.0669,1.4562,0.96838,5.7152,-1.5424,0.86525
942.9000,5.8915,-1.0672,1.4565,0.96838,5.7151,-1.5384,0.86523
943.0000,5.8911,-1.0676,1.4565,0.96839,5.7148,-1.5348,0.86519
943.1000,5.8908,-1.0681,1.4564,0.96841,5.7143,-1.5318,0.86520
943.2000,5.8905,-1.0690,1.4563,0.96841,5.7136,-1.5301,0.86519
943.3000,5.8901,-1.0701,1.4560,0.96841,5.7124,-1.5299,0.86512
943.4000,5.8897,-1.0713,1.4558,0.96841,5.7112,-1.5311,0.86506
943.5000,5.8893,-1.0728,1.4555,0.96841,5.7103,-1.5331,0.86499
943.6000,5.8889,-1.0745,1.4550,0.96840,5.7088,-1.5356,0.86494
943.7000,5.8885,-1.0761,1.4546,0.96840,5.7073,-1.5377,0.86489
943.8000,5.8881,-1.0777,1.4540,0.96840,5.7062,-1.5394,0.86487
943.9000,5.8878,-1.0792,1.4533,0.96841,5.7055,-1.5411,0.86485
944.0000,5.8874,-1.0807,1.4525,0.96841,5.7053,-1.5427,0.86485
944.1000,5.8871,-1.0822,1.4516,0.96842,5.7055,-1.5441,0.86481
944.2000,5.8868,-1.0837,1.4504,0.96841,5.7060,-1.5458,0.86482
944.3000,5.8866,-1.0850,1.4492,0.96840,5.7066,-1.5484,0.86475
944.4000,5.8863,-1.0865,1.4477,0.96838,5.7073,-1.5513,0.86475
944.5000,5.8860,-1.0879,1.4463,0.96837,5.7078,-1.5548,0.86469
944.6000,5.8856,-1.0893,1.4446,0.96833,5.7081,-1.5581,0.86465
944.7000,5.8852,-1.0907,1.4429,0.96832,5.7078,-1.5620,0.86458
944.8000,5.8848,-1.0919,1.4413,0.96832,5.7070,-1.5656,0.86457
944.9000,5.8842,-1.0929,1.4397,0.96832,5.7055,-1.5697,0.86457
945.0000,5.8837,-1.0937,1.4382,0.96833,5.7035,-1.5732,0.86460
945.1000,5.8832,-1.0942,1.4367,0.96835,5.7012,-1.5768,0.86465
945.2000,5.8827,-1.0946,1.4353,0.96837,5.6983,-1.5802,0.86467
945.3000,5.8823,-1.0949,1.4336,0.96838,5.6948,-1.5842,0.86472
945.4000,5.8819,-1.0950,1.4320,0.96838,5.6920,-1.5875,0.86476
945.5000,5.8817,-1.0950,1.4306,0.96838,5.6892,-1.5907,0.86478
945.6000,5.8816,-1.0947,1.4290,0.96837,5.6868,-1.5933,0.86480
945.7000,5.8817,-1.0941,1.4277,0.96838,5.6849,-1.5953,0.86485
945.8000,5.8819,-1.0934,1.4268,0.96839,5.6840,-1.5964,0.86486
945.9000,5.8822,-1.0924,1.4261,0.96841,5.6843,-1.5973,0.86494
946.0040,5.8827,-1.0911,1.4256,0.96842,5.6856,-1.5982,0.86499
946.1000,5.8832,-1.0899,1.4255,0.96842,5.6876,-1.5992,0.86497
946.2000,5.8838,-1.0887,1.4255,0.96843,5.6904,-1.6000,0.86492
946.3000,5.8846,-1.0871,1.4257,0.96844,5.6942,-1.5998,0.86491
946.4000,5.8852,-1.0855,1.4260,0.96845,5.6976,-1.5983,0.86497
946.5000,5.8857,-1.0838,1.4263,0.96847,5.7006,-1.5955,0.86500
946.6000,5.8861,-1.0824,1.4267,0.96849,5.7023,-1.5924,0.86509
946.7000,5.8862,-1.0806,1.4272,0.96852,5.7032,-1.5888,0.86520
946.8000,5.8863,-1.0788,1.4278,0.96855,5.7030,-1.5859,0.86528
946.9000,5.8862,-1.0776,1.4283,0.96858,5.7017,-1.5837,0.86532
947.0000,5.8861,-1.0762,1.4291,0.96861,5.7005,-1.5830,0.86536
947.1000,5.8860,-1.0751,1.4297,0.96864,5.6994,-1.5839,0.86536
947.2000,5.8860,-1.0743,1.4304,0.96865,5.6992,-1.5854,0.86535
947.3000,5.8861,-1.0734,1.4313,0.96864,5.6999,-1.5867,0.86529
947.4000,5.8862,-1.0724,1.4322,0.96863,5.7006,-1.5873,0.86526
947.5000,5.8864,-1.0714,1.4332,0.96862,5.7012,-1.5872,0.86525
947.6000,5.8865,-1.0702,1.4343,0.96862,5.7017,-1.5859,0.86521
947.7000,5.8867,-1.0689,1.4356,0.96863,5.7025,-1.5839,0.86523
947.8000,5.8868,-1.0676,1.4371,0.96864,5.7035,-1.5819,0.86525
947.9000,5.8870,-1.0661,1.4388,0.96865,5.7046,-1.5797,0.86530
948.0000,5.8871,-1.0647,1.4404,0.96865,5.7051,-1.5772,0.86531
948.1000,5.8872,-1.0633,1.4421,0.96865,5.7051,-1.5746,0.86533
948.2000,5.8873,-1.0620,1.4438,0.96866,5.7050,-1.5716,0.86538
948.3000,5.8874,-1.0609,1.4452,0.96866,5.7053,-1.5689,0.86541
948.4000,5.8874,-1.0597,1.4468,0.96865,5.7059,-1.5664,0.86539
948.5000,5.8874,-1.0587,1.4481,0.96863,5.7074,-1.5630,0.86530
948.6000,5.8875,-1.0577,1.4491,0.96862,5.7093,-1.5599,0.86528
948.7000,5.8875,-1.0568,1.4500,0.96861,5.7116,-1.5574,0.86527
948.8000,5.8874,-1.0560,1.4505,0.96859,5.7135,-1.5551,0.86523
948.9000,5.8871,-1.0555,1.4508,0.96857,5.7143,-1.5540,0.86522
949.0000,5.8868,-1.0551,1.4507,0.96856,5.7144,-1.5530,0.86518
949.1000,5.8863,-1.0548,1.4503,0.96854,5.7139,-1.5527,0.86513
949.2000,5.8857,-1.0547,1.4496,0.96853,5.7127,-1.5537,0.86512
949.3040,5.8849,-1.0545,1.4486,0.96852,5.7107,-1.5556,0.86506
949.4000,5.8842,-1.0545,1.4476,0.96853,5.7079,-1.5571,0.86505
949.5000,5.8833,-1.0544,1.4464,0.96853,5.7036,-1.5580,0.86504
949.6000,5.8825,-1.0541,1.4451,0.96854,5.6996,-1.5581,0.86505
949.7000,5.8818,-1.0538,1.4440,0.96856,5.6956,-1.5573,0.86509
949.8000,5.8813,-1.0534,1.4429,0.96856,5.6912,-1.5558,0.86515
949.9000,5.8808,-1.0528,1.4417,0.96855,5.6874,-1.5538,0.86519
950.0000,5.8807,-1.0522,1.4408,0.96852,5.6843,-1.5513,0.86521
950.1000,5.8808,-1.0516,1.4401,0.96849,5.6820,-1.5489,0.86521
950.2000,5.8811,-1.0511,1.4397,0.96846,5.6809,-1.5468,0.86521
950.3000,5.8817,-1.0506,1.4395,0.96841,5.6808,-1.5453,0.86517
950.4000,5.8823,-1.0502,1.4396,0.96839,5.6811,-1.5435,0.86510
950.5000,5.8832,-1.0498,1.4401,0.96837,5.6819,-1.5421,0.86504
950.6040,5.8841,-1.0496,1.4407,0.96836,5.6829,-1.5409,0.86503
950.7000,5.8850,-1.0494,1.4416,0.96833,5.6841,-1.5399,0.86501
950.8000,5.8858,-1.0493,1.4425,0.96831,5.6857,-1.5387,0.86497
950.9000,5.8868,-1.0494,1.4437,0.96828,5.6878,-1.5371,0.86492
951.0000,5.8875,-1.0494,1.4447,0.96825,5.6896,-1.5355,0.86487
951.1000,5.8882,-1.0497,1.4458,0.96823,5.6919,-1.5343,0.86484
951.2000,5.8887,-1.0500,1.4467,0.96821,5.6945,-1.5337,0.86481
951.3000,5.8892,-1.0506,1.4478,0.96820,5.6973,-1.5338,0.86476
951.4000,5.8896,-1.0514,1.4488,0.96817,5.6992,-1.5349,0.86469
951.5000,5.8898,-1.0524,1.4497,0.96815,5.7001,-1.5363,0.86462
951.6000,5.8898,-1.0534,1.4504,0.96812,5.7009,-1.5381,0.86457
951.7000,5.8898,-1.0548,1.4511,0.96812,5.7018,-1.5404,0.86453
951.8000,5.8896,-1.0564,1.4517,0.96812,5.7022,-1.5430,0.86448
951.9000,5.8893,-1.0578,1.4520,0.96813,5.7019,-1.5464,0.86447
952.0000,5.8889,-1.0593,1.4521,0.96814,5.7007,-1.5500,0.86445
952.1000,5.8885,-1.0608,1.4521,0.96816,5.6989,-1.5533,0.86444
952.2040,5.8881,-1.0622,1.4519,0.96818,5.6968,-1.5568,0.86445
952.3000,5.8877,-1.0634,1.4517,0.96820,5.6954,-1.5604,0.86445
952.4000,5.8874,-1.0645,1.4515,0.96823,5.6944,-1.5654,0.86447
952.5000,5.8872,-1.0656,1.4512,0.96825,5.6944,-1.5696,0.86446
952.6000,5.8871,-1.0667,1.4512,0.96826,5.6948,-1.5734,0.86448
952.7000,5.8870,-1.0674,1.4513,0.96827,5.6949,-1.5757,0.86448
952.8000,5.8870,-1.0679,1.4516,0.96829,5.6950,-1.5774,0.86452
952.9000,5.8868,-1.0683,1.4520,0.96834,5.6950,-1.5789,0.86462
953.0000,5.8867,-1.0685,1.4525,0.96836,5.6948,-1.5803,0.86466
953.1000,5.8866,-1.0686,1.4530,0.96837,5.6943,-1.5819,0.86468
953.2000,5.8865,-1.0685,1.4537,0.96838,5.6936,-1.5833,0.86473
953.3000,5.8863,-1.0684,1.4544,0.96839,5.6924,-1.5844,0.86477
953.4000,5.8861,-1.0681,1.4551,0.96838,5.6914,-1.5851,0.86478
953.5000,5.8860,-1.0679,1.4557,0.96837,5.6908,-1.5856,0.86483
953.6000,5.8858,-1.0674,1.4566,0.96836,5.6903,-1.5859,0.86485
953.7000,5.8856,-1.0669,1.4573,0.96835,5.6899,-1.5864,0.86487
953.8000,5.8854,-1.0664,1.4579,0.96835,5.6896,-1.5867,0.86491
953.9000,5.8853,-1.0659,1.4587,0.96834,5.6890,-1.5863,0.86490
954.0000,5.8852,-1.0653,1.4595,0.96832,5.6880,-1.5855,0.86490
954.1000,5.8852,-1.0648,1.4602,0.96831,5.6870,-1.5847,0.86490
954.2000,5.8852,-1.0641,1.4610,0.96830,5.6862,-1.5837,0.86492
954.3000,5.8852,-1.0635,1.4616,0.96832,5.6856,-1.5827,0.86497
954.4000,5.8853,-1.0629,1.4620,0.96834,5.6850,-1.5816,0.86500
954.5000,5.8855,-1.0623,1.4623,0.96836,5.6842,-1.5808,0.86504
954.6000,5.8857,-1.0618,1.4623,0.96837,5.6829,-1.5803,0.86507
954.7000,5.8860,-1.0613,1.4623,0.96838,5.6813,-1.5801,0.86509
954.8000,5.8863,-1.0607,1.4623,0.96839,5.6803,-1.5801,0.86514
954.9000,5.8867,-1.0603,1.4622,0.96838,5.6798,-1.5795,0.86513
955.0000,5.8873,-1.0598,1.4622,0.96838,5.6802,-1.5783,0.86509
955.1000,5.8880,-1.0593,1.4621,0.96837,5.6809,-1.5762,0.86510
955.2000,5.8888,-1.0587,1.4621,0.96838,5.6821,-1.5735,0.86509
955.3000,5.8896,-1.0582,1.4622,0.96838,5.6836,-1.5706,0.86508
955.4000,5.8904,-1.0576,1.4625,0.96838,5.6853,-1.5679,0.86508
955.5000,5.8912,-1.0572,1.4629,0.96837,5.6875,-1.5660,0.86508
955.6000,5.8920,-1.0568,1.4633,0.96838,5.6898,-1.5650,0.86506
955.7000,5.8929,-1.0565,1.4638,0.96838,5.6931,-1.5646,0.86505
955.8000,5.8938,-1.0563,1.4644,0.96835,5.6961,-1.5647,0.86499
955.9000,5.8944,-1.0563,1.4650,0.96830,5.6997,-1.5653,0.86491
956.0000,5.8951,-1.0563,1.4658,0.96825,5.7034,-1.5662,0.86484
956.1000,5.8956,-1.0563,1.4665,0.96823,5.7073,-1.5678,0.86479
956.2000,5.8960,-1.0563,1.4673,0.96820,5.7105,-1.5699,0.86472
956.3000,5.8961,-1.0565,1.4681,0.96819,5.7133,-1.5728,0.86466
956.4000,5.8960,-1.0567,1.4687,0.96819,5.7155,-1.5760,0.86463
956.5000,5.8958,-1.0568,1.4692,0.96817,5.7174,-1.5794,0.86458
956.6000,5.8954,-1.0569,1.4694,0.96819,5.7190,-1.5823,0.86460
956.7000,5.8948,-1.0567,1.4695,0.96821,5.7201,-1.5848,0.86464
956.8000,5.8941,-1.0564,1.4694,0.96822,5.7209,-1.5867,0.86467
956.9000,5.8933,-1.0560,1.4691,0.96823,5.7211,-1.5880,0.86474
957.0000,5.8922,-1.0553,1.4686,0.96826,5.7211,-1.5886,0.86478
957.1000,5.8912,-1.0545,1.4679,0.96829,5.7209,-1.5893,0.86486
957.2000,5.8900,-1.0536,1.4670,0.96831,5.7201,-1.5895,0.86497
957.3000,5.8888,-1.0527,1.4658,0.96831,5.7187,-1.5892,0.86502
957.4000,5.8876,-1.0518,1.4644,0.96831,5.7169,-1.5889,0.86504
957.5000,5.8864,-1.0509,1.4629,0.96832,5.7141,-1.5888,0.86511
957.6000,5.8850,-1.0500,1.4612,0.96832,5.7111,-1.5890,0.86517
957.7000,5.8837,-1.0490,1.4594,0.96833,5.7078,-1.5892,0.86521
957.8000,5.8825,-1.0480,1.4575,0.96834,5.7048,-1.5893,0.86525
957.9000,5.8813,-1.0468,1.4555,0.96836,5.7017,-1.5896,0.86527
958.0000,5.8803,-1.0456,1.4538,0.96839,5.6994,-1.5895,0.86531
958.1040,5.8795,-1.0442,1.4521,0.96840,5.6973,-1.5888,0.86535
958.2000,5.8789,-1.0427,1.4505,0.96840,5.6951,-1.5877,0.86536
958.3000,5.8783,-1.0411,1.4490,0.96840,5.6928,-1.5861,0.86537
958.4000,5.8779,-1.0394,1.4475,0.96840,5.6911,-1.5846,0.86540
958.5000,5.8776,-1.0376,1.4461,0.96841,5.6901,-1.5829,0.86543
958.6000,5.8774,-1.0357,1.4449,0.96842,5.6904,-1.5809,0.86544
958.7000,5.8774,-1.0339,1.4438,0.96841,5.6916,-1.5785,0.86541
958.8040,5.8775,-1.0319,1.4428,0.96840,5.6931,-1.5756,0.86538
958.9040,5.8775,-1.0299,1.4418,0.96841,5.6941,-1.5726,0.86538
959.0000,5.8776,-1.0280,1.4410,0.96842,5.6951,-1.5691,0.86541
959.1000,5.8776,-1.0264,1.4403,0.96843,5.6954,-1.5657,0.86542
959.2000,5.8776,-1.0246,1.4395,0.96842,5.6956,-1.5631,0.86540
959.3000,5.8776,-1.0229,1.4388,0.96841,5.6955,-1.5616,0.86538
959.4000,5.8775,-1.0216,1.4384,0.96840,5.6954,-1.5612,0.86538
959.5000,5.8774,-1.0204,1.4382,0.96838,5.6953,-1.5610,0.86533
959.6000,5.8773,-1.0195,1.4383,0.96837,5.6951,-1.5615,0.86528
959.7000,5.8772,-1.0185,1.4386,0.96837,5.6944,-1.5622,0.86524
959.8000,5.8770,-1.0176,1.4391,0.96837,5.6938,-1.5627,0.86524
959.9000,5.8769,-1.0165,1.4399,0.96837,5.6936,-1.5630,0.86520
960.0000,5.8767,-1.0154,1.4409,0.96838,5.6938,-1.5629,0.86517
960.1000,5.8765,-1.0146,1.4418,0.96839,5.6941,-1.5627,0.86519
960.2000,5.8762,-1.0135,1.4431,0.96839,5.6946,-1.5627,0.86518
960.3000,5.8760,-1.0127,1.4441,0.96837,5.6948,-1.5622,0.86514
960.4000,5.8756,-1.0117,1.4455,0.96833,5.6949,-1.5610,0.86511
960.5000,5.8753,-1.0106,1.4466,0.96828,5.6947,-1.5577,0.86508
960.6000,5.8751,-1.0094,1.4476,0.96823,5.6946,-1.5539,0.86507
960.7000,5.8749,-1.0077,1.4488,0.96815,5.6958,-1.5485,0.86505
960.8000,5.8749,-1.0062,1.4500,0.96807,5.6981,-1.5422,0.86498
960.9000,5.8749,-1.0048,1.4514,0.96799,5.7005,-1.5360,0.86488
961.0000,5.8751,-1.0032,1.4530,0.96785,5.7028,-1.5296,0.86477
961.1000,5.8754,-1.0017,1.4547,0.96767,5.7044,-1.5241,0.86455
961.2000,5.8758,-0.9998,1.4568,0.96743,5.7052,-1.5188,0.86434
961.3000,5.8761,-0.9983,1.4588,0.96718,5.7057,-1.5144,0.86407
961.4000,5.8765,-0.9968,1.4607,0.96686,5.7060,-1.5106,0.86378
961.5000,5.8770,-0.9953,1.4626,0.96646,5.7057,-1.5067,0.86341
961.6000,5.8776,-0.9938,1.4641,0.96604,5.7051,-1.5035,0.86301
961.7000,5.8782,-0.9924,1.4653,0.96552,5.7047,-1.5008,0.86254
961.8000,5.8790,-0.9910,1.4662,0.96500,5.7044,-1.4978,0.86195
961.9000,5.8801,-0.9891,1.4670,0.96434,5.7046,-1.4945,0.86136
962.0000,5.8814,-0.9872,1.4675,0.96373,5.7051,-1.4914,0.86079
962.1000,5.8828,-0.9854,1.4678,0.96314,5.7054,-1.4888,0.86020
962.2000,5.8844,-0.9836,1.4680,0.96257,5.7059,-1.4867,0.85964
962.3000,5.8859,-0.9820,1.4681,0.96209,5.7065,-1.4851,0.85914
962.4000,5.8875,-0.9806,1.4682,0.96164,5.7079,-1.4840,0.85863
962.5000,5.8894,-0.9790,1.4683,0.96117,5.7097,-1.4829,0.85810
962.6000,5.8912,-0.9775,1.4684,0.96072,5.7116,-1.4813,0.85759
962.7000,5.8929,-0.9763,1.4686,0.96032,5.7129,-1.4796,0.85723
962.8000,5.8942,-0.9752,1.4688,0.96004,5.7146,-1.4774,0.85689
962.9000,5.8956,-0.9739,1.4689,0.95978,5.7165,-1.4746,0.85660
963.0000,5.8966,-0.9732,1.4690,0.95965,5.7179,-1.4732,0.85646
963.1000,5.8976,-0.9727,1.4690,0.95954,5.7198,-1.4724,0.85630
963.2000,5.8983,-0.9728,1.4688,0.95947,5.7217,-1.4722,0.85618
963.3000,5.8988,-0.9730,1.4684,0.95942,5.7230,-1.4719,0.85609
963.4000,5.8992,-0.9734,1.4679,0.95937,5.7245,-1.4721,0.85599
963.5000,5.8994,-0.9741,1.4670,0.95932,5.7259,-1.4723,0.85590
963.6000,5.8994,-0.9749,1.4660,0.95928,5.7271,-1.4726,0.85583
963.7000,5.8993,-0.9756,1.4651,0.95928,5.7280,-1.4731,0.85578
963.8000,5.8989,-0.9767,1.4637,0.95929,5.7290,-1.4743,0.85573
963.9000,5.8986,-0.9776,1.4625,0.95930,5.7297,-1.4757,0.85577
964.0000,5.8981,-0.9786,1.4611,0.95930,5.7298,-1.4774,0.85575
964.1000,5.8976,-0.9797,1.4596,0.95930,5.7296,-1.4793,0.85573
964.2000,5.8970,-0.9807,1.4583,0.95930,5.7291,-1.4817,0.85572
964.3000,5.8962,-0.9819,1.4568,0.95930,5.7290,-1.4844,0.85570
964.4000,5.8953,-0.9830,1.4554,0.95931,5.7292,-1.4866,0.85573
964.5000,5.8945,-0.9839,1.4541,0.95932,5.7291,-1.4883,0.85574
964.6000,5.8935,-0.9847,1.4529,0.95933,5.7282,-1.4895,0.85575
964.7000,5.8924,-0.9853,1.4519,0.95935,5.7267,-1.4898,0.85579
964.8000,5.8912,-0.9859,1.4510,0.95937,5.7252,-1.4897,0.85585
964.9000,5.8900,-0.9864,1.4503,0.95938,5.7236,-1.4899,0.85590
965.0000,5.8888,-0.9868,1.4497,0.95938,5.7224,-1.4904,0.85593
965.1000,5.8876,-0.9872,1.4492,0.95938,5.7214,-1.4914,0.85593
965.2000,5.8864,-0.9875,1.4490,0.95939,5.7206,-1.4930,0.85592
965.3000,5.8850,-0.9879,1.4488,0.95939,5.7195,-1.4947,0.85592
965.4000,5.8836,-0.9882,1.4488,0.95940,5.7182,-1.4961,0.85593
965.5000,5.8822,-0.9884,1.4490,0.95940,5.7163,-1.4974,0.85597
965.6000,5.8807,-0.9886,1.4494,0.95938,5.7141,-1.4978,0.85597
965.7000,5.8794,-0.9884,1.4498,0.95933,5.7121,-1.4976,0.85596
965.8000,5.8782,-0.9879,1.4504,0.95921,5.7098,-1.4964,0.85590
965.9000,5.8772,-0.9871,1.4511,0.95902,5.7078,-1.4944,0.85578
966.0000,5.8764,-0.9857,1.4518,0.95872,5.7060,-1.4920,0.85557
966.1000,5.8759,-0.9838,1.4527,0.95831,5.7045,-1.4886,0.85529
966.2000,5.8759,-0.9815,1.4535,0.95784,5.7030,-1.4837,0.85495
966.3000,5.8763,-0.9790,1.4542,0.95736,5.7026,-1.4785,0.85452
966.4000,5.8773,-0.9755,1.4549,0.95671,5.7031,-1.4726,0.85399
966.5000,5.8784,-0.9723,1.4553,0.95621,5.7039,-1.4665,0.85356
966.6000,5.8799,-0.9687,1.4557,0.95565,5.7052,-1.4592,0.85304
966.7000,5.8823,-0.9636,1.4559,0.95494,5.7069,-1.4513,0.85252
966.8000,5.8844,-0.9595,1.4559,0.95447,5.7085,-1.4445,0.85214
966.9000,5.8865,-0.9557,1.4556,0.95397,5.7103,-1.4386,0.85174
967.0000,5.8896,-0.9507,1.4550,0.95308,5.7126,-1.4331,0.85100
967.1000,5.8925,-0.9465,1.4544,0.95204,5.7153,-1.4286,0.85001
967.2000,5.8957,-0.9424,1.4539,0.95086,5.7183,-1.4245,0.84876
967.3000,5.8997,-0.9375,1.4532,0.94949,5.7215,-1.4205,0.84747
967.4000,5.9034,-0.9331,1.4526,0.94838,5.7252,-1.4159,0.84608
967.5040,5.9076,-0.9283,1.4519,0.94727,5.7286,-1.4120,0.84506
967.6000,5.9112,-0.9242,1.4511,0.94636,5.7316,-1.4079,0.84407
967.7000,5.9141,-0.9211,1.4503,0.94567,5.7333,-1.4038,0.84321
967.8000,5.9178,-0.9171,1.4489,0.94487,5.7339,-1.4005,0.84260
967.9000,5.9207,-0.9141,1.4476,0.94432,5.7345,-1.3972,0.84202
968.0000,5.9235,-0.9115,1.4462,0.94388,5.7359,-1.3941,0.84151
968.1000,5.9261,-0.9094,1.4448,0.94356,5.7383,-1.3918,0.84105
968.2000,5.9286,-0.9078,1.4436,0.94334,5.7404,-1.3908,0.84078
968.3000,5.9307,-0.9068,1.4426,0.94322,5.7429,-1.3900,0.84056
968.4000,5.9329,-0.9059,1.4413,0.94313,5.7451,-1.3893,0.84041
968.5000,5.9348,-0.9052,1.4393,0.94309,5.7471,-1.3887,0.84030
968.6000,5.9365,-0.9049,1.4369,0.94307,5.7482,-1.3880,0.84022
968.7000,5.9382,-0.9047,1.4336,0.94308,5.7493,-1.3877,0.84018
968.8000,5.9397,-0.9046,1.4300,0.94310,5.7503,-1.3888,0.84019
968.9000,5.9412,-0.9048,1.4259,0.94311,5.7511,-1.3909,0.84014
969.0000,5.9426,-0.9050,1.4218,0.94312,5.7517,-1.3935,0.84011
969.1000,5.9438,-0.9052,1.4184,0.94312,5.7523,-1.3961,0.84009
969.2000,5.9452,-0.9055,1.4144,0.94313,5.7527,-1.3982,0.84010
969.3000,5.9467,-0.9057,1.4104,0.94313,5.7531,-1.3994,0.84008
969.4000,5.9481,-0.9057,1.4070,0.94313,5.7538,-1.3993,0.84010
969.5000,5.9495,-0.9056,1.4039,0.94314,5.7543,-1.3984,0.84012
969.6000,5.9509,-0.9054,1.4011,0.94313,5.7549,-1.3969,0.84015
969.7000,5.9520,-0.9052,1.3990,0.94312,5.7557,-1.3956,0.84017
969.8000,5.9536,-0.9049,1.3967,0.94310,5.7570,-1.3940,0.84016
969.9000,5.9550,-0.9045,1.3948,0.94310,5.7582,-1.3925,0.84013
970.0000,5.9566,-0.9042,1.3931,0.94312,5.7596,-1.3916,0.84015
970.1000,5.9580,-0.9039,1.3918,0.94315,5.7601,-1.3907,0.84023
970.2000,5.9594,-0.9037,1.3908,0.94318,5.7603,-1.3898,0.84026
970.3000,5.9607,-0.9034,1.3901,0.94320,5.7603,-1.3887,0.84028
970.4000,5.9621,-0.9033,1.3896,0.94320,5.7606,-1.3880,0.84028
970.5000,5.9635,-0.9032,1.3894,0.94320,5.7614,-1.3875,0.84027
970.6000,5.9649,-0.9032,1.3895,0.94321,5.7631,-1.3875,0.84027
970.7000,5.9663,-0.9031,1.3898,0.94322,5.7658,-1.3882,0.84023
970.8000,5.9679,-0.9032,1.3902,0.94322,5.7689,-1.3890,0.84020
970.9000,5.9693,-0.9034,1.3908,0.94321,5.7723,-1.3900,0.84014
971.0000,5.9710,-0.9036,1.3913,0.94318,5.7762,-1.3916,0.84009
971.1000,5.9725,-0.9038,1.3919,0.94317,5.7796,-1.3927,0.84005
971.2000,5.9739,-0.9040,1.3924,0.94317,5.7835,-1.3938,0.84001
971.3000,5.9750,-0.9043,1.3929,0.94319,5.7866,-1.3950,0.84000
971.4000,5.9760,-0.9046,1.3932,0.94321,5.7888,-1.3963,0.84000
971.5000,5.9768,-0.9050,1.3936,0.94323,5.7907,-1.3985,0.84003
971.6000,5.9774,-0.9055,1.3940,0.94326,5.7912,-1.4000,0.84008
971.7000,5.9779,-0.9059,1.3944,0.94327,5.7909,-1.4013,0.84013
971.8000,5.9783,-0.9063,1.3948,0.94327,5.7897,-1.4026,0.84017
971.9000,5.9786,-0.9066,1.3955,0.94327,5.7878,-1.4044,0.84023
972.0000,5.9790,-0.9069,1.3962,0.94327,5.7860,-1.4057,0.84023
972.1000,5.9794,-0.9071,1.3970,0.94327,5.7846,-1.4063,0.84029
972.2000,5.9798,-0.9072,1.3978,0.94328,5.7839,-1.4059,0.84028
972.3000,5.9804,-0.9073,1.3986,0.94329,5.7834,-1.4044,0.84029
972.4000,5.9810,-0.9073,1.3994,0.94331,5.7832,-1.4029,0.84033
972.5000,5.9817,-0.9073,1.4003,0.94334,5.7832,-1.4023,0.84036
972.6000,5.9826,-0.9073,1.4012,0.94334,5.7839,-1.4025,0.84035
972.7040,5.9838,-0.9076,1.4023,0.94333,5.7850,-1.4032,0.84031
972.8000,5.9848,-0.9078,1.4032,0.94331,5.7853,-1.4043,0.84028
972.9000,5.9858,-0.9081,1.4040,0.94330,5.7855,-1.4053,0.84026
973.0000,5.9866,-0.9084,1.4047,0.94329,5.7859,-1.4061,0.84024
973.1000,5.9877,-0.9088,1.4056,0.94328,5.7864,-1.4068,0.84022
973.2000,5.9886,-0.9092,1.4064,0.94327,5.7865,-1.4078,0.84019
973.3000,5.9897,-0.9096,1.4075,0.94326,5.7868,-1.4090,0.84020
973.4000,5.9907,-0.9099,1.4085,0.94325,5.7873,-1.4109,0.84019
973.5000,5.9917,-0.9102,1.4096,0.94324,5.7879,-1.4134,0.84018
973.6000,5.9927,-0.9103,1.4108,0.94323,5.7890,-1.4163,0.84016
973.7000,5.9936,-0.9104,1.4121,0.94322,5.7905,-1.4190,0.84014
973.8000,5.9947,-0.9103,1.4138,0.94320,5.7926,-1.4216,0.84011
973.9000,5.9957,-0.9102,1.4156,0.94319,5.7945,-1.4236,0.84010
974.0000,5.9965,-0.9099,1.4175,0.94319,5.7961,-1.4246,0.84012
974.1000,5.9973,-0.9094,1.4195,0.94321,5.7970,-1.4253,0.84016
974.2000,5.9980,-0.9088,1.4216,0.94324,5.7971,-1.4258,0.84021
974.3000,5.9986,-0.9081,1.4234,0.94327,5.7966,-1.4263,0.84029
974.4000,5.9991,-0.9072,1.4254,0.94330,5.7958,-1.4268,0.84036
974.5000,5.9995,-0.9064,1.4271,0.94333,5.7948,-1.4272,0.84045
974.6000,5.9998,-0.9053,1.4289,0.94336,5.7936,-1.4270,0.84057
974.7000,6.0002,-0.9043,1.4305,0.94337,5.7923,-1.4262,0.84062
974.8000,6.0007,-0.9032,1.4319,0.94337,5.7913,-1.4252,0.84065
974.9000,6.0012,-0.9021,1.4331,0.94340,5.7902,-1.4240,0.84074
975.0000,6.0019,-0.9009,1.4342,0.94342,5.7893,-1.4232,0.84079
975.1000,6.0026,-0.8998,1.4352,0.94341,5.7886,-1.4234,0.84081
975.2000,6.0035,-0.8987,1.4361,0.94340,5.7884,-1.4243,0.84080
975.3000,6.0046,-0.8974,1.4371,0.94337,5.7891,-1.4248,0.84074
975.4000,6.0058,-0.8962,1.4381,0.94335,5.7906,-1.4244,0.84068
975.5000,6.0068,-0.8950,1.4389,0.94334,5.7931,-1.4226,0.84061
975.6000,6.0081,-0.8935,1.4400,0.94334,5.7957,-1.4210,0.84062
975.7000,6.0092,-0.8922,1.4409,0.94334,5.7987,-1.4196,0.84059
975.8000,6.0104,-0.8907,1.4420,0.94332,5.8024,-1.4179,0.84057
975.9000,6.0117,-0.8891,1.4431,0.94330,5.8062,-1.4162,0.84056
976.0000,6.0128,-0.8875,1.4442,0.94328,5.8096,-1.4139,0.84053
976.1000,6.0140,-0.8858,1.4452,0.94326,5.8128,-1.4112,0.84054
976.2000,6.0149,-0.8843,1.4458,0.94326,5.8151,-1.4082,0.84056
976.3000,6.0156,-0.8829,1.4461,0.94327,5.8168,-1.4049,0.84060
976.4000,6.0164,-0.8813,1.4461,0.94327,5.8187,-1.4010,0.84065
976.5000,6.0170,-0.8800,1.4459,0.94328,5.8205,-1.3965,0.84065
976.6000,6.0175,-0.8786,1.4456,0.94329,5.8224,-1.3916,0.84065
976.7000,6.0181,-0.8772,1.4453,0.94330,5.8242,-1.3858,0.84069
976.8000,6.0185,-0.8762,1.4450,0.94330,5.8262,-1.3802,0.84072
976.9000,6.0188,-0.8753,1.4446,0.94330,5.8283,-1.3755,0.84073
977.0000,6.0191,-0.8747,1.4444,0.94327,5.8312,-1.3721,0.84066
977.1000,6.0195,-0.8744,1.4444,0.94324,5.8340,-1.3706,0.84061
977.2000,6.0198,-0.8743,1.4445,0.94321,5.8369,-1.3697,0.84053
977.3000,6.0200,-0.8744,1.4449,0.94318,5.8393,-1.3693,0.84044
977.4000,6.0201,-0.8746,1.4455,0.94317,5.8411,-1.3687,0.84039
977.5000,6.0201,-0.8750,1.4463,0.94317,5.8424,-1.3675,0.84034
977.6000,6.0201,-0.8754,1.4475,0.94317,5.8435,-1.3661,0.84031
977.7000,6.0199,-0.8760,1.4487,0.94317,5.8444,-1.3649,0.84025
977.8000,6.0196,-0.8767,1.4505,0.94318,5.8451,-1.3642,0.84025
977.9000,6.0194,-0.8775,1.4521,0.94317,5.8463,-1.3641,0.84025
978.0000,6.0191,-0.8785,1.4541,0.94316,5.8477,-1.3645,0.84022
978.1000,6.0187,-0.8796,1.4562,0.94314,5.8495,-1.3653,0.84017
978.2000,6.0183,-0.8807,1.4581,0.94312,5.8511,-1.3666,0.84012
978.3000,6.0179,-0.8819,1.4603,0.94311,5.8524,-1.3683,0.84007
978.4000,6.0172,-0.8832,1.4626,0.94313,5.8532,-1.3698,0.84006
978.5000,6.0165,-0.8844,1.4649,0.94315,5.8537,-1.3713,0.84007
978.6000,6.0157,-0.8856,1.4672,0.94317,5.8533,-1.3734,0.84008
978.7000,6.0147,-0.8868,1.4696,0.94317,5.8521,-1.3760,0.84007
978.8000,6.0137,-0.8878,1.4718,0.94318,5.8506,-1.3792,0.84009
978.9000,6.0124,-0.8890,1.4743,0.94320,5.8486,-1.3828,0.84017
979.0000,6.0112,-0.8900,1.4763,0.94323,5.8469,-1.3861,0.84021
979.1000,6.0098,-0.8910,1.4782,0.94324,5.8453,-1.3889,0.84029
979.2000,6.0086,-0.8917,1.4795,0.94324,5.8435,-1.3914,0.84031
979.3000,6.0072,-0.8923,1.4804,0.94324,5.8423,-1.3932,0.84033
979.4000,6.0060,-0.8928,1.4810,0.94324,5.8413,-1.3942,0.84037
979.5000,6.0046,-0.8932,1.4812,0.94324,5.8397,-1.3942,0.84041
979.6000,6.0034,-0.8934,1.4812,0.94323,5.8377,-1.3933,0.84044
979.7000,6.0019,-0.8934,1.4811,0.94324,5.8357,-1.3917,0.84046
979.8000,6.0006,-0.8933,1.4810,0.94326,5.8339,-1.3897,0.84052
979.9000,5.9991,-0.8932,1.4809,0.94329,5.8325,-1.3872,0.84057
980.0000,5.9978,-0.8931,1.4810,0.94330,5.8318,-1.3848,0.84061
980.1000,5.9967,-0.8931,1.4812,0.94330,5.8313,-1.3828,0.84062
980.2000,5.9955,-0.8931,1.4816,0.94329,5.8312,-1.3813,0.84060
980.3000,5.9944,-0.8932,1.4820,0.94328,5.8312,-1.3801,0.84059
980.4000,5.9932,-0.8934,1.4824,0.94328,5.8308,-1.3791,0.84056
980.5000,5.9921,-0.8937,1.4827,0.94329,5.8299,-1.3784,0.84056
980.6000,5.9911,-0.8941,1.4829,0.94330,5.8290,-1.3784,0.84058
980.7000,5.9899,-0.8945,1.4830,0.94330,5.8279,-1.3784,0.84057
980.8000,5.9885,-0.8950,1.4831,0.94330,5.8257,-1.3784,0.84056
980.9000,5.9872,-0.8955,1.4831,0.94330,5.8229,-1.3781,0.84055
981.0000,5.9858,-0.8961,1.4831,0.94330,5.8202,-1.3787,0.84059
981.1000,5.9845,-0.8966,1.4832,0.94330,5.8174,-1.3800,0.84059
981.2000,5.9832,-0.8972,1.4834,0.94329,5.8149,-1.3815,0.84060
981.3000,5.9821,-0.8976,1.4837,0.94327,5.8121,-1.3832,0.84058
981.4000,5.9810,-0.8981,1.4842,0.94326,5.8098,-1.3855,0.84059
981.5000,5.9801,-0.8985,1.4848,0.94324,5.8079,-1.3885,0.84061
981.6000,5.9793,-0.8988,1.4857,0.94322,5.8068,-1.3910,0.84059
981.7000,5.9786,-0.8990,1.4866,0.94319,5.8063,-1.3937,0.84056
981.8000,5.9779,-0.8993,1.4880,0.94316,5.8065,-1.3967,0.84052
981.9000,5.9774,-0.8994,1.4892,0.94315,5.8069,-1.3995,0.84046
982.0000,5.9769,-0.8994,1.4906,0.94313,5.8077,-1.4020,0.84043
982.1000,5.9765,-0.8993,1.4919,0.94314,5.8084,-1.4032,0.84044
982.2000,5.9760,-0.8989,1.4931,0.94315,5.8096,-1.4032,0.84047
982.3000,5.9756,-0.8984,1.4943,0.94317,5.8106,-1.4019,0.84054
982.4000,5.9751,-0.8979,1.4953,0.94320,5.8107,-1.4000,0.84061
982.5000,5.9745,-0.8972,1.4963,0.94323,5.8105,-1.3978,0.84070
982.6000,5.9739,-0.8965,1.4971,0.94324,5.8100,-1.3958,0.84075
982.7000,5.9734,-0.8960,1.4976,0.94323,5.8092,-1.3938,0.84078
982.8000,5.9728,-0.8956,1.4978,0.94324,5.8074,-1.3920,0.84082
982.9000,5.9721,-0.8953,1.4977,0.94324,5.8051,-1.3910,0.84085
983.0000,5.9714,-0.8951,1.4972,0.94323,5.8022,-1.3902,0.84092
983.1000,5.9708,-0.8951,1.4967,0.94323,5.7989,-1.3901,0.84094
983.2000,5.9703,-0.8951,1.4960,0.94320,5.7965,-1.3903,0.84092
983.3000,5.9700,-0.8952,1.4951,0.94316,5.7949,-1.3909,0.84088
983.4000,5.9698,-0.8954,1.4943,0.94312,5.7939,-1.3927,0.84081
983.5000,5.9698,-0.8956,1.4933,0.94309,5.7932,-1.3945,0.84075
983.6000,5.9699,-0.8957,1.4923,0.94306,5.7925,-1.3957,0.84071
983.7000,5.9701,-0.8958,1.4911,0.94303,5.7918,-1.3963,0.84066
983.8000,5.9704,-0.8958,1.4897,0.94304,5.7913,-1.3966,0.84065
983.9000,5.9708,-0.8959,1.4879,0.94304,5.7910,-1.3967,0.84063
984.0000,5.9712,-0.8958,1.4860,0.94305,5.7908,-1.3969,0.84062
984.1000,5.9717,-0.8957,1.4842,0.94306,5.7906,-1.3974,0.84060
984.2000,5.9723,-0.8956,1.4823,0.94307,5.7907,-1.3980,0.84058
984.3000,5.9728,-0.8956,1.4804,0.94308,5.7907,-1.3983,0.84059
984.4000,5.9734,-0.8954,1.4782,0.94310,5.7900,-1.3980,0.84061
984.5000,5.9741,-0.8952,1.4760,0.94311,5.7890,-1.3967,0.84064
984.6000,5.9748,-0.8949,1.4734,0.94312,5.7883,-1.3949,0.84070
984.7000,5.9755,-0.8946,1.4707,0.94311,5.7882,-1.3935,0.84075
984.8000,5.9765,-0.8943,1.4680,0.94309,5.7886,-1.3929,0.84072
984.9000,5.9776,-0.8940,1.4651,0.94305,5.7890,-1.3925,0.84068
985.0000,5.9787,-0.8938,1.4622,0.94301,5.7902,-1.3923,0.84064
985.1000,5.9798,-0.8937,1.4595,0.94298,5.7920,-1.3920,0.84057
985.2000,5.9812,-0.8936,1.4565,0.94297,5.7933,-1.3913,0.84055
985.3000,5.9823,-0.8935,1.4544,0.94296,5.7940,-1.3905,0.84056
985.4000,5.9836,-0.8934,1.4519,0.94294,5.7944,-1.3902,0.84053
985.5000,5.9850,-0.8933,1.4497,0.94292,5.7947,-1.3900,0.84053
985.6000,5.9863,-0.8934,1.4478,0.94289,5.7948,-1.3897,0.84052
985.7000,5.9877,-0.8934,1.4460,0.94285,5.7951,-1.3887,0.84052
985.8000,5.9890,-0.8934,1.4446,0.94281,5.7960,-1.3871,0.84048
985.9000,5.9903,-0.8934,1.4434,0.94277,5.7975,-1.3856,0.84043
986.0000,5.9919,-0.8936,1.4421,0.94272,5.7991,-1.3845,0.84040
986.1000,5.9933,-0.8938,1.4411,0.94268,5.8009,-1.3834,0.84034
986.2000,5.9949,-0.8941,1.4401,0.94266,5.8031,-1.3825,0.84030
986.3000,5.9966,-0.8946,1.4392,0.94264,5.8052,-1.3820,0.84026
986.4000,5.9981,-0.8950,1.4385,0.94263,5.8078,-1.3816,0.84023
986.5000,5.9998,-0.8956,1.4379,0.94261,5.8103,-1.3816,0.84020
986.6000,6.0013,-0.8964,1.4376,0.94259,5.8127,-1.3821,0.84013
986.7000,6.0028,-0.8973,1.4375,0.94257,5.8144,-1.3833,0.84007
986.8000,6.0040,-0.8981,1.4376,0.94255,5.8160,-1.3850,0.84002
986.9000,6.0052,-0.8992,1.4379,0.94254,5.8171,-1.3869,0.83998
987.0000,6.0064,-0.9002,1.4383,0.94254,5.8178,-1.3886,0.84000
987.1000,6.0074,-0.9010,1.4387,0.94253,5.8185,-1.3900,0.84000
987.2000,6.0084,-0.9018,1.4392,0.94252,5.8196,-1.3914,0.83997
987.3000,6.0095,-0.9025,1.4397,0.94252,5.8209,-1.3929,0.84000
987.4000,6.0106,-0.9031,1.4402,0.94252,5.8226,-1.3945,0.83998
987.5000,6.0115,-0.9036,1.4407,0.94251,5.8242,-1.3953,0.83998
987.6000,6.0125,-0.9041,1.4413,0.94250,5.8256,-1.3955,0.83999
987.7000,6.0133,-0.9044,1.4419,0.94248,5.8275,-1.3956,0.84002
987.8000,6.0141,-0.9047,1.4425,0.94247,5.8294,-1.3954,0.84003
987.9000,6.0147,-0.9049,1.4432,0.94245,5.8309,-1.3953,0.84001
988.0000,6.0153,-0.9051,1.4443,0.94244,5.8322,-1.3953,0.84000
988.1000,6.0158,-0.9053,1.4455,0.94243,5.8329,-1.3952,0.83999
988.2000,6.0163,-0.9055,1.4468,0.94243,5.8331,-1.3957,0.84003
988.3000,6.0167,-0.9057,1.4482,0.94242,5.8333,-1.3970,0.84002
988.4000,6.0170,-0.9057,1.4497,0.94243,5.8337,-1.3989,0.84006
988.5000,6.0173,-0.9058,1.4512,0.94243,5.8344,-1.4010,0.84008
988.6000,6.0175,-0.9057,1.4526,0.94240,5.8352,-1.4028,0.84003
988.7000,6.0177,-0.9057,1.4538,0.94239,5.8361,-1.4051,0.83999
988.8000,6.0178,-0.9054,1.4548,0.94238,5.8368,-1.4077,0.83996
988.9000,6.0177,-0.9051,1.4556,0.94239,5.8378,-1.4105,0.83999
989.0000,6.0176,-0.9046,1.4564,0.94241,5.8391,-1.4132,0.84004
989.1000,6.0173,-0.9037,1.4573,0.94241,5.8403,-1.4163,0.84006
989.2000,6.0169,-0.9029,1.4581,0.94243,5.8407,-1.4191,0.84009
989.3000,6.0164,-0.9020,1.4588,0.94245,5.8411,-1.4207,0.84017
989.4000,6.0157,-0.9009,1.4595,0.94248,5.8417,-1.4212,0.84025
989.5000,6.0150,-0.8995,1.4599,0.94253,5.8425,-1.4205,0.84031
989.6000,6.0142,-0.8980,1.4602,0.94258,5.8430,-1.4181,0.84040
989.7000,6.0133,-0.8964,1.4603,0.94262,5.8430,-1.4148,0.84048
989.8000,6.0124,-0.8946,1.4603,0.94266,5.8429,-1.4107,0.84057
989.9000,6.0112,-0.8926,1.4604,0.94271,5.8421,-1.4066,0.84067
990.0000,6.0102,-0.8910,1.4606,0.94273,5.8403,-1.4022,0.84075
990.1000,6.0091,-0.8894,1.4610,0.94274,5.8380,-1.3984,0.84081
990.2000,6.0080,-0.8880,1.4614,0.94275,5.8342,-1.3945,0.84090
990.3000,6.0069,-0.8867,1.4619,0.94273,5.8301,-1.3917,0.84095
990.4000,6.0059,-0.8856,1.4625,0.94269,5.8253,-1.3893,0.84095
990.5000,6.0049,-0.8845,1.4632,0.94264,5.8199,-1.3867,0.84092
990.6000,6.0040,-0.8834,1.4640,0.94260,5.8133,-1.3832,0.84092
990.7000,6.0035,-0.8825,1.4647,0.94256,5.8080,-1.3794,0.84086
990.8000,6.0034,-0.8820,1.4650,0.94254,5.8047,-1.3769,0.84083
990.9000,6.0039,-0.8815,1.4651,0.94250,5.8013,-1.3743,0.84078
991.0000,6.0047,-0.8814,1.4646,0.94244,5.7994,-1.3740,0.84066
991.1000,6.0064,-0.8815,1.4632,0.94237,5.7989,-1.3746,0.84046
991.2000,6.0072,-0.8816,1.4625,0.94234,5.7998,-1.3751,0.84036
991.3000,6.0077,-0.8816,1.4619,0.94233,5.8004,-1.3753,0.84033
991.4000,6.0083,-0.8817,1.4613,0.94231,5.8012,-1.3754,0.84029
991.5000,6.0089,-0.8818,1.4606,0.94229,5.8021,-1.3755,0.84024
991.6000,6.0110,-0.8821,1.4577,0.94226,5.8061,-1.3755,0.84011
991.7000,6.0134,-0.8825,1.4542,0.94223,5.8114,-1.3754,0.84001
991.8000,6.0156,-0.8828,1.4505,0.94222,5.8170,-1.3752,0.83996
991.9000,6.0167,-0.8831,1.4483,0.94221,5.8209,-1.3752,0.83992
992.0000,6.0175,-0.8832,1.4468,0.94221,5.8232,-1.3754,0.83988
992.1000,6.0182,-0.8834,1.4452,0.94221,5.8257,-1.3761,0.83986
992.2000,6.0197,-0.8838,1.4419,0.94220,5.8309,-1.3785,0.83983
992.3000,6.0203,-0.8840,1.4403,0.94220,5.8329,-1.3797,0.83982
992.4000,6.0207,-0.8842,1.4390,0.94220,5.8356,-1.3813,0.83981
992.5000,6.0210,-0.8842,1.4380,0.94221,5.8374,-1.3826,0.83984
992.6000,6.0212,-0.8843,1.4368,0.94222,5.8396,-1.3836,0.83986
992.7000,6.0211,-0.8841,1.4362,0.94225,5.8407,-1.3843,0.83992
992.8000,6.0209,-0.8839,1.4360,0.94226,5.8407,-1.3844,0.83994
992.9000,6.0203,-0.8835,1.4360,0.94229,5.8402,-1.3851,0.83999
993.0000,6.0193,-0.8830,1.4362,0.94231,5.8388,-1.3861,0.84006
993.1000,6.0182,-0.8826,1.4366,0.94232,5.8379,-1.3866,0.84016
993.2000,6.0173,-0.8821,1.4371,0.94232,5.8379,-1.3865,0.84019
993.3000,6.0160,-0.8814,1.4381,0.94231,5.8387,-1.3857,0.84018
993.4000,6.0152,-0.8810,1.4387,0.94231,5.8394,-1.3850,0.84018
993.5000,6.0144,-0.8805,1.4394,0.94231,5.8398,-1.3843,0.84017
993.6000,6.0134,-0.8799,1.4403,0.94232,5.8399,-1.3838,0.84015
993.7000,6.0125,-0.8793,1.4411,0.94234,5.8397,-1.3834,0.84016
993.8000,6.0117,-0.8790,1.4417,0.94236,5.8395,-1.3832,0.84020
993.9000,6.0107,-0.8785,1.4426,0.94240,5.8389,-1.3828,0.84026
994.0000,6.0085,-0.8775,1.4443,0.94245,5.8368,-1.3813,0.84039
994.1000,6.0070,-0.8768,1.4454,0.94249,5.8349,-1.3789,0.84045
994.2000,6.0058,-0.8763,1.4463,0.94253,5.8334,-1.3776,0.84049
994.3000,6.0048,-0.8759,1.4470,0.94256,5.8316,-1.3765,0.84057
994.4000,6.0027,-0.8751,1.4485,0.94262,5.8274,-1.3750,0.84066
994.5000,6.0012,-0.8747,1.4497,0.94264,5.8233,-1.3737,0.84074
994.6000,6.0000,-0.8744,1.4505,0.94265,5.8207,-1.3725,0.84075
994.7000,5.9983,-0.8740,1.4518,0.94265,5.8167,-1.3705,0.84078
994.8000,5.9964,-0.8735,1.4533,0.94266,5.8113,-1.3680,0.84078
994.9000,5.9954,-0.8732,1.4541,0.94266,5.8079,-1.3670,0.84080
995.0000,5.9949,-0.8731,1.4546,0.94266,5.8065,-1.3671,0.84078
995.1000,5.9944,-0.8729,1.4550,0.94266,5.8051,-1.3676,0.84078
995.2000,5.9937,-0.8727,1.4560,0.94264,5.8027,-1.3686,0.84072
995.3000,5.9932,-0.8724,1.4571,0.94262,5.8008,-1.3688,0.84066
995.4000,5.9931,-0.8721,1.4581,0.94261,5.8001,-1.3683,0.84062
995.5000,5.9931,-0.8719,1.4587,0.94261,5.8004,-1.3676,0.84061
995.6000,5.9932,-0.8716,1.4596,0.94261,5.8011,-1.3670,0.84060
995.7000,5.9936,-0.8713,1.4608,0.94258,5.8033,-1.3664,0.84056
995.8000,5.9940,-0.8711,1.4620,0.94256,5.8053,-1.3660,0.84052
995.9000,5.9944,-0.8709,1.4635,0.94253,5.8074,-1.3664,0.84046
996.0000,5.9950,-0.8708,1.4655,0.94245,5.8110,-1.3679,0.84031
996.1000,5.9954,-0.8708,1.4672,0.94239,5.8127,-1.3697,0.84024
996.2000,5.9957,-0.8707,1.4692,0.94234,5.8136,-1.3724,0.84015
996.3000,5.9959,-0.8706,1.4712,0.94231,5.8151,-1.3754,0.84016
996.4000,5.9960,-0.8702,1.4733,0.94229,5.8171,-1.3774,0.84017
996.5000,5.9961,-0.8694,1.4751,0.94228,5.8183,-1.3777,0.84021
996.6000,5.9961,-0.8683,1.4766,0.94229,5.8182,-1.3765,0.84024
996.7000,5.9961,-0.8671,1.4777,0.94230,5.8176,-1.3743,0.84034
996.8000,5.9961,-0.8655,1.4785,0.94233,5.8165,-1.3705,0.84043
996.9000,5.9962,-0.8639,1.4791,0.94233,5.8151,-1.3667,0.84051
997.0000,5.9965,-0.8620,1.4796,0.94233,5.8141,-1.3620,0.84053
997.1000,5.9970,-0.8604,1.4799,0.94230,5.8132,-1.3579,0.84050
997.2000,5.9977,-0.8591,1.4801,0.94227,5.8125,-1.3538,0.84051
997.3000,5.9985,-0.8580,1.4797,0.94222,5.8121,-1.3494,0.84045
997.4000,5.9994,-0.8574,1.4789,0.94217,5.8107,-1.3441,0.84040
997.5000,6.0006,-0.8570,1.4779,0.94213,5.8091,-1.3390,0.84035
997.6000,6.0014,-0.8570,1.4773,0.94211,5.8081,-1.3366,0.84032
997.7000,6.0022,-0.8571,1.4766,0.94210,5.8076,-1.3352,0.84027
997.8000,6.0029,-0.8573,1.4761,0.94209,5.8076,-1.3346,0.84022
997.9000,6.0040,-0.8576,1.4753,0.94206,5.8087,-1.3345,0.84015
998.0000,6.0053,-0.8582,1.4744,0.94202,5.8098,-1.3351,0.84010
998.1000,6.0068,-0.8589,1.4732,0.94195,5.8111,-1.3365,0.83999
998.2000,6.0090,-0.8598,1.4712,0.94190,5.8120,-1.3398,0.83988
998.3000,6.0112,-0.8607,1.4690,0.94186,5.8122,-1.3422,0.83977
998.4000,6.0123,-0.8611,1.4678,0.94185,5.8123,-1.3428,0.83977
998.5000,6.0137,-0.8616,1.4662,0.94184,5.8126,-1.3438,0.83973
998.6000,6.0148,-0.8619,1.4649,0.94183,5.8131,-1.3448,0.83970
998.7000,6.0163,-0.8624,1.4633,0.94181,5.8138,-1.3462,0.83967
998.8000,6.0184,-0.8631,1.4610,0.94178,5.8160,-1.3489,0.83958
998.9000,6.0202,-0.8635,1.4592,0.94175,5.8182,-1.3512,0.83954
999.0000,6.0215,-0.8637,1.4582,0.94174,5.8197,-1.3519,0.83950
999.1000,6.0231,-0.8639,1.4572,0.94172,5.8231,-1.3529,0.83947
999.2000,6.0242,-0.8638,1.4567,0.94170,5.8258,-1.3538,0.83945
999.3000,6.0256,-0.8637,1.4564,0.94167,5.8308,-1.3558,0.83939
999.4000,6.0267,-0.8632,1.4568,0.94165,5.8341,-1.3590,0.83933
999.5000,6.0273,-0.8627,1.4576,0.94165,5.8352,-1.3618,0.83939
999.6000,6.0274,-0.8618,1.4590,0.94167,5.8350,-1.3637,0.83948
999.7000,6.0273,-0.8604,1.4609,0.94170,5.8354,-1.3614,0.83953
999.8000,6.0268,-0.8588,1.4631,0.94179,5.8361,-1.3548,0.83964
999.9000,6.0265,-0.8575,1.4647,0.94185,5.8366,-1.3495,0.83973
1000.0000,6.0260,-0.8567,1.4660,0.94188,5.8370,-1.3465,0.83975
1000.1000,6.0256,-0.8563,1.4669,0.94189,5.8370,-1.3450,0.83980
1000.2000,6.0251,-0.8559,1.4677,0.94190,5.8368,-1.3432,0.83983
1000.3000,6.0247,-0.8557,1.4683,0.94190,5.8360,-1.3422,0.83983
1000.4000,6.0237,-0.8556,1.4692,0.94192,5.8328,-1.3407,0.83985
1000.5000,6.0229,-0.8557,1.4697,0.94194,5.8300,-1.3391,0.83985
1000.6000,6.0222,-0.8559,1.4699,0.94197,5.8267,-1.3371,0.83984
1000.7000,6.0219,-0.8561,1.4699,0.94199,5.8241,-1.3360,0.83987
1000.8000,6.0215,-0.8567,1.4696,0.94199,5.8207,-1.3346,0.83986
1000.9000,6.0215,-0.8573,1.4691,0.94198,5.8158,-1.3336,0.83985
1001.0000,6.0217,-0.8578,1.4687,0.94196,5.8134,-1.3341,0.83979
1001.1000,6.0222,-0.8586,1.4682,0.94193,5.8119,-1.3355,0.83973
1001.2000,6.0226,-0.8590,1.4679,0.94191,5.8112,-1.3373,0.83968
1001.3000,6.0231,-0.8596,1.4675,0.94189,5.8109,-1.3393,0.83965
1001.4000,6.0241,-0.8605,1.4669,0.94187,5.8108,-1.3430,0.83957
1001.5000,6.0255,-0.8615,1.4660,0.94187,5.8118,-1.3467,0.83955
1001.6000,6.0269,-0.8623,1.4652,0.94185,5.8141,-1.3504,0.83947
1001.7000,6.0293,-0.8632,1.4638,0.94182,5.8172,-1.3548,0.83940
1001.8000,6.0313,-0.8637,1.4623,0.94179,5.8204,-1.3598,0.83936
1001.9000,6.0331,-0.8640,1.4605,0.94178,5.8224,-1.3642,0.83933
1002.0000,6.0345,-0.8641,1.4588,0.94176,5.8243,-1.3667,0.83931
1002.1000,6.0362,-0.8638,1.4566,0.94177,5.8274,-1.3678,0.83933
1002.2000,6.0372,-0.8636,1.4552,0.94179,5.8305,-1.3676,0.83933
1002.3000,6.0376,-0.8635,1.4546,0.94179,5.8322,-1.3674,0.83938
1002.4000,6.0383,-0.8632,1.4535,0.94180,5.8348,-1.3670,0.83938
1002.5000,6.0388,-0.8629,1.4528,0.94182,5.8362,-1.3668,0.83942
1002.6000,6.0394,-0.8626,1.4519,0.94183,5.8381,-1.3664,0.83944
1002.7000,6.0401,-0.8622,1.4510,0.94184,5.8399,-1.3660,0.83947
1002.8000,6.0405,-0.8619,1.4502,0.94184,5.8409,-1.3653,0.83949
1002.9000,6.0407,-0.8616,1.4496,0.94184,5.8417,-1.3644,0.83952
