t,gt_x,gt_y,gt_z,gt_yaw,est_x,est_y,est_yaw
244.7000,-0.0103,0.0049,2.3450,-0.03811,-0.0283,0.0062,-0.11129
244.8000,-0.0104,0.0041,2.3425,-0.03826,-0.0312,0.0081,-0.11141
244.9000,-0.0109,0.0030,2.3445,-0.03838,-0.0336,0.0089,-0.11153
245.0000,-0.0104,0.0011,2.3478,-0.03851,-0.0355,0.0087,-0.11164
245.1000,-0.0093,-0.0007,2.3419,-0.03862,-0.0362,0.0081,-0.11181
245.2000,-0.0090,-0.0029,2.3352,-0.03868,-0.0358,0.0066,-0.11193
245.3000,-0.0084,-0.0055,2.3301,-0.03871,-0.0345,0.0043,-0.11188
245.4000,-0.0075,-0.0079,2.3298,-0.03870,-0.0329,0.0018,-0.11185
245.5000,-0.0060,-0.0103,2.3318,-0.03867,-0.0312,-0.0007,-0.11181
245.6000,-0.0041,-0.0128,2.3351,-0.03861,-0.0284,-0.0035,-0.11175
245.7000,-0.0021,-0.0153,2.3400,-0.03854,-0.0251,-0.0069,-0.11164
245.8000,0.0003,-0.0180,2.3440,-0.03849,-0.0213,-0.0113,-0.11157
245.9040,0.0021,-0.0206,2.3456,-0.03846,-0.0180,-0.0155,-0.11159
246.0000,0.0035,-0.0227,2.3436,-0.03842,-0.0149,-0.0196,-0.11166
246.1000,0.0042,-0.0249,2.3367,-0.03767,-0.0125,-0.0226,-0.11113
246.2000,0.0037,-0.0268,2.3348,-0.03709,-0.0113,-0.0245,-0.11059
246.3000,0.0037,-0.0280,2.3335,-0.03681,-0.0106,-0.0258,-0.11021
246.4000,0.0034,-0.0291,2.3260,-0.03666,-0.0105,-0.0265,-0.10996
246.5000,0.0021,-0.0296,2.3253,-0.03672,-0.0118,-0.0269,-0.10986
246.6000,0.0009,-0.0298,2.3324,-0.03696,-0.0140,-0.0272,-0.10989
246.7000,0.0006,-0.0296,2.3369,-0.03730,-0.0161,-0.0274,-0.11000
246.8000,-0.0001,-0.0292,2.3358,-0.03768,-0.0178,-0.0277,-0.11022
246.9000,-0.0012,-0.0286,2.3295,-0.03807,-0.0187,-0.0280,-0.11049
247.0000,-0.0030,-0.0278,2.3263,-0.03849,-0.0199,-0.0283,-0.11083
247.1000,-0.0044,-0.0269,2.3193,-0.03887,-0.0214,-0.0282,-0.11112
247.2000,-0.0061,-0.0258,2.3178,-0.03921,-0.0229,-0.0276,-0.11137
247.3000,-0.0070,-0.0245,2.3168,-0.03949,-0.0243,-0.0264,-0.11157
247.4000,-0.0078,-0.0231,2.3181,-0.03971,-0.0251,-0.0246,-0.11174
247.5000,-0.0081,-0.0216,2.3211,-0.03985,-0.0254,-0.0220,-0.11193
247.6000,-0.0084,-0.0199,2.3261,-0.03991,-0.0251,-0.0190,-0.11205
247.7000,-0.0083,-0.0180,2.3329,-0.03992,-0.0241,-0.0171,-0.11220
247.8000,-0.0081,-0.0166,2.3372,-0.03990,-0.0229,-0.0155,-0.11233
247.9000,-0.0078,-0.0153,2.3387,-0.03986,-0.0218,-0.0140,-0.11240
248.0000,-0.0081,-0.0139,2.3406,-0.03977,-0.0210,-0.0120,-0.11241
248.1000,-0.0084,-0.0128,2.3433,-0.03965,-0.0204,-0.0101,-0.11233
248.2000,-0.0087,-0.0119,2.3461,-0.03951,-0.0195,-0.0089,-0.11223
248.3000,-0.0087,-0.0111,2.3437,-0.03938,-0.0178,-0.0086,-0.11212
248.4000,-0.0093,-0.0106,2.3404,-0.03927,-0.0157,-0.0090,-0.11208
248.5000,-0.0102,-0.0102,2.3406,-0.03916,-0.0139,-0.0094,-0.11204
248.6000,-0.0108,-0.0099,2.3418,-0.03908,-0.0123,-0.0095,-0.11202
248.7000,-0.0116,-0.0098,2.3423,-0.03899,-0.0115,-0.0104,-0.11194
248.8000,-0.0129,-0.0097,2.3465,-0.03889,-0.0114,-0.0121,-0.11184
248.9000,-0.0139,-0.0098,2.3499,-0.03882,-0.0117,-0.0144,-0.11173
249.0000,-0.0151,-0.0099,2.3518,-0.03876,-0.0126,-0.0163,-0.11168
249.1000,-0.0169,-0.0099,2.3556,-0.03872,-0.0145,-0.0178,-0.11163
249.2000,-0.0188,-0.0099,2.3587,-0.03868,-0.0169,-0.0186,-0.11159
249.3000,-0.0208,-0.0096,2.3604,-0.03865,-0.0195,-0.0187,-0.11155
249.4000,-0.0230,-0.0091,2.3613,-0.03865,-0.0233,-0.0171,-0.11159
249.5000,-0.0253,-0.0084,2.3622,-0.03864,-0.0264,-0.0151,-0.11166
249.6000,-0.0275,-0.0077,2.3651,-0.03862,-0.0301,-0.0122,-0.11170
249.7000,-0.0293,-0.0068,2.3701,-0.03860,-0.0329,-0.0106,-0.11171
249.8000,-0.0303,-0.0062,2.3739,-0.03860,-0.0352,-0.0098,-0.11169
249.9000,-0.0312,-0.0057,2.3698,-0.03862,-0.0373,-0.0100,-0.11175
250.0000,-0.0323,-0.0054,2.3641,-0.03863,-0.0395,-0.0104,-0.11177
250.1000,-0.0337,-0.0053,2.3624,-0.03862,-0.0410,-0.0104,-0.11178
250.2000,-0.0343,-0.0052,2.3651,-0.03860,-0.0416,-0.0103,-0.11176
250.3000,-0.0340,-0.0053,2.3691,-0.03858,-0.0413,-0.0103,-0.11176
250.4000,-0.0326,-0.0055,2.3690,-0.03855,-0.0404,-0.0105,-0.11178
250.5000,-0.0321,-0.0057,2.3660,-0.03851,-0.0391,-0.0110,-0.11182
250.6000,-0.0316,-0.0061,2.3686,-0.03847,-0.0378,-0.0112,-0.11190
250.7000,-0.0307,-0.0064,2.3739,-0.03843,-0.0367,-0.0113,-0.11192
250.8000,-0.0295,-0.0069,2.3794,-0.03839,-0.0361,-0.0115,-0.11195
250.9000,-0.0282,-0.0074,2.3853,-0.03835,-0.0357,-0.0122,-0.11194
251.0000,-0.0270,-0.0081,2.3905,-0.03831,-0.0350,-0.0130,-0.11195
251.1000,-0.0255,-0.0087,2.3877,-0.03826,-0.0337,-0.0136,-0.11185
251.2000,-0.0251,-0.0093,2.3865,-0.03818,-0.0320,-0.0140,-0.11169
251.3000,-0.0244,-0.0098,2.3847,-0.03810,-0.0304,-0.0137,-0.11148
251.4000,-0.0238,-0.0104,2.3857,-0.03801,-0.0287,-0.0130,-0.11126
251.5000,-0.0228,-0.0110,2.3832,-0.03796,-0.0277,-0.0123,-0.11112
251.6000,-0.0223,-0.0117,2.3840,-0.03795,-0.0269,-0.0116,-0.11103
251.7000,-0.0213,-0.0125,2.3816,-0.03800,-0.0263,-0.0117,-0.11104
251.8000,-0.0209,-0.0135,2.3801,-0.03809,-0.0262,-0.0136,-0.11119
251.9000,-0.0202,-0.0147,2.3756,-0.03822,-0.0267,-0.0161,-0.11142
252.0000,-0.0201,-0.0161,2.3712,-0.03837,-0.0274,-0.0189,-0.11166
252.1000,-0.0196,-0.0174,2.3653,-0.03850,-0.0275,-0.0217,-0.11187
252.2000,-0.0195,-0.0187,2.3596,-0.03859,-0.0272,-0.0249,-0.11198
252.3000,-0.0193,-0.0197,2.3587,-0.03862,-0.0266,-0.0283,-0.11202
252.4000,-0.0186,-0.0206,2.3598,-0.03861,-0.0257,-0.0307,-0.11199
252.5000,-0.0174,-0.0211,2.3582,-0.03855,-0.0247,-0.0325,-0.11191
252.6000,-0.0168,-0.0213,2.3552,-0.03846,-0.0240,-0.0340,-0.11182
252.7000,-0.0165,-0.0211,2.3570,-0.03835,-0.0233,-0.0355,-0.11171
252.8000,-0.0161,-0.0206,2.3595,-0.03827,-0.0225,-0.0365,-0.11159
252.9000,-0.0156,-0.0199,2.3616,-0.03820,-0.0218,-0.0371,-0.11148
253.0000,-0.0154,-0.0190,2.3632,-0.03816,-0.0206,-0.0372,-0.11143
253.1000,-0.0152,-0.0178,2.3620,-0.03813,-0.0191,-0.0366,-0.11138
253.2000,-0.0156,-0.0163,2.3610,-0.03811,-0.0178,-0.0354,-0.11135
253.3000,-0.0159,-0.0147,2.3576,-0.03812,-0.0175,-0.0333,-0.11129
253.4000,-0.0170,-0.0131,2.3577,-0.03814,-0.0181,-0.0303,-0.11119
253.5000,-0.0178,-0.0110,2.3565,-0.03817,-0.0196,-0.0272,-0.11104
253.6000,-0.0189,-0.0093,2.3545,-0.03823,-0.0219,-0.0241,-0.11092
253.7000,-0.0201,-0.0077,2.3548,-0.03831,-0.0246,-0.0217,-0.11084
253.8000,-0.0211,-0.0064,2.3566,-0.03841,-0.0274,-0.0191,-0.11080
253.9000,-0.0218,-0.0051,2.3575,-0.03856,-0.0297,-0.0164,-0.11090
254.0000,-0.0224,-0.0042,2.3565,-0.03872,-0.0316,-0.0136,-0.11110
254.1000,-0.0228,-0.0035,2.3554,-0.03888,-0.0326,-0.0113,-0.11134
254.2000,-0.0232,-0.0030,2.3525,-0.03904,-0.0334,-0.0096,-0.11161
254.3000,-0.0234,-0.0029,2.3525,-0.03917,-0.0337,-0.0087,-0.11183
254.4000,-0.0231,-0.0030,2.3514,-0.03928,-0.0334,-0.0089,-0.11199
254.5000,-0.0226,-0.0034,2.3526,-0.03935,-0.0329,-0.0098,-0.11210
254.6000,-0.0219,-0.0040,2.3554,-0.03937,-0.0323,-0.0109,-0.11216
254.7000,-0.0210,-0.0049,2.3588,-0.03935,-0.0317,-0.0124,-0.11219
254.8000,-0.0199,-0.0059,2.3602,-0.03928,-0.0315,-0.0142,-0.11221
254.9000,-0.0191,-0.0068,2.3588,-0.03918,-0.0321,-0.0153,-0.11221
255.0000,-0.0187,-0.0075,2.3585,-0.03905,-0.0335,-0.0156,-0.11213
255.1000,-0.0182,-0.0081,2.3568,-0.03890,-0.0349,-0.0151,-0.11201
255.2000,-0.0178,-0.0086,2.3555,-0.03874,-0.0359,-0.0139,-0.11185
255.3000,-0.0171,-0.0089,2.3494,-0.03858,-0.0366,-0.0125,-0.11169
255.4000,-0.0168,-0.0092,2.3469,-0.03844,-0.0369,-0.0107,-0.11153
255.5000,-0.0160,-0.0095,2.3453,-0.03835,-0.0364,-0.0090,-0.11138
255.6000,-0.0149,-0.0099,2.3459,-0.03830,-0.0352,-0.0072,-0.11131
255.7000,-0.0135,-0.0105,2.3486,-0.03830,-0.0330,-0.0051,-0.11125
255.8000,-0.0119,-0.0111,2.3541,-0.03834,-0.0299,-0.0029,-0.11126
255.9000,-0.0095,-0.0121,2.3542,-0.03842,-0.0268,-0.0010,-0.11130
256.0000,-0.0080,-0.0132,2.3493,-0.03851,-0.0241,0.0005,-0.11142
256.1000,-0.0072,-0.0146,2.3463,-0.03860,-0.0215,0.0014,-0.11154
256.2000,-0.0067,-0.0162,2.3468,-0.03868,-0.0190,0.0011,-0.11167
256.3000,-0.0059,-0.0183,2.3477,-0.03877,-0.0169,-0.0003,-0.11183
256.4000,-0.0053,-0.0209,2.3501,-0.03885,-0.0151,-0.0024,-0.11198
256.5000,-0.0046,-0.0239,2.3543,-0.03888,-0.0142,-0.0046,-0.11208
256.6000,-0.0041,-0.0268,2.3543,-0.03887,-0.0135,-0.0068,-0.11215
256.7000,-0.0044,-0.0296,2.3504,-0.03882,-0.0135,-0.0084,-0.11211
256.8000,-0.0051,-0.0322,2.3482,-0.03875,-0.0143,-0.0105,-0.11204
256.9000,-0.0060,-0.0347,2.3446,-0.03868,-0.0151,-0.0127,-0.11196
257.0000,-0.0074,-0.0377,2.3441,-0.03858,-0.0156,-0.0153,-0.11178
257.1000,-0.0081,-0.0398,2.3459,-0.03851,-0.0164,-0.0180,-0.11160
257.2000,-0.0087,-0.0422,2.3483,-0.03845,-0.0174,-0.0211,-0.11141
257.3000,-0.0096,-0.0444,2.3496,-0.03842,-0.0192,-0.0238,-0.11133
257.4000,-0.0105,-0.0465,2.3549,-0.03841,-0.0213,-0.0259,-0.11130
257.5000,-0.0113,-0.0481,2.3543,-0.03841,-0.0234,-0.0280,-0.11129
257.6000,-0.0126,-0.0495,2.3556,-0.03845,-0.0257,-0.0306,-0.11128
257.7000,-0.0138,-0.0506,2.3589,-0.03850,-0.0275,-0.0330,-0.11126
257.8000,-0.0146,-0.0515,2.3625,-0.03857,-0.0288,-0.0356,-0.11127
257.9000,-0.0151,-0.0521,2.3661,-0.03863,-0.0292,-0.0374,-0.11127
258.0000,-0.0153,-0.0524,2.3678,-0.03868,-0.0287,-0.0383,-0.11134
258.1000,-0.0156,-0.0524,2.3630,-0.03874,-0.0279,-0.0384,-0.11145
258.2000,-0.0166,-0.0520,2.3644,-0.03880,-0.0274,-0.0388,-0.11153
258.3000,-0.0167,-0.0514,2.3682,-0.03887,-0.0278,-0.0399,-0.11150
258.4000,-0.0165,-0.0507,2.3662,-0.03891,-0.0288,-0.0416,-0.11138
258.5000,-0.0168,-0.0497,2.3655,-0.03896,-0.0298,-0.0430,-0.11128
258.6000,-0.0171,-0.0486,2.3629,-0.03901,-0.0312,-0.0441,-0.11119
258.7000,-0.0177,-0.0471,2.3664,-0.03906,-0.0323,-0.0442,-0.11116
258.8000,-0.0176,-0.0455,2.3729,-0.03910,-0.0330,-0.0437,-0.11114
258.9000,-0.0171,-0.0435,2.3797,-0.03915,-0.0333,-0.0432,-0.11113
259.0000,-0.0165,-0.0412,2.3866,-0.03919,-0.0333,-0.0428,-0.11115
259.1000,-0.0156,-0.0386,2.3875,-0.03924,-0.0328,-0.0428,-0.11124
259.2000,-0.0153,-0.0359,2.3846,-0.03929,-0.0322,-0.0427,-0.11132
259.3000,-0.0156,-0.0330,2.3858,-0.03935,-0.0317,-0.0423,-0.11139
259.4000,-0.0152,-0.0294,2.3877,-0.03939,-0.0307,-0.0409,-0.11142
259.5000,-0.0146,-0.0263,2.3881,-0.03941,-0.0299,-0.0389,-0.11141
259.6000,-0.0140,-0.0229,2.3837,-0.03941,-0.0296,-0.0365,-0.11127
259.7000,-0.0141,-0.0194,2.3841,-0.03942,-0.0297,-0.0338,-0.11112
259.8000,-0.0138,-0.0160,2.3878,-0.03944,-0.0301,-0.0305,-0.11093
259.9000,-0.0131,-0.0125,2.3929,-0.03947,-0.0308,-0.0270,-0.11074
260.0000,-0.0121,-0.0092,2.3963,-0.03954,-0.0319,-0.0232,-0.11056
260.1000,-0.0110,-0.0059,2.3955,-0.03967,-0.0327,-0.0199,-0.11056
260.2000,-0.0109,-0.0019,2.3883,-0.03937,-0.0334,-0.0164,-0.11029
260.3000,-0.0105,0.0001,2.3849,-0.03941,-0.0336,-0.0133,-0.11030
260.4000,-0.0093,0.0014,2.3814,-0.03962,-0.0322,-0.0111,-0.11058
260.5000,-0.0079,0.0025,2.3777,-0.03987,-0.0299,-0.0085,-0.11094
260.6000,-0.0063,0.0036,2.3705,-0.04010,-0.0272,-0.0052,-0.11126
260.7000,-0.0052,0.0047,2.3635,-0.04027,-0.0237,-0.0011,-0.11147
260.8000,-0.0045,0.0056,2.3613,-0.04038,-0.0206,0.0021,-0.11162
260.9000,-0.0033,0.0064,2.3628,-0.04050,-0.0170,0.0044,-0.11179
261.0000,-0.0020,0.0066,2.3654,-0.04065,-0.0143,0.0049,-0.11195
261.1000,-0.0010,0.0063,2.3648,-0.04076,-0.0110,0.0049,-0.11208
261.2000,-0.0001,0.0056,2.3607,-0.04087,-0.0083,0.0043,-0.11214
261.3000,-0.0001,0.0046,2.3519,-0.04092,-0.0055,0.0035,-0.11210
261.4000,-0.0007,0.0033,2.3407,-0.04094,-0.0034,0.0027,-0.11197
261.5000,-0.0016,0.0022,2.3261,-0.04094,-0.0030,0.0018,-0.11197
261.6000,-0.0035,0.0006,2.3054,-0.04093,-0.0037,0.0004,-0.11200
261.7000,-0.0060,-0.0009,2.2919,-0.04091,-0.0057,-0.0016,-0.11209
261.8000,-0.0076,-0.0023,2.2805,-0.04090,-0.0080,-0.0030,-0.11223
261.9000,-0.0101,-0.0041,2.2681,-0.04087,-0.0112,-0.0042,-0.11241
262.0000,-0.0125,-0.0058,2.2575,-0.04079,-0.0145,-0.0050,-0.11253
262.1000,-0.0145,-0.0072,2.2482,-0.04067,-0.0174,-0.0051,-0.11264
262.2000,-0.0168,-0.0087,2.2406,-0.04050,-0.0204,-0.0049,-0.11272
262.3000,-0.0182,-0.0102,2.2354,-0.04047,-0.0229,-0.0046,-0.11284
262.4000,-0.0199,-0.0116,2.2293,-0.04056,-0.0252,-0.0043,-0.11304
262.5000,-0.0215,-0.0122,2.2216,-0.04045,-0.0272,-0.0039,-0.11302
262.6000,-0.0233,-0.0128,2.2100,-0.04024,-0.0288,-0.0036,-0.11282
262.7000,-0.0252,-0.0136,2.2039,-0.04003,-0.0305,-0.0035,-0.11260
262.8000,-0.0265,-0.0145,2.2031,-0.03980,-0.0320,-0.0039,-0.11238
262.9000,-0.0268,-0.0159,2.2013,-0.03957,-0.0338,-0.0047,-0.11219
263.0000,-0.0275,-0.0175,2.1982,-0.03935,-0.0358,-0.0058,-0.11208
263.1000,-0.0278,-0.0191,2.1962,-0.03918,-0.0379,-0.0075,-0.11198
263.2000,-0.0280,-0.0209,2.1906,-0.03900,-0.0397,-0.0090,-0.11192
263.3000,-0.0284,-0.0226,2.1900,-0.03886,-0.0411,-0.0105,-0.11186
263.4000,-0.0281,-0.0244,2.1936,-0.03872,-0.0419,-0.0118,-0.11173
263.5000,-0.0273,-0.0259,2.1950,-0.03860,-0.0417,-0.0128,-0.11158
263.6000,-0.0261,-0.0274,2.1938,-0.03848,-0.0409,-0.0143,-0.11147
263.7000,-0.0256,-0.0290,2.1900,-0.03840,-0.0395,-0.0161,-0.11139
263.8000,-0.0250,-0.0304,2.1924,-0.03837,-0.0372,-0.0184,-0.11135
263.9000,-0.0238,-0.0317,2.1963,-0.03838,-0.0347,-0.0207,-0.11138
264.0000,-0.0224,-0.0329,2.1977,-0.03840,-0.0319,-0.0228,-0.11129
264.1000,-0.0208,-0.0340,2.1941,-0.03844,-0.0296,-0.0244,-0.11128
264.2000,-0.0201,-0.0349,2.1872,-0.03848,-0.0277,-0.0252,-0.11121
264.3000,-0.0201,-0.0356,2.1851,-0.03852,-0.0264,-0.0254,-0.11111
264.4000,-0.0198,-0.0361,2.1899,-0.03857,-0.0252,-0.0252,-0.11105
264.5000,-0.0188,-0.0366,2.1928,-0.03863,-0.0237,-0.0247,-0.11102
264.6000,-0.0183,-0.0368,2.1969,-0.03870,-0.0230,-0.0246,-0.11102
264.7000,-0.0177,-0.0371,2.1983,-0.03880,-0.0233,-0.0249,-0.11107
264.8000,-0.0181,-0.0374,2.1994,-0.03892,-0.0245,-0.0260,-0.11114
264.9000,-0.0183,-0.0378,2.2047,-0.03905,-0.0259,-0.0273,-0.11123
265.0000,-0.0185,-0.0381,2.2078,-0.03918,-0.0269,-0.0287,-0.11134
265.1000,-0.0189,-0.0385,2.2125,-0.03929,-0.0274,-0.0302,-0.11142
265.2000,-0.0191,-0.0387,2.2180,-0.03937,-0.0279,-0.0321,-0.11150
265.3000,-0.0192,-0.0390,2.2256,-0.03945,-0.0285,-0.0338,-0.11150
265.4000,-0.0192,-0.0390,2.2326,-0.03950,-0.0292,-0.0353,-0.11148
265.5000,-0.0192,-0.0388,2.2358,-0.03954,-0.0296,-0.0361,-0.11144
265.6000,-0.0195,-0.0384,2.2415,-0.03957,-0.0296,-0.0363,-0.11144
265.7000,-0.0194,-0.0377,2.2442,-0.03957,-0.0287,-0.0365,-0.11146
265.8000,-0.0195,-0.0370,2.2462,-0.03957,-0.0276,-0.0364,-0.11154
265.9000,-0.0195,-0.0361,2.2455,-0.03958,-0.0265,-0.0365,-0.11156
266.0000,-0.0197,-0.0350,2.2469,-0.03958,-0.0254,-0.0363,-0.11160
266.1000,-0.0196,-0.0338,2.2501,-0.03959,-0.0240,-0.0355,-0.11163
266.2000,-0.0195,-0.0326,2.2522,-0.03958,-0.0226,-0.0342,-0.11161
266.3000,-0.0196,-0.0312,2.2564,-0.03956,-0.0212,-0.0331,-0.11158
266.4000,-0.0195,-0.0300,2.2616,-0.03958,-0.0203,-0.0318,-0.11150
266.5000,-0.0192,-0.0291,2.2654,-0.03993,-0.0201,-0.0303,-0.11180
266.6000,-0.0198,-0.0270,2.2705,-0.04007,-0.0198,-0.0277,-0.11191
266.7000,-0.0203,-0.0249,2.2711,-0.04012,-0.0195,-0.0246,-0.11194
266.8000,-0.0212,-0.0229,2.2701,-0.04012,-0.0199,-0.0211,-0.11194
266.9000,-0.0222,-0.0215,2.2691,-0.04008,-0.0213,-0.0183,-0.11182
267.0000,-0.0231,-0.0203,2.2681,-0.04004,-0.0234,-0.0160,-0.11166
267.1000,-0.0238,-0.0194,2.2628,-0.03997,-0.0253,-0.0146,-0.11150
267.2000,-0.0251,-0.0189,2.2576,-0.03992,-0.0272,-0.0133,-0.11135
267.3000,-0.0260,-0.0187,2.2561,-0.03988,-0.0284,-0.0124,-0.11130
267.4000,-0.0265,-0.0187,2.2575,-0.03985,-0.0288,-0.0121,-0.11132
267.5000,-0.0261,-0.0190,2.2552,-0.03985,-0.0282,-0.0130,-0.11135
267.6000,-0.0254,-0.0189,2.2499,-0.04005,-0.0279,-0.0149,-0.11153
267.7000,-0.0261,-0.0198,2.2467,-0.04039,-0.0283,-0.0182,-0.11196
267.8000,-0.0265,-0.0215,2.2436,-0.04073,-0.0293,-0.0218,-0.11234
267.9000,-0.0271,-0.0230,2.2426,-0.04091,-0.0314,-0.0255,-0.11260
268.0000,-0.0272,-0.0241,2.2460,-0.04091,-0.0341,-0.0284,-0.11275
268.1000,-0.0268,-0.0248,2.2496,-0.04074,-0.0376,-0.0310,-0.11280
268.2000,-0.0264,-0.0251,2.2554,-0.04042,-0.0407,-0.0326,-0.11275
268.3000,-0.0256,-0.0249,2.2611,-0.04008,-0.0434,-0.0332,-0.11255
268.4000,-0.0245,-0.0243,2.2655,-0.03972,-0.0447,-0.0322,-0.11227
268.5000,-0.0233,-0.0232,2.2704,-0.03933,-0.0445,-0.0296,-0.11188
268.6000,-0.0211,-0.0216,2.2747,-0.03889,-0.0434,-0.0267,-0.11145
268.7000,-0.0190,-0.0200,2.2754,-0.03859,-0.0417,-0.0236,-0.11104
268.8000,-0.0172,-0.0184,2.2770,-0.03839,-0.0401,-0.0208,-0.11079
268.9000,-0.0149,-0.0168,2.2802,-0.03828,-0.0380,-0.0181,-0.11063
269.0000,-0.0126,-0.0155,2.2846,-0.03827,-0.0356,-0.0158,-0.11057
269.1000,-0.0091,-0.0141,2.2884,-0.03837,-0.0329,-0.0145,-0.11069
269.2000,-0.0063,-0.0132,2.2902,-0.03851,-0.0304,-0.0136,-0.11095
269.3000,-0.0037,-0.0126,2.2920,-0.03868,-0.0287,-0.0130,-0.11117
269.4000,-0.0012,-0.0121,2.2922,-0.03885,-0.0272,-0.0124,-0.11137
269.5000,0.0014,-0.0125,2.2937,-0.03930,-0.0259,-0.0117,-0.11188
269.6000,0.0034,-0.0121,2.2941,-0.03962,-0.0248,-0.0108,-0.11222
269.7000,0.0052,-0.0113,2.2975,-0.03974,-0.0236,-0.0093,-0.11232
269.8000,0.0077,-0.0106,2.2996,-0.03973,-0.0224,-0.0081,-0.11230
269.9000,0.0093,-0.0104,2.3009,-0.03968,-0.0210,-0.0075,-0.11220
270.0000,0.0115,-0.0106,2.3029,-0.03959,-0.0189,-0.0076,-0.11207
270.1000,0.0134,-0.0112,2.3068,-0.03948,-0.0165,-0.0084,-0.11192
270.2000,0.0158,-0.0122,2.3096,-0.03936,-0.0137,-0.0092,-0.11179
270.3000,0.0180,-0.0133,2.3129,-0.03924,-0.0112,-0.0098,-0.11166
270.4000,0.0198,-0.0146,2.3151,-0.03913,-0.0087,-0.0111,-0.11155
270.5000,0.0216,-0.0161,2.3191,-0.03903,-0.0069,-0.0128,-0.11144
270.6000,0.0229,-0.0176,2.3188,-0.03895,-0.0055,-0.0144,-0.11135
270.7000,0.0238,-0.0193,2.3219,-0.03888,-0.0047,-0.0156,-0.11128
270.8000,0.0245,-0.0208,2.3249,-0.03885,-0.0032,-0.0166,-0.11121
270.9000,0.0250,-0.0222,2.3291,-0.03884,-0.0014,-0.0167,-0.11111
271.0000,0.0254,-0.0234,2.3332,-0.03885,0.0010,-0.0166,-0.11101
271.1000,0.0256,-0.0245,2.3375,-0.03889,0.0031,-0.0163,-0.11095
271.2000,0.0255,-0.0256,2.3413,-0.03895,0.0049,-0.0157,-0.11090
271.3000,0.0250,-0.0267,2.3445,-0.03905,0.0057,-0.0152,-0.11094
271.4000,0.0241,-0.0278,2.3469,-0.03918,0.0065,-0.0147,-0.11104
271.5000,0.0225,-0.0290,2.3485,-0.03933,0.0069,-0.0143,-0.11119
271.6000,0.0208,-0.0302,2.3494,-0.03948,0.0071,-0.0143,-0.11131
271.7000,0.0189,-0.0315,2.3488,-0.03960,0.0068,-0.0150,-0.11138
271.8000,0.0164,-0.0330,2.3478,-0.03971,0.0054,-0.0162,-0.11145
271.9000,0.0137,-0.0345,2.3485,-0.03979,0.0029,-0.0178,-0.11148
272.0000,0.0111,-0.0360,2.3496,-0.03985,-0.0008,-0.0201,-0.11150
272.1000,0.0084,-0.0376,2.3497,-0.03989,-0.0043,-0.0227,-0.11148
272.2000,0.0054,-0.0392,2.3484,-0.03993,-0.0081,-0.0261,-0.11142
272.3000,0.0019,-0.0409,2.3484,-0.03997,-0.0119,-0.0300,-0.11129
272.4000,-0.0009,-0.0423,2.3490,-0.04001,-0.0154,-0.0333,-0.11119
272.5000,-0.0033,-0.0434,2.3482,-0.04005,-0.0190,-0.0364,-0.11115
272.6000,-0.0059,-0.0443,2.3464,-0.04010,-0.0225,-0.0397,-0.11116
272.7000,-0.0082,-0.0449,2.3462,-0.04016,-0.0252,-0.0432,-0.11112
272.8000,-0.0102,-0.0452,2.3463,-0.04022,-0.0265,-0.0468,-0.11114
272.9000,-0.0119,-0.0452,2.3468,-0.04029,-0.0275,-0.0501,-0.11119
273.0000,-0.0133,-0.0448,2.3472,-0.04035,-0.0287,-0.0529,-0.11118
273.1000,-0.0144,-0.0440,2.3465,-0.04040,-0.0297,-0.0543,-0.11116
273.2000,-0.0159,-0.0423,2.3438,-0.04046,-0.0303,-0.0542,-0.11114
273.3000,-0.0171,-0.0405,2.3441,-0.04051,-0.0307,-0.0527,-0.11115
273.4000,-0.0178,-0.0383,2.3430,-0.04054,-0.0307,-0.0496,-0.11112
273.5000,-0.0188,-0.0356,2.3411,-0.04059,-0.0308,-0.0456,-0.11110
273.6000,-0.0197,-0.0322,2.3403,-0.04065,-0.0314,-0.0412,-0.11106
273.7000,-0.0205,-0.0291,2.3402,-0.04071,-0.0319,-0.0375,-0.11106
273.8000,-0.0212,-0.0262,2.3404,-0.04080,-0.0327,-0.0340,-0.11108
273.9000,-0.0217,-0.0236,2.3387,-0.04090,-0.0336,-0.0313,-0.11113
274.0000,-0.0224,-0.0212,2.3371,-0.04100,-0.0342,-0.0290,-0.11117
274.1000,-0.0231,-0.0191,2.3367,-0.04111,-0.0353,-0.0269,-0.11123
274.2000,-0.0237,-0.0170,2.3397,-0.04124,-0.0369,-0.0245,-0.11128
274.3000,-0.0239,-0.0153,2.3418,-0.04134,-0.0383,-0.0222,-0.11124
274.4000,-0.0237,-0.0137,2.3436,-0.04142,-0.0397,-0.0196,-0.11118
274.5000,-0.0237,-0.0123,2.3400,-0.04148,-0.0411,-0.0173,-0.11118
274.6000,-0.0241,-0.0107,2.3391,-0.04156,-0.0420,-0.0149,-0.11119
274.7000,-0.0239,-0.0096,2.3425,-0.04163,-0.0418,-0.0134,-0.11130
274.8000,-0.0229,-0.0088,2.3460,-0.04172,-0.0404,-0.0129,-0.11153
274.9000,-0.0217,-0.0083,2.3457,-0.04181,-0.0384,-0.0130,-0.11184
275.0000,-0.0205,-0.0079,2.3440,-0.04188,-0.0360,-0.0132,-0.11214
275.1000,-0.0196,-0.0076,2.3423,-0.04191,-0.0335,-0.0132,-0.11229
275.2000,-0.0187,-0.0075,2.3450,-0.04191,-0.0309,-0.0130,-0.11230
275.3000,-0.0171,-0.0073,2.3485,-0.04183,-0.0278,-0.0126,-0.11215
275.4000,-0.0158,-0.0072,2.3505,-0.04173,-0.0245,-0.0122,-0.11195
275.5000,-0.0147,-0.0071,2.3521,-0.04161,-0.0215,-0.0116,-0.11171
275.6000,-0.0139,-0.0071,2.3536,-0.04150,-0.0191,-0.0113,-0.11150
275.7000,-0.0132,-0.0071,2.3526,-0.04140,-0.0173,-0.0111,-0.11132
275.8000,-0.0132,-0.0073,2.3525,-0.04135,-0.0167,-0.0112,-0.11123
275.9000,-0.0134,-0.0076,2.3513,-0.04134,-0.0168,-0.0117,-0.11124
276.0000,-0.0140,-0.0079,2.3513,-0.04137,-0.0173,-0.0125,-0.11135
276.1000,-0.0150,-0.0084,2.3561,-0.04145,-0.0177,-0.0135,-0.11148
276.2000,-0.0156,-0.0089,2.3600,-0.04153,-0.0180,-0.0148,-0.11157
276.3000,-0.0162,-0.0093,2.3628,-0.04160,-0.0184,-0.0161,-0.11165
276.4000,-0.0172,-0.0098,2.3637,-0.04166,-0.0188,-0.0176,-0.11162
276.5000,-0.0184,-0.0102,2.3640,-0.04170,-0.0194,-0.0181,-0.11169
276.6000,-0.0199,-0.0104,2.3639,-0.04172,-0.0199,-0.0176,-0.11175
276.7000,-0.0215,-0.0104,2.3666,-0.04171,-0.0201,-0.0165,-0.11172
276.8000,-0.0230,-0.0103,2.3725,-0.04167,-0.0202,-0.0149,-0.11167
276.9000,-0.0238,-0.0102,2.3754,-0.04164,-0.0206,-0.0135,-0.11166
277.0000,-0.0252,-0.0100,2.3768,-0.04161,-0.0212,-0.0127,-0.11160
277.1000,-0.0267,-0.0100,2.3802,-0.04159,-0.0220,-0.0125,-0.11156
277.2000,-0.0280,-0.0100,2.3812,-0.04160,-0.0231,-0.0126,-0.11155
277.3000,-0.0298,-0.0102,2.3792,-0.04162,-0.0245,-0.0128,-0.11155
277.4000,-0.0315,-0.0105,2.3798,-0.04164,-0.0260,-0.0126,-0.11155
277.5000,-0.0329,-0.0107,2.3791,-0.04165,-0.0271,-0.0122,-0.11158
277.6000,-0.0343,-0.0110,2.3781,-0.04165,-0.0278,-0.0121,-0.11156
277.7000,-0.0357,-0.0113,2.3754,-0.04164,-0.0279,-0.0121,-0.11153
277.8000,-0.0371,-0.0117,2.3744,-0.04163,-0.0275,-0.0121,-0.11149
277.9000,-0.0384,-0.0120,2.3732,-0.04163,-0.0270,-0.0122,-0.11148
278.0000,-0.0394,-0.0124,2.3753,-0.04162,-0.0267,-0.0124,-0.11148
278.1000,-0.0402,-0.0127,2.3769,-0.04162,-0.0268,-0.0126,-0.11150
278.2000,-0.0413,-0.0130,2.3791,-0.04162,-0.0268,-0.0134,-0.11150
278.3000,-0.0421,-0.0133,2.3801,-0.04165,-0.0271,-0.0142,-0.11150
278.4000,-0.0431,-0.0136,2.3798,-0.04169,-0.0280,-0.0146,-0.11154
278.5000,-0.0444,-0.0138,2.3784,-0.04172,-0.0287,-0.0145,-0.11158
278.6000,-0.0461,-0.0140,2.3786,-0.04176,-0.0292,-0.0142,-0.11158
278.7000,-0.0471,-0.0142,2.3773,-0.04178,-0.0299,-0.0139,-0.11157
278.8000,-0.0488,-0.0142,2.3748,-0.04179,-0.0307,-0.0141,-0.11155
278.9000,-0.0499,-0.0137,2.3754,-0.04191,-0.0316,-0.0149,-0.11165
279.0000,-0.0513,-0.0140,2.3775,-0.04221,-0.0325,-0.0158,-0.11195
279.1000,-0.0526,-0.0147,2.3785,-0.04247,-0.0333,-0.0168,-0.11225
279.2000,-0.0537,-0.0153,2.3772,-0.04259,-0.0339,-0.0178,-0.11235
279.3000,-0.0553,-0.0157,2.3773,-0.04260,-0.0343,-0.0186,-0.11239
279.4000,-0.0566,-0.0160,2.3767,-0.04248,-0.0342,-0.0190,-0.11232
279.5000,-0.0576,-0.0160,2.3782,-0.04231,-0.0336,-0.0196,-0.11213
279.6000,-0.0584,-0.0159,2.3807,-0.04212,-0.0328,-0.0206,-0.11191
279.7000,-0.0590,-0.0158,2.3836,-0.04193,-0.0320,-0.0217,-0.11177
279.8000,-0.0596,-0.0155,2.3867,-0.04176,-0.0311,-0.0225,-0.11161
279.9000,-0.0603,-0.0152,2.3896,-0.04162,-0.0307,-0.0224,-0.11149
280.0000,-0.0612,-0.0145,2.3920,-0.04148,-0.0309,-0.0213,-0.11134
280.1000,-0.0621,-0.0139,2.3943,-0.04139,-0.0308,-0.0195,-0.11118
280.2000,-0.0631,-0.0129,2.3916,-0.04130,-0.0311,-0.0172,-0.11101
280.3000,-0.0646,-0.0119,2.3890,-0.04127,-0.0322,-0.0152,-0.11092
280.4000,-0.0659,-0.0111,2.3862,-0.04129,-0.0341,-0.0137,-0.11086
280.5000,-0.0677,-0.0103,2.3771,-0.04136,-0.0364,-0.0127,-0.11085
280.6000,-0.0698,-0.0096,2.3738,-0.04148,-0.0395,-0.0121,-0.11092
280.7000,-0.0714,-0.0092,2.3742,-0.04164,-0.0422,-0.0122,-0.11099
280.8000,-0.0724,-0.0090,2.3760,-0.04182,-0.0452,-0.0129,-0.11111
280.9000,-0.0729,-0.0089,2.3759,-0.04198,-0.0479,-0.0139,-0.11124
281.0000,-0.0736,-0.0088,2.3765,-0.04214,-0.0507,-0.0149,-0.11139
281.1000,-0.0739,-0.0087,2.3772,-0.04228,-0.0533,-0.0157,-0.11152
281.2000,-0.0742,-0.0085,2.3779,-0.04238,-0.0564,-0.0162,-0.11165
281.3000,-0.0740,-0.0083,2.3769,-0.04243,-0.0589,-0.0163,-0.11168
281.4000,-0.0737,-0.0080,2.3768,-0.04246,-0.0613,-0.0159,-0.11167
281.5000,-0.0729,-0.0076,2.3745,-0.04246,-0.0630,-0.0150,-0.11162
281.6000,-0.0718,-0.0071,2.3716,-0.04243,-0.0640,-0.0132,-0.11152
281.7000,-0.0706,-0.0065,2.3690,-0.04239,-0.0638,-0.0110,-0.11140
281.8000,-0.0686,-0.0059,2.3620,-0.04235,-0.0624,-0.0086,-0.11123
281.9000,-0.0663,-0.0053,2.3531,-0.04234,-0.0600,-0.0063,-0.11116
282.0000,-0.0639,-0.0050,2.3415,-0.04237,-0.0564,-0.0040,-0.11112
282.1000,-0.0623,-0.0048,2.3367,-0.04242,-0.0528,-0.0021,-0.11115
282.2000,-0.0597,-0.0048,2.3384,-0.04249,-0.0488,-0.0007,-0.11127
282.3000,-0.0558,-0.0052,2.3421,-0.04260,-0.0451,-0.0005,-0.11146
282.4000,-0.0525,-0.0060,2.3461,-0.04271,-0.0417,-0.0012,-0.11178
282.5000,-0.0497,-0.0070,2.3493,-0.04280,-0.0395,-0.0020,-0.11205
282.6000,-0.0470,-0.0083,2.3526,-0.04284,-0.0384,-0.0027,-0.11221
282.7000,-0.0448,-0.0096,2.3554,-0.04285,-0.0376,-0.0034,-0.11224
282.8000,-0.0427,-0.0113,2.3577,-0.04280,-0.0366,-0.0048,-0.11220
282.9000,-0.0412,-0.0128,2.3578,-0.04274,-0.0356,-0.0067,-0.11215
283.0000,-0.0400,-0.0145,2.3609,-0.04264,-0.0348,-0.0088,-0.11202
283.1000,-0.0383,-0.0163,2.3599,-0.04251,-0.0343,-0.0110,-0.11190
283.2000,-0.0376,-0.0179,2.3600,-0.04241,-0.0341,-0.0134,-0.11180
283.3000,-0.0366,-0.0197,2.3629,-0.04231,-0.0344,-0.0161,-0.11169
283.4000,-0.0357,-0.0212,2.3675,-0.04225,-0.0344,-0.0192,-0.11161
283.5000,-0.0345,-0.0225,2.3710,-0.04219,-0.0338,-0.0228,-0.11149
283.6000,-0.0335,-0.0236,2.3726,-0.04215,-0.0331,-0.0254,-0.11141
283.7000,-0.0325,-0.0246,2.3724,-0.04212,-0.0326,-0.0273,-0.11135
283.8000,-0.0319,-0.0251,2.3716,-0.04210,-0.0326,-0.0281,-0.11137
283.9000,-0.0317,-0.0252,2.3725,-0.04210,-0.0334,-0.0285,-0.11138
284.0000,-0.0312,-0.0250,2.3739,-0.04210,-0.0347,-0.0288,-0.11135
284.1000,-0.0306,-0.0247,2.3724,-0.04211,-0.0359,-0.0289,-0.11127
284.2000,-0.0304,-0.0241,2.3697,-0.04215,-0.0368,-0.0285,-0.11124
284.3000,-0.0302,-0.0233,2.3682,-0.04219,-0.0378,-0.0277,-0.11115
284.4000,-0.0296,-0.0225,2.3638,-0.04224,-0.0386,-0.0271,-0.11106
284.5000,-0.0292,-0.0216,2.3626,-0.04233,-0.0395,-0.0269,-0.11099
284.6000,-0.0285,-0.0207,2.3632,-0.04245,-0.0401,-0.0274,-0.11095
284.7000,-0.0273,-0.0198,2.3630,-0.04259,-0.0402,-0.0284,-0.11097
284.8000,-0.0258,-0.0187,2.3563,-0.04272,-0.0399,-0.0293,-0.11098
284.9000,-0.0249,-0.0175,2.3533,-0.04284,-0.0397,-0.0301,-0.11100
285.0000,-0.0236,-0.0160,2.3538,-0.04298,-0.0393,-0.0314,-0.11101
285.1000,-0.0218,-0.0144,2.3540,-0.04311,-0.0381,-0.0326,-0.11107
285.2000,-0.0198,-0.0126,2.3536,-0.04322,-0.0360,-0.0331,-0.11119
285.3000,-0.0181,-0.0106,2.3532,-0.04331,-0.0333,-0.0326,-0.11132
285.4000,-0.0161,-0.0083,2.3531,-0.04338,-0.0307,-0.0312,-0.11144
285.5000,-0.0146,-0.0059,2.3528,-0.04344,-0.0275,-0.0291,-0.11161
285.6000,-0.0129,-0.0032,2.3545,-0.04347,-0.0244,-0.0275,-0.11173
285.7000,-0.0112,-0.0004,2.3569,-0.04347,-0.0221,-0.0264,-0.11177
285.8000,-0.0095,0.0025,2.3585,-0.04345,-0.0205,-0.0254,-0.11176
285.9000,-0.0084,0.0053,2.3589,-0.04340,-0.0195,-0.0241,-0.11158
286.0000,-0.0073,0.0082,2.3541,-0.04335,-0.0192,-0.0227,-0.11144
286.1000,-0.0073,0.0109,2.3537,-0.04330,-0.0196,-0.0212,-0.11129
286.2000,-0.0072,0.0135,2.3583,-0.04327,-0.0204,-0.0197,-0.11120
286.3000,-0.0067,0.0159,2.3650,-0.04326,-0.0213,-0.0178,-0.11113
286.4000,-0.0060,0.0183,2.3717,-0.04329,-0.0222,-0.0157,-0.11116
286.5000,-0.0056,0.0209,2.3777,-0.04335,-0.0234,-0.0124,-0.11130
286.6000,-0.0051,0.0231,2.3809,-0.04342,-0.0247,-0.0087,-0.11148
286.7000,-0.0051,0.0252,2.3830,-0.04348,-0.0262,-0.0044,-0.11165
286.8000,-0.0051,0.0269,2.3875,-0.04352,-0.0271,-0.0007,-0.11177
286.9000,-0.0047,0.0283,2.3928,-0.04356,-0.0271,0.0026,-0.11190
287.0000,-0.0039,0.0294,2.3984,-0.04359,-0.0265,0.0051,-0.11195
287.1000,-0.0028,0.0300,2.3972,-0.04361,-0.0260,0.0072,-0.11201
287.2000,-0.0021,0.0302,2.3927,-0.04361,-0.0261,0.0084,-0.11206
287.3000,-0.0017,0.0301,2.3890,-0.04359,-0.0269,0.0087,-0.11217
287.4000,-0.0012,0.0295,2.3884,-0.04355,-0.0276,0.0084,-0.11227
287.5000,-0.0002,0.0286,2.3895,-0.04348,-0.0281,0.0075,-0.11233
287.6000,0.0013,0.0273,2.3925,-0.04338,-0.0286,0.0064,-0.11238
287.7000,0.0031,0.0258,2.3938,-0.04328,-0.0288,0.0052,-0.11242
287.8000,0.0048,0.0242,2.3915,-0.04317,-0.0283,0.0045,-0.11237
287.9000,0.0064,0.0226,2.3925,-0.04302,-0.0273,0.0043,-0.11218
288.0000,0.0083,0.0209,2.3961,-0.04285,-0.0261,0.0043,-0.11191
288.1000,0.0107,0.0192,2.3980,-0.04269,-0.0246,0.0042,-0.11165
288.2000,0.0134,0.0170,2.3963,-0.04257,-0.0225,0.0038,-0.11145
288.3000,0.0154,0.0150,2.3929,-0.04251,-0.0196,0.0031,-0.11119
288.4000,0.0175,0.0129,2.3849,-0.04252,-0.0167,0.0019,-0.11102
288.5000,0.0190,0.0107,2.3774,-0.04258,-0.0136,0.0006,-0.11091
288.6000,0.0204,0.0084,2.3735,-0.04270,-0.0109,-0.0007,-0.11095
288.7000,0.0219,0.0060,2.3717,-0.04284,-0.0083,-0.0017,-0.11100
288.8000,0.0235,0.0037,2.3685,-0.04300,-0.0055,-0.0027,-0.11110
288.9000,0.0248,0.0012,2.3688,-0.04319,-0.0029,-0.0036,-0.11122
289.0000,0.0259,-0.0008,2.3671,-0.04333,-0.0009,-0.0049,-0.11138
289.1000,0.0265,-0.0036,2.3648,-0.04350,0.0004,-0.0064,-0.11149
289.2000,0.0266,-0.0059,2.3642,-0.04363,0.0014,-0.0084,-0.11161
289.3000,0.0264,-0.0082,2.3629,-0.04372,0.0017,-0.0099,-0.11172
289.4000,0.0257,-0.0109,2.3631,-0.04379,0.0012,-0.0113,-0.11184
289.5000,0.0251,-0.0131,2.3606,-0.04382,0.0002,-0.0124,-0.11195
289.6000,0.0238,-0.0154,2.3608,-0.04382,-0.0012,-0.0137,-0.11199
289.7000,0.0225,-0.0181,2.3611,-0.04379,-0.0027,-0.0153,-0.11195
289.8000,0.0212,-0.0203,2.3591,-0.04376,-0.0045,-0.0173,-0.11189
289.9000,0.0196,-0.0227,2.3562,-0.04372,-0.0065,-0.0195,-0.11178
290.0000,0.0174,-0.0254,2.3515,-0.04366,-0.0079,-0.0219,-0.11169
290.1000,0.0159,-0.0275,2.3426,-0.04362,-0.0091,-0.0244,-0.11158
290.2000,0.0139,-0.0299,2.3337,-0.04359,-0.0098,-0.0268,-0.11150
290.3040,0.0119,-0.0321,2.3248,-0.04357,-0.0098,-0.0293,-0.11146
290.4000,0.0100,-0.0342,2.3211,-0.04355,-0.0091,-0.0314,-0.11149
290.5000,0.0088,-0.0359,2.3160,-0.04353,-0.0082,-0.0336,-0.11152
290.6000,0.0072,-0.0376,2.3164,-0.04353,-0.0071,-0.0357,-0.11156
290.7000,0.0060,-0.0388,2.3212,-0.04352,-0.0062,-0.0375,-0.11156
290.8000,0.0050,-0.0399,2.3275,-0.04352,-0.0054,-0.0393,-0.11154
290.9000,0.0038,-0.0407,2.3322,-0.04353,-0.0051,-0.0404,-0.11152
291.0000,0.0023,-0.0418,2.3352,-0.04393,-0.0059,-0.0411,-0.11181
291.1000,-0.0004,-0.0416,2.3370,-0.04413,-0.0072,-0.0413,-0.11195
291.2000,-0.0036,-0.0407,2.3390,-0.04420,-0.0089,-0.0413,-0.11197
291.3000,-0.0069,-0.0398,2.3381,-0.04422,-0.0107,-0.0410,-0.11195
291.4000,-0.0106,-0.0389,2.3406,-0.04421,-0.0136,-0.0408,-0.11181
291.5000,-0.0141,-0.0381,2.3450,-0.04416,-0.0166,-0.0409,-0.11154
291.6000,-0.0171,-0.0373,2.3468,-0.04409,-0.0192,-0.0415,-0.11128
291.7000,-0.0202,-0.0364,2.3400,-0.04401,-0.0222,-0.0430,-0.11106
291.8000,-0.0239,-0.0354,2.3348,-0.04396,-0.0254,-0.0445,-0.11083
291.9000,-0.0275,-0.0344,2.3282,-0.04394,-0.0288,-0.0462,-0.11065
292.0000,-0.0308,-0.0333,2.3261,-0.04398,-0.0324,-0.0479,-0.11049
292.1000,-0.0334,-0.0318,2.3242,-0.04404,-0.0364,-0.0487,-0.11037
292.2000,-0.0355,-0.0300,2.3229,-0.04413,-0.0405,-0.0489,-0.11022
292.3000,-0.0375,-0.0279,2.3174,-0.04425,-0.0450,-0.0483,-0.11010
292.4000,-0.0398,-0.0252,2.3158,-0.04444,-0.0491,-0.0472,-0.11005
292.5000,-0.0410,-0.0226,2.3168,-0.04464,-0.0522,-0.0457,-0.11016
292.6000,-0.0415,-0.0196,2.3188,-0.04488,-0.0548,-0.0439,-0.11039
292.7000,-0.0416,-0.0168,2.3211,-0.04513,-0.0562,-0.0422,-0.11074
292.8000,-0.0411,-0.0136,2.3236,-0.04540,-0.0570,-0.0403,-0.11118
292.9000,-0.0402,-0.0105,2.3237,-0.04562,-0.0573,-0.0379,-0.11142
293.0000,-0.0393,-0.0066,2.3247,-0.04583,-0.0577,-0.0349,-0.11152
293.1000,-0.0381,-0.0034,2.3253,-0.04595,-0.0572,-0.0313,-0.11156
293.2000,-0.0364,-0.0001,2.3252,-0.04600,-0.0558,-0.0282,-0.11164
293.3000,-0.0345,0.0031,2.3243,-0.04601,-0.0535,-0.0256,-0.11184
293.4000,-0.0324,0.0064,2.3239,-0.04598,-0.0504,-0.0229,-0.11205
293.5000,-0.0300,0.0095,2.3248,-0.04591,-0.0465,-0.0203,-0.11215
293.6000,-0.0275,0.0126,2.3263,-0.04581,-0.0418,-0.0176,-0.11211
293.7000,-0.0248,0.0154,2.3295,-0.04568,-0.0368,-0.0150,-0.11203
293.8000,-0.0222,0.0180,2.3327,-0.04553,-0.0308,-0.0122,-0.11182
293.9000,-0.0195,0.0204,2.3358,-0.04538,-0.0253,-0.0097,-0.11161
294.0000,-0.0167,0.0230,2.3392,-0.04523,-0.0198,-0.0069,-0.11133
294.1000,-0.0149,0.0248,2.3392,-0.04515,-0.0157,-0.0049,-0.11116
294.2000,-0.0137,0.0264,2.3377,-0.04510,-0.0127,-0.0033,-0.11109
294.3000,-0.0133,0.0276,2.3382,-0.04510,-0.0114,-0.0019,-0.11108
294.4000,-0.0132,0.0286,2.3387,-0.04514,-0.0112,-0.0005,-0.11119
294.5000,-0.0134,0.0292,2.3411,-0.04521,-0.0123,0.0006,-0.11135
294.6000,-0.0138,0.0295,2.3401,-0.04529,-0.0141,0.0013,-0.11153
294.7000,-0.0148,0.0296,2.3434,-0.04536,-0.0162,0.0012,-0.11172
294.8000,-0.0155,0.0294,2.3459,-0.04543,-0.0188,0.0006,-0.11187
294.9000,-0.0163,0.0288,2.3478,-0.04548,-0.0213,-0.0001,-0.11195
295.0000,-0.0170,0.0282,2.3491,-0.04550,-0.0237,-0.0003,-0.11202
295.1000,-0.0177,0.0274,2.3504,-0.04547,-0.0266,-0.0001,-0.11208
295.2000,-0.0183,0.0267,2.3524,-0.04541,-0.0289,0.0004,-0.11213
295.3000,-0.0186,0.0259,2.3544,-0.04531,-0.0309,0.0012,-0.11211
295.4000,-0.0183,0.0252,2.3536,-0.04522,-0.0328,0.0021,-0.11207
295.5000,-0.0183,0.0244,2.3484,-0.04511,-0.0349,0.0029,-0.11206
295.6000,-0.0180,0.0234,2.3432,-0.04502,-0.0364,0.0036,-0.11206
295.7000,-0.0178,0.0223,2.3358,-0.04492,-0.0370,0.0039,-0.11198
295.8000,-0.0171,0.0212,2.3349,-0.04484,-0.0365,0.0030,-0.11178
295.9000,-0.0157,0.0199,2.3353,-0.04478,-0.0353,0.0013,-0.11160
296.0000,-0.0139,0.0185,2.3376,-0.04473,-0.0332,-0.0009,-0.11143
296.1000,-0.0112,0.0166,2.3411,-0.04471,-0.0302,-0.0038,-0.11130
296.2000,-0.0090,0.0150,2.3446,-0.04474,-0.0265,-0.0063,-0.11122
296.3000,-0.0065,0.0134,2.3498,-0.04478,-0.0234,-0.0083,-0.11118
296.4000,-0.0039,0.0118,2.3536,-0.04485,-0.0198,-0.0102,-0.11114
296.5000,-0.0019,0.0105,2.3561,-0.04492,-0.0166,-0.0116,-0.11116
296.6000,-0.0006,0.0095,2.3587,-0.04500,-0.0141,-0.0132,-0.11119
296.7000,0.0008,0.0086,2.3620,-0.04511,-0.0123,-0.0150,-0.11124
296.8000,0.0018,0.0078,2.3636,-0.04524,-0.0111,-0.0172,-0.11138
296.9000,0.0024,0.0072,2.3643,-0.04537,-0.0104,-0.0189,-0.11152
297.0000,0.0027,0.0067,2.3617,-0.04547,-0.0098,-0.0200,-0.11156
297.1000,0.0025,0.0065,2.3600,-0.04554,-0.0093,-0.0207,-0.11158
297.2000,0.0021,0.0066,2.3558,-0.04559,-0.0086,-0.0204,-0.11160
297.3000,0.0017,0.0069,2.3523,-0.04560,-0.0078,-0.0191,-0.11166
297.4000,0.0010,0.0075,2.3447,-0.04559,-0.0078,-0.0170,-0.11171
297.5000,-0.0003,0.0082,2.3410,-0.04555,-0.0086,-0.0149,-0.11170
297.6000,-0.0010,0.0089,2.3390,-0.04552,-0.0099,-0.0121,-0.11166
297.7000,-0.0019,0.0096,2.3364,-0.04549,-0.0110,-0.0092,-0.11163
297.8000,-0.0028,0.0102,2.3319,-0.04545,-0.0117,-0.0066,-0.11161
297.9000,-0.0042,0.0107,2.3236,-0.04545,-0.0120,-0.0055,-0.11151
298.0000,-0.0054,0.0109,2.3198,-0.04547,-0.0117,-0.0053,-0.11146
298.1000,-0.0062,0.0109,2.3138,-0.04552,-0.0107,-0.0061,-0.11140
298.2000,-0.0071,0.0106,2.3116,-0.04558,-0.0094,-0.0079,-0.11137
298.3000,-0.0080,0.0103,2.3109,-0.04562,-0.0078,-0.0102,-0.11134
298.4000,-0.0086,0.0098,2.3138,-0.04567,-0.0065,-0.0132,-0.11130
298.5000,-0.0093,0.0094,2.3179,-0.04572,-0.0060,-0.0169,-0.11125
298.6000,-0.0101,0.0090,2.3230,-0.04578,-0.0057,-0.0197,-0.11122
298.7000,-0.0113,0.0088,2.3280,-0.04583,-0.0058,-0.0222,-0.11123
298.8000,-0.0131,0.0089,2.3343,-0.04590,-0.0063,-0.0244,-0.11124
298.9000,-0.0148,0.0094,2.3361,-0.04596,-0.0074,-0.0255,-0.11128
299.0000,-0.0170,0.0102,2.3382,-0.04600,-0.0093,-0.0253,-0.11132
299.1000,-0.0192,0.0115,2.3370,-0.04604,-0.0120,-0.0239,-0.11134
299.2000,-0.0219,0.0135,2.3353,-0.04626,-0.0160,-0.0215,-0.11153
299.3000,-0.0253,0.0147,2.3365,-0.04658,-0.0209,-0.0187,-0.11179
299.4000,-0.0284,0.0159,2.3390,-0.04680,-0.0265,-0.0154,-0.11197
299.5000,-0.0309,0.0173,2.3418,-0.04688,-0.0312,-0.0125,-0.11206
299.6000,-0.0330,0.0187,2.3423,-0.04686,-0.0350,-0.0097,-0.11211
299.7000,-0.0349,0.0204,2.3434,-0.04677,-0.0373,-0.0078,-0.11214
299.8000,-0.0358,0.0218,2.3398,-0.04665,-0.0392,-0.0068,-0.11209
299.9000,-0.0371,0.0232,2.3374,-0.04650,-0.0410,-0.0066,-0.11200
300.0000,-0.0376,0.0243,2.3396,-0.04637,-0.0424,-0.0071,-0.11195
300.1000,-0.0373,0.0251,2.3400,-0.04626,-0.0429,-0.0078,-0.11187
300.2000,-0.0365,0.0259,2.3434,-0.04612,-0.0428,-0.0082,-0.11182
300.3000,-0.0353,0.0266,2.3455,-0.04598,-0.0420,-0.0084,-0.11173
300.4000,-0.0341,0.0273,2.3452,-0.04585,-0.0409,-0.0086,-0.11163
300.5000,-0.0329,0.0280,2.3478,-0.04573,-0.0399,-0.0093,-0.11159
300.6000,-0.0312,0.0286,2.3494,-0.04565,-0.0387,-0.0107,-0.11163
300.7000,-0.0294,0.0293,2.3480,-0.04557,-0.0375,-0.0122,-0.11175
300.8000,-0.0279,0.0299,2.3462,-0.04550,-0.0364,-0.0134,-0.11188
300.9000,-0.0266,0.0306,2.3454,-0.04543,-0.0355,-0.0134,-0.11190
301.0000,-0.0252,0.0315,2.3483,-0.04534,-0.0343,-0.0125,-0.11182
301.1000,-0.0235,0.0325,2.3528,-0.04523,-0.0328,-0.0111,-0.11166
301.2000,-0.0217,0.0335,2.3581,-0.04513,-0.0309,-0.0086,-0.11146
301.3000,-0.0200,0.0347,2.3631,-0.04504,-0.0295,-0.0057,-0.11124
301.4000,-0.0181,0.0360,2.3688,-0.04495,-0.0281,-0.0019,-0.11096
301.5000,-0.0167,0.0371,2.3731,-0.04494,-0.0268,0.0020,-0.11078
301.6000,-0.0154,0.0381,2.3758,-0.04500,-0.0251,0.0061,-0.11066
301.7000,-0.0147,0.0387,2.3763,-0.04509,-0.0232,0.0095,-0.11069
301.8000,-0.0140,0.0390,2.3778,-0.04525,-0.0217,0.0128,-0.11083
301.9000,-0.0132,0.0390,2.3780,-0.04546,-0.0213,0.0152,-0.11102
302.0000,-0.0129,0.0384,2.3763,-0.04571,-0.0218,0.0173,-0.11126
302.1000,-0.0127,0.0375,2.3745,-0.04593,-0.0229,0.0184,-0.11152
302.2000,-0.0128,0.0362,2.3726,-0.04612,-0.0244,0.0194,-0.11179
302.3000,-0.0129,0.0345,2.3722,-0.04626,-0.0257,0.0203,-0.11199
302.4000,-0.0130,0.0324,2.3735,-0.04634,-0.0269,0.0206,-0.11218
302.5000,-0.0126,0.0299,2.3720,-0.04638,-0.0275,0.0201,-0.11226
302.6000,-0.0125,0.0272,2.3703,-0.04638,-0.0279,0.0184,-0.11230
302.7000,-0.0124,0.0243,2.3725,-0.04632,-0.0280,0.0152,-0.11227
302.8000,-0.0117,0.0209,2.3744,-0.04624,-0.0278,0.0111,-0.11217
302.9000,-0.0107,0.0173,2.3713,-0.04615,-0.0269,0.0065,-0.11205
303.0000,-0.0103,0.0132,2.3679,-0.04602,-0.0255,0.0026,-0.11187
303.1000,-0.0098,0.0099,2.3669,-0.04589,-0.0232,-0.0011,-0.11163
303.2000,-0.0092,0.0068,2.3669,-0.04576,-0.0205,-0.0041,-0.11136
303.3000,-0.0085,0.0041,2.3672,-0.04567,-0.0175,-0.0061,-0.11106
303.4000,-0.0079,0.0017,2.3677,-0.04562,-0.0145,-0.0067,-0.11089
303.5000,-0.0075,-0.0003,2.3683,-0.04561,-0.0117,-0.0066,-0.11077
303.6000,-0.0074,-0.0022,2.3689,-0.04567,-0.0096,-0.0062,-0.11074
303.7000,-0.0075,-0.0043,2.3686,-0.04582,-0.0084,-0.0052,-0.11079
303.8000,-0.0082,-0.0058,2.3676,-0.04598,-0.0085,-0.0038,-0.11093
303.9000,-0.0092,-0.0075,2.3638,-0.04617,-0.0098,-0.0028,-0.11106
304.0000,-0.0108,-0.0093,2.3604,-0.04636,-0.0125,-0.0025,-0.11121
304.1000,-0.0131,-0.0115,2.3607,-0.04659,-0.0161,-0.0033,-0.11130
304.2000,-0.0145,-0.0137,2.3616,-0.04677,-0.0193,-0.0055,-0.11136
304.3000,-0.0161,-0.0162,2.3616,-0.04694,-0.0221,-0.0091,-0.11141
304.4000,-0.0173,-0.0189,2.3590,-0.04710,-0.0242,-0.0134,-0.11143
304.5000,-0.0189,-0.0215,2.3569,-0.04725,-0.0263,-0.0186,-0.11147
304.6000,-0.0204,-0.0244,2.3578,-0.04738,-0.0283,-0.0234,-0.11151
304.7000,-0.0211,-0.0267,2.3583,-0.04746,-0.0301,-0.0275,-0.11157
304.8000,-0.0218,-0.0288,2.3583,-0.04751,-0.0320,-0.0300,-0.11162
304.9000,-0.0226,-0.0303,2.3593,-0.04753,-0.0336,-0.0315,-0.11166
305.0000,-0.0231,-0.0316,2.3634,-0.04753,-0.0347,-0.0322,-0.11171
305.1000,-0.0233,-0.0325,2.3680,-0.04750,-0.0352,-0.0324,-0.11173
305.2000,-0.0233,-0.0331,2.3742,-0.04745,-0.0352,-0.0317,-0.11171
305.3000,-0.0229,-0.0333,2.3799,-0.04739,-0.0353,-0.0306,-0.11163
305.4000,-0.0225,-0.0334,2.3831,-0.04732,-0.0352,-0.0297,-0.11154
305.5000,-0.0223,-0.0334,2.3847,-0.04727,-0.0349,-0.0292,-0.11152
305.6000,-0.0223,-0.0338,2.3800,-0.04716,-0.0345,-0.0284,-0.11146
305.7000,-0.0223,-0.0337,2.3752,-0.04680,-0.0341,-0.0273,-0.11113
305.8000,-0.0223,-0.0331,2.3739,-0.04650,-0.0333,-0.0256,-0.11082
305.9000,-0.0218,-0.0326,2.3768,-0.04636,-0.0316,-0.0232,-0.11068
306.0000,-0.0208,-0.0323,2.3818,-0.04638,-0.0296,-0.0208,-0.11081
306.1000,-0.0198,-0.0323,2.3873,-0.04650,-0.0276,-0.0185,-0.11098
306.2000,-0.0187,-0.0327,2.3902,-0.04670,-0.0257,-0.0169,-0.11121
306.3000,-0.0184,-0.0332,2.3902,-0.04690,-0.0239,-0.0161,-0.11147
306.4000,-0.0184,-0.0343,2.3898,-0.04712,-0.0220,-0.0161,-0.11173
306.5000,-0.0185,-0.0357,2.3872,-0.04730,-0.0197,-0.0171,-0.11207
306.6000,-0.0185,-0.0373,2.3797,-0.04743,-0.0178,-0.0187,-0.11234
306.7000,-0.0195,-0.0392,2.3622,-0.04749,-0.0169,-0.0204,-0.11250
306.8000,-0.0217,-0.0412,2.3529,-0.04748,-0.0178,-0.0218,-0.11254
306.9000,-0.0234,-0.0436,2.3484,-0.04740,-0.0202,-0.0232,-0.11240
307.0000,-0.0247,-0.0459,2.3443,-0.04728,-0.0231,-0.0248,-0.11223
307.1000,-0.0263,-0.0481,2.3449,-0.04714,-0.0270,-0.0270,-0.11199
307.2000,-0.0275,-0.0503,2.3469,-0.04700,-0.0306,-0.0297,-0.11178
307.3000,-0.0285,-0.0524,2.3493,-0.04688,-0.0340,-0.0329,-0.11158
307.4000,-0.0294,-0.0547,2.3482,-0.04677,-0.0370,-0.0357,-0.11141
307.5040,-0.0306,-0.0565,2.3505,-0.04673,-0.0397,-0.0383,-0.11135
307.6000,-0.0312,-0.0578,2.3543,-0.04670,-0.0413,-0.0403,-0.11133
307.7000,-0.0312,-0.0593,2.3509,-0.04667,-0.0423,-0.0425,-0.11130
307.8000,-0.0318,-0.0602,2.3518,-0.04668,-0.0429,-0.0446,-0.11134
307.9000,-0.0319,-0.0609,2.3563,-0.04673,-0.0433,-0.0466,-0.11139
308.0000,-0.0312,-0.0612,2.3613,-0.04678,-0.0435,-0.0480,-0.11142
308.1000,-0.0302,-0.0612,2.3624,-0.04683,-0.0438,-0.0492,-0.11145
308.2000,-0.0295,-0.0608,2.3593,-0.04689,-0.0445,-0.0502,-0.11142
308.3000,-0.0290,-0.0601,2.3555,-0.04696,-0.0450,-0.0505,-0.11141
308.4000,-0.0284,-0.0591,2.3493,-0.04700,-0.0451,-0.0503,-0.11140
308.5000,-0.0277,-0.0577,2.3446,-0.04704,-0.0453,-0.0499,-0.11131
308.6000,-0.0268,-0.0561,2.3395,-0.04706,-0.0453,-0.0490,-0.11124
308.7000,-0.0257,-0.0544,2.3398,-0.04710,-0.0445,-0.0472,-0.11120
308.8000,-0.0239,-0.0526,2.3369,-0.04712,-0.0425,-0.0442,-0.11122
308.9000,-0.0219,-0.0503,2.3312,-0.04716,-0.0395,-0.0412,-0.11135
309.0000,-0.0203,-0.0483,2.3277,-0.04719,-0.0361,-0.0382,-0.11161
309.1000,-0.0184,-0.0462,2.3235,-0.04722,-0.0325,-0.0353,-0.11186
309.2000,-0.0169,-0.0442,2.3231,-0.04725,-0.0290,-0.0329,-0.11207
309.3000,-0.0152,-0.0424,2.3266,-0.04726,-0.0256,-0.0310,-0.11225
309.4000,-0.0126,-0.0406,2.3251,-0.04721,-0.0231,-0.0296,-0.11229
309.5000,-0.0118,-0.0394,2.3238,-0.04715,-0.0217,-0.0285,-0.11225
309.6000,-0.0106,-0.0381,2.3140,-0.04704,-0.0210,-0.0276,-0.11214
309.7000,-0.0109,-0.0369,2.3113,-0.04692,-0.0217,-0.0269,-0.11198
309.8000,-0.0108,-0.0359,2.3111,-0.04679,-0.0232,-0.0268,-0.11179
309.9000,-0.0108,-0.0351,2.3125,-0.04667,-0.0247,-0.0273,-0.11157
310.0000,-0.0101,-0.0338,2.3122,-0.04676,-0.0255,-0.0281,-0.11164
310.1000,-0.0104,-0.0336,2.3146,-0.04702,-0.0265,-0.0283,-0.11193
310.2000,-0.0108,-0.0335,2.3151,-0.04723,-0.0279,-0.0283,-0.11216
310.3000,-0.0112,-0.0333,2.3194,-0.04725,-0.0293,-0.0285,-0.11226
310.4000,-0.0110,-0.0328,2.3217,-0.04717,-0.0302,-0.0291,-0.11218
310.5000,-0.0109,-0.0322,2.3262,-0.04703,-0.0304,-0.0300,-0.11198
310.6000,-0.0103,-0.0314,2.3299,-0.04685,-0.0301,-0.0307,-0.11174
310.7000,-0.0095,-0.0303,2.3323,-0.04667,-0.0297,-0.0311,-0.11150
310.8000,-0.0087,-0.0289,2.3335,-0.04650,-0.0295,-0.0309,-0.11131
310.9000,-0.0079,-0.0275,2.3314,-0.04639,-0.0295,-0.0306,-0.11122
311.0000,-0.0074,-0.0260,2.3302,-0.04634,-0.0289,-0.0303,-0.11118
311.1000,-0.0067,-0.0243,2.3271,-0.04631,-0.0271,-0.0307,-0.11112
311.2000,-0.0060,-0.0225,2.3281,-0.04633,-0.0248,-0.0313,-0.11109
311.3000,-0.0051,-0.0200,2.3305,-0.04597,-0.0223,-0.0321,-0.11069
311.4000,-0.0036,-0.0189,2.3322,-0.04594,-0.0203,-0.0331,-0.11062
311.5000,-0.0023,-0.0177,2.3345,-0.04601,-0.0194,-0.0341,-0.11067
311.6000,-0.0010,-0.0160,2.3383,-0.04614,-0.0195,-0.0346,-0.11081
311.7000,-0.0001,-0.0142,2.3341,-0.04627,-0.0201,-0.0345,-0.11092
311.8000,-0.0003,-0.0120,2.3317,-0.04640,-0.0211,-0.0342,-0.11105
311.9000,-0.0008,-0.0095,2.3326,-0.04657,-0.0224,-0.0327,-0.11117
312.0000,-0.0010,-0.0066,2.3352,-0.04672,-0.0229,-0.0302,-0.11128
312.1000,-0.0009,-0.0034,2.3356,-0.04684,-0.0229,-0.0270,-0.11140
312.2000,-0.0012,-0.0001,2.3354,-0.04694,-0.0228,-0.0232,-0.11151
312.3000,-0.0013,0.0034,2.3340,-0.04702,-0.0229,-0.0185,-0.11163
312.4000,-0.0018,0.0070,2.3326,-0.04706,-0.0230,-0.0136,-0.11171
312.5000,-0.0022,0.0100,2.3345,-0.04707,-0.0229,-0.0082,-0.11182
312.6000,-0.0023,0.0135,2.3349,-0.04707,-0.0228,-0.0037,-0.11190
312.7000,-0.0025,0.0158,2.3368,-0.04706,-0.0226,0.0004,-0.11193
312.8000,-0.0026,0.0179,2.3366,-0.04707,-0.0227,0.0035,-0.11195
312.9000,-0.0029,0.0198,2.3390,-0.04707,-0.0236,0.0063,-0.11203
313.0000,-0.0031,0.0210,2.3407,-0.04705,-0.0243,0.0085,-0.11209
313.1000,-0.0034,0.0216,2.3424,-0.04702,-0.0250,0.0100,-0.11217
313.2000,-0.0035,0.0217,2.3436,-0.04698,-0.0260,0.0108,-0.11222
313.3000,-0.0038,0.0215,2.3442,-0.04691,-0.0270,0.0110,-0.11229
313.4000,-0.0040,0.0208,2.3465,-0.04683,-0.0277,0.0100,-0.11229
313.5000,-0.0039,0.0197,2.3449,-0.04675,-0.0279,0.0081,-0.11225
313.6000,-0.0041,0.0183,2.3452,-0.04666,-0.0277,0.0061,-0.11214
313.7000,-0.0041,0.0167,2.3470,-0.04657,-0.0268,0.0041,-0.11196
313.8000,-0.0038,0.0148,2.3495,-0.04647,-0.0256,0.0024,-0.11180
313.9000,-0.0033,0.0129,2.3520,-0.04639,-0.0239,0.0005,-0.11160
314.0000,-0.0027,0.0109,2.3544,-0.04631,-0.0226,-0.0008,-0.11147
314.1000,-0.0022,0.0086,2.3537,-0.04626,-0.0221,-0.0018,-0.11148
314.2000,-0.0022,0.0067,2.3540,-0.04624,-0.0223,-0.0032,-0.11163
314.3000,-0.0022,0.0048,2.3524,-0.04625,-0.0234,-0.0055,-0.11188
314.4000,-0.0025,0.0028,2.3527,-0.04627,-0.0251,-0.0082,-0.11218
314.5000,-0.0029,0.0009,2.3565,-0.04629,-0.0271,-0.0109,-0.11247
314.6000,-0.0028,-0.0011,2.3599,-0.04628,-0.0283,-0.0131,-0.11264
314.7000,-0.0026,-0.0030,2.3599,-0.04621,-0.0292,-0.0159,-0.11268
314.8000,-0.0026,-0.0046,2.3608,-0.04610,-0.0297,-0.0190,-0.11259
314.9000,-0.0024,-0.0061,2.3626,-0.04594,-0.0301,-0.0227,-0.11241
315.0000,-0.0019,-0.0075,2.3646,-0.04572,-0.0296,-0.0256,-0.11217
315.1000,-0.0013,-0.0083,2.3638,-0.04552,-0.0285,-0.0271,-0.11192
315.2000,-0.0007,-0.0087,2.3641,-0.04532,-0.0265,-0.0270,-0.11163
315.3000,0.0000,-0.0087,2.3625,-0.04515,-0.0241,-0.0258,-0.11140
315.4000,0.0007,-0.0083,2.3625,-0.04501,-0.0210,-0.0242,-0.11121
315.5000,0.0016,-0.0077,2.3599,-0.04493,-0.0180,-0.0225,-0.11110
315.6000,0.0022,-0.0070,2.3589,-0.04493,-0.0154,-0.0204,-0.11111
315.7000,0.0025,-0.0063,2.3581,-0.04498,-0.0129,-0.0182,-0.11119
315.8000,0.0026,-0.0056,2.3588,-0.04507,-0.0110,-0.0158,-0.11128
315.9000,0.0027,-0.0049,2.3589,-0.04517,-0.0102,-0.0128,-0.11139
316.0000,0.0023,-0.0042,2.3578,-0.04524,-0.0107,-0.0099,-0.11139
316.1000,0.0016,-0.0037,2.3566,-0.04531,-0.0122,-0.0078,-0.11131
316.2000,0.0004,-0.0035,2.3564,-0.04538,-0.0138,-0.0071,-0.11126
316.3000,-0.0008,-0.0035,2.3598,-0.04548,-0.0154,-0.0066,-0.11130
316.4000,-0.0016,-0.0039,2.3561,-0.04560,-0.0168,-0.0059,-0.11140
316.5000,-0.0028,-0.0049,2.3533,-0.04610,-0.0179,-0.0043,-0.11189
316.6000,-0.0046,-0.0051,2.3503,-0.04634,-0.0196,-0.0016,-0.11225
316.7000,-0.0065,-0.0050,2.3497,-0.04642,-0.0207,0.0013,-0.11244
316.8000,-0.0079,-0.0052,2.3485,-0.04642,-0.0209,0.0045,-0.11254
316.9000,-0.0090,-0.0059,2.3486,-0.04636,-0.0200,0.0068,-0.11259
317.0000,-0.0096,-0.0072,2.3474,-0.04625,-0.0186,0.0077,-0.11258
317.1000,-0.0104,-0.0089,2.3426,-0.04612,-0.0175,0.0074,-0.11251
317.2000,-0.0114,-0.0111,2.3395,-0.04597,-0.0168,0.0059,-0.11241
317.3000,-0.0125,-0.0138,2.3411,-0.04578,-0.0171,0.0037,-0.11228
317.4000,-0.0132,-0.0167,2.3444,-0.04557,-0.0181,0.0011,-0.11211
317.5000,-0.0139,-0.0197,2.3465,-0.04537,-0.0195,-0.0012,-0.11197
317.6000,-0.0149,-0.0230,2.3480,-0.04517,-0.0209,-0.0042,-0.11186
317.7000,-0.0162,-0.0266,2.3487,-0.04497,-0.0220,-0.0073,-0.11172
317.8000,-0.0170,-0.0295,2.3443,-0.04483,-0.0230,-0.0106,-0.11154
317.9000,-0.0187,-0.0329,2.3382,-0.04470,-0.0242,-0.0132,-0.11139
318.0000,-0.0204,-0.0356,2.3319,-0.04461,-0.0254,-0.0159,-0.11123
318.1000,-0.0220,-0.0382,2.3316,-0.04457,-0.0262,-0.0180,-0.11115
318.2000,-0.0227,-0.0407,2.3283,-0.04456,-0.0266,-0.0201,-0.11110
318.3000,-0.0234,-0.0429,2.3215,-0.04458,-0.0265,-0.0217,-0.11109
318.4000,-0.0245,-0.0450,2.3081,-0.04463,-0.0269,-0.0231,-0.11112
318.5000,-0.0263,-0.0465,2.3042,-0.04470,-0.0272,-0.0241,-0.11120
318.6000,-0.0277,-0.0482,2.3045,-0.04478,-0.0272,-0.0254,-0.11125
318.7000,-0.0283,-0.0495,2.3057,-0.04485,-0.0267,-0.0276,-0.11138
318.8000,-0.0288,-0.0507,2.3064,-0.04438,-0.0259,-0.0301,-0.11101
318.9000,-0.0294,-0.0519,2.3047,-0.04395,-0.0247,-0.0323,-0.11063
319.0000,-0.0304,-0.0530,2.3035,-0.04371,-0.0232,-0.0343,-0.11048
319.1000,-0.0316,-0.0539,2.3037,-0.04364,-0.0220,-0.0362,-0.11049
319.2000,-0.0329,-0.0544,2.3032,-0.04370,-0.0213,-0.0380,-0.11059
319.3000,-0.0346,-0.0546,2.3033,-0.04388,-0.0208,-0.0395,-0.11078
319.4000,-0.0366,-0.0545,2.3064,-0.04412,-0.0204,-0.0402,-0.11100
319.5000,-0.0383,-0.0540,2.3042,-0.04437,-0.0205,-0.0403,-0.11117
319.6000,-0.0406,-0.0533,2.3015,-0.04457,-0.0214,-0.0398,-0.11125
319.7000,-0.0430,-0.0524,2.2995,-0.04473,-0.0226,-0.0391,-0.11131
319.8000,-0.0461,-0.0510,2.2942,-0.04490,-0.0242,-0.0380,-0.11133
319.9000,-0.0490,-0.0499,2.2939,-0.04502,-0.0260,-0.0368,-0.11134
320.0000,-0.0518,-0.0483,2.2942,-0.04516,-0.0281,-0.0356,-0.11134
320.1000,-0.0547,-0.0469,2.2945,-0.04527,-0.0299,-0.0342,-0.11139
320.2000,-0.0573,-0.0455,2.2986,-0.04537,-0.0322,-0.0325,-0.11139
320.3000,-0.0598,-0.0441,2.3041,-0.04547,-0.0344,-0.0305,-0.11140
320.4000,-0.0622,-0.0425,2.3127,-0.04556,-0.0370,-0.0282,-0.11135
320.5000,-0.0640,-0.0410,2.3169,-0.04564,-0.0395,-0.0266,-0.11129
320.6000,-0.0663,-0.0395,2.3231,-0.04572,-0.0424,-0.0253,-0.11126
320.7000,-0.0681,-0.0381,2.3276,-0.04581,-0.0447,-0.0244,-0.11129
320.8000,-0.0698,-0.0369,2.3299,-0.04591,-0.0467,-0.0242,-0.11144
320.9000,-0.0713,-0.0358,2.3319,-0.04602,-0.0481,-0.0248,-0.11163
321.0000,-0.0724,-0.0348,2.3288,-0.04611,-0.0490,-0.0259,-0.11192
321.1000,-0.0738,-0.0338,2.3264,-0.04620,-0.0493,-0.0272,-0.11216
321.2000,-0.0751,-0.0328,2.3262,-0.04624,-0.0493,-0.0287,-0.11235
321.3000,-0.0759,-0.0318,2.3303,-0.04624,-0.0494,-0.0303,-0.11246
321.4000,-0.0760,-0.0304,2.3363,-0.04615,-0.0498,-0.0319,-0.11252
321.5000,-0.0759,-0.0291,2.3420,-0.04602,-0.0506,-0.0334,-0.11243
321.6000,-0.0757,-0.0275,2.3441,-0.04585,-0.0516,-0.0341,-0.11221
321.7000,-0.0755,-0.0254,2.3420,-0.04564,-0.0528,-0.0342,-0.11192
321.8000,-0.0760,-0.0232,2.3371,-0.04546,-0.0546,-0.0340,-0.11159
321.9000,-0.0766,-0.0208,2.3373,-0.04531,-0.0563,-0.0337,-0.11132
322.0000,-0.0765,-0.0181,2.3420,-0.04522,-0.0579,-0.0330,-0.11108
322.1000,-0.0759,-0.0153,2.3476,-0.04517,-0.0590,-0.0317,-0.11088
322.2000,-0.0745,-0.0122,2.3499,-0.04517,-0.0598,-0.0297,-0.11070
322.3000,-0.0736,-0.0091,2.3488,-0.04522,-0.0600,-0.0268,-0.11057
322.4000,-0.0724,-0.0058,2.3487,-0.04531,-0.0597,-0.0230,-0.11052
322.5000,-0.0713,-0.0028,2.3470,-0.04544,-0.0590,-0.0190,-0.11051
322.6000,-0.0694,0.0008,2.3459,-0.04565,-0.0576,-0.0144,-0.11054
322.7000,-0.0678,0.0036,2.3454,-0.04587,-0.0559,-0.0105,-0.11065
322.8000,-0.0658,0.0060,2.3431,-0.04608,-0.0539,-0.0068,-0.11083
322.9000,-0.0636,0.0087,2.3441,-0.04638,-0.0522,-0.0039,-0.11109
323.0000,-0.0614,0.0104,2.3471,-0.04661,-0.0508,-0.0009,-0.11140
323.1000,-0.0584,0.0121,2.3456,-0.04686,-0.0497,0.0019,-0.11165
323.2000,-0.0561,0.0132,2.3450,-0.04702,-0.0484,0.0045,-0.11182
323.3000,-0.0540,0.0139,2.3464,-0.04712,-0.0474,0.0065,-0.11197
323.4000,-0.0518,0.0143,2.3488,-0.04717,-0.0460,0.0080,-0.11202
323.5000,-0.0495,0.0142,2.3525,-0.04719,-0.0444,0.0091,-0.11203
323.6000,-0.0471,0.0137,2.3540,-0.04719,-0.0430,0.0101,-0.11200
323.7000,-0.0450,0.0129,2.3561,-0.04716,-0.0424,0.0104,-0.11203
323.8000,-0.0426,0.0117,2.3577,-0.04712,-0.0420,0.0105,-0.11207
323.9000,-0.0409,0.0103,2.3589,-0.04705,-0.0413,0.0107,-0.11201
324.0000,-0.0388,0.0088,2.3581,-0.04697,-0.0401,0.0111,-0.11186
324.1000,-0.0374,0.0072,2.3586,-0.04690,-0.0388,0.0119,-0.11171
324.2000,-0.0354,0.0051,2.3597,-0.04684,-0.0371,0.0122,-0.11155
324.3000,-0.0335,0.0030,2.3553,-0.04680,-0.0355,0.0113,-0.11143
324.4000,-0.0322,0.0007,2.3492,-0.04681,-0.0345,0.0093,-0.11141
324.5000,-0.0309,-0.0023,2.3410,-0.04686,-0.0343,0.0061,-0.11151
324.6000,-0.0303,-0.0048,2.3393,-0.04692,-0.0349,0.0018,-0.11169
324.7000,-0.0290,-0.0078,2.3410,-0.04700,-0.0354,-0.0035,-0.11187
324.8000,-0.0274,-0.0114,2.3429,-0.04708,-0.0353,-0.0084,-0.11197
324.9000,-0.0255,-0.0148,2.3435,-0.04712,-0.0344,-0.0130,-0.11199
325.0000,-0.0239,-0.0174,2.3415,-0.04711,-0.0332,-0.0165,-0.11193
325.1000,-0.0226,-0.0201,2.3354,-0.04706,-0.0314,-0.0200,-0.11176
325.2000,-0.0218,-0.0222,2.3326,-0.04698,-0.0292,-0.0226,-0.11149
325.3000,-0.0204,-0.0241,2.3336,-0.04689,-0.0272,-0.0243,-0.11129
325.4000,-0.0192,-0.0253,2.3335,-0.04685,-0.0248,-0.0258,-0.11110
325.5000,-0.0181,-0.0262,2.3353,-0.04684,-0.0226,-0.0272,-0.11097
325.6000,-0.0169,-0.0267,2.3380,-0.04689,-0.0205,-0.0285,-0.11095
325.7000,-0.0160,-0.0270,2.3408,-0.04699,-0.0189,-0.0293,-0.11094
325.8000,-0.0153,-0.0269,2.3435,-0.04711,-0.0172,-0.0295,-0.11099
325.9000,-0.0150,-0.0265,2.3476,-0.04726,-0.0166,-0.0296,-0.11105
326.0000,-0.0149,-0.0260,2.3521,-0.04739,-0.0173,-0.0303,-0.11098
326.1000,-0.0148,-0.0252,2.3570,-0.04756,-0.0182,-0.0312,-0.11088
326.2000,-0.0151,-0.0243,2.3546,-0.04773,-0.0190,-0.0320,-0.11083
326.3000,-0.0161,-0.0233,2.3544,-0.04790,-0.0198,-0.0322,-0.11102
326.4000,-0.0171,-0.0219,2.3571,-0.04808,-0.0213,-0.0313,-0.11131
326.5000,-0.0177,-0.0204,2.3603,-0.04822,-0.0228,-0.0297,-0.11166
326.6000,-0.0182,-0.0188,2.3619,-0.04832,-0.0247,-0.0277,-0.11197
326.7000,-0.0187,-0.0170,2.3597,-0.04838,-0.0267,-0.0256,-0.11222
326.8000,-0.0195,-0.0153,2.3576,-0.04838,-0.0290,-0.0234,-0.11236
326.9000,-0.0200,-0.0137,2.3529,-0.04832,-0.0314,-0.0215,-0.11240
327.0000,-0.0208,-0.0120,2.3483,-0.04821,-0.0344,-0.0194,-0.11231
327.1000,-0.0215,-0.0105,2.3463,-0.04806,-0.0376,-0.0178,-0.11213
327.2000,-0.0213,-0.0094,2.3418,-0.04791,-0.0405,-0.0169,-0.11183
327.3000,-0.0211,-0.0085,2.3357,-0.04777,-0.0435,-0.0161,-0.11152
327.4000,-0.0208,-0.0078,2.3315,-0.04766,-0.0463,-0.0154,-0.11127
327.5000,-0.0202,-0.0073,2.3312,-0.04758,-0.0479,-0.0150,-0.11114
327.6000,-0.0181,-0.0069,2.3290,-0.04755,-0.0484,-0.0149,-0.11113
327.7000,-0.0164,-0.0065,2.3264,-0.04756,-0.0481,-0.0149,-0.11121
327.8000,-0.0140,-0.0063,2.3276,-0.04761,-0.0465,-0.0146,-0.11137
327.9000,-0.0111,-0.0060,2.3263,-0.04765,-0.0441,-0.0136,-0.11153
328.0000,-0.0087,-0.0059,2.3251,-0.04768,-0.0411,-0.0120,-0.11165
328.1000,-0.0057,-0.0057,2.3291,-0.04771,-0.0377,-0.0105,-0.11169
328.2000,-0.0025,-0.0055,2.3357,-0.04772,-0.0335,-0.0091,-0.11174
328.3000,0.0012,-0.0055,2.3433,-0.04772,-0.0283,-0.0082,-0.11179
328.4000,0.0052,-0.0056,2.3451,-0.04772,-0.0229,-0.0077,-0.11186
328.5000,0.0077,-0.0059,2.3439,-0.04771,-0.0174,-0.0079,-0.11190
328.6000,0.0098,-0.0064,2.3454,-0.04768,-0.0128,-0.0085,-0.11192
328.7000,0.0118,-0.0071,2.3487,-0.04764,-0.0085,-0.0092,-0.11191
328.8000,0.0134,-0.0078,2.3512,-0.04759,-0.0054,-0.0098,-0.11187
328.9000,0.0144,-0.0086,2.3531,-0.04753,-0.0035,-0.0105,-0.11182
329.0000,0.0147,-0.0096,2.3557,-0.04747,-0.0026,-0.0113,-0.11176
329.1000,0.0147,-0.0107,2.3578,-0.04742,-0.0025,-0.0119,-0.11177
329.2000,0.0141,-0.0117,2.3614,-0.04737,-0.0029,-0.0121,-0.11174
329.3000,0.0132,-0.0127,2.3657,-0.04732,-0.0027,-0.0121,-0.11178
329.4000,0.0122,-0.0138,2.3636,-0.04729,-0.0024,-0.0117,-0.11183
329.5000,0.0105,-0.0149,2.3619,-0.04724,-0.0024,-0.0110,-0.11188
329.6000,0.0089,-0.0162,2.3519,-0.04722,-0.0027,-0.0101,-0.11188
329.7000,0.0067,-0.0172,2.3416,-0.04718,-0.0038,-0.0096,-0.11186
329.8000,0.0035,-0.0186,2.3380,-0.04713,-0.0062,-0.0089,-0.11180
329.9000,0.0014,-0.0200,2.3404,-0.04708,-0.0089,-0.0088,-0.11170
330.0000,-0.0001,-0.0217,2.3401,-0.04707,-0.0116,-0.0096,-0.11153
330.1000,-0.0019,-0.0236,2.3406,-0.04708,-0.0147,-0.0114,-0.11136
330.2000,-0.0037,-0.0254,2.3425,-0.04711,-0.0173,-0.0136,-0.11119
330.3000,-0.0052,-0.0272,2.3451,-0.04715,-0.0200,-0.0161,-0.11110
330.4000,-0.0066,-0.0292,2.3478,-0.04723,-0.0226,-0.0182,-0.11109
330.5000,-0.0081,-0.0311,2.3510,-0.04733,-0.0255,-0.0204,-0.11120
330.6000,-0.0088,-0.0327,2.3496,-0.04742,-0.0279,-0.0225,-0.11127
330.7000,-0.0100,-0.0342,2.3474,-0.04752,-0.0300,-0.0245,-0.11140
330.8000,-0.0110,-0.0354,2.3446,-0.04760,-0.0315,-0.0261,-0.11145
330.9000,-0.0116,-0.0364,2.3434,-0.04766,-0.0327,-0.0279,-0.11150
331.0000,-0.0118,-0.0371,2.3410,-0.04771,-0.0333,-0.0293,-0.11158
331.1000,-0.0118,-0.0375,2.3409,-0.04773,-0.0329,-0.0303,-0.11166
331.2000,-0.0113,-0.0376,2.3441,-0.04773,-0.0317,-0.0310,-0.11172
331.3000,-0.0104,-0.0374,2.3464,-0.04770,-0.0301,-0.0316,-0.11172
331.4000,-0.0092,-0.0369,2.3456,-0.04765,-0.0290,-0.0315,-0.11167
331.5040,-0.0085,-0.0360,2.3442,-0.04760,-0.0282,-0.0310,-0.11160
331.6000,-0.0080,-0.0351,2.3460,-0.04755,-0.0278,-0.0306,-0.11155
331.7000,-0.0073,-0.0341,2.3501,-0.04751,-0.0275,-0.0301,-0.11151
331.8000,-0.0063,-0.0329,2.3544,-0.04747,-0.0278,-0.0296,-0.11139
331.9000,-0.0052,-0.0314,2.3588,-0.04744,-0.0284,-0.0296,-0.11130
332.0000,-0.0044,-0.0301,2.3613,-0.04744,-0.0292,-0.0304,-0.11127
332.1000,-0.0034,-0.0286,2.3603,-0.04746,-0.0298,-0.0313,-0.11129
332.2000,-0.0027,-0.0270,2.3539,-0.04749,-0.0302,-0.0316,-0.11135
332.3000,-0.0025,-0.0252,2.3500,-0.04753,-0.0306,-0.0309,-0.11139
332.4000,-0.0019,-0.0232,2.3487,-0.04755,-0.0304,-0.0289,-0.11137
332.5000,-0.0007,-0.0211,2.3430,-0.04754,-0.0295,-0.0257,-0.11128
332.6000,0.0002,-0.0180,2.3376,-0.04715,-0.0283,-0.0216,-0.11088
332.7000,0.0015,-0.0159,2.3355,-0.04698,-0.0264,-0.0169,-0.11061
332.8000,0.0034,-0.0143,2.3393,-0.04697,-0.0239,-0.0128,-0.11062
332.9000,0.0058,-0.0128,2.3404,-0.04705,-0.0212,-0.0082,-0.11073
333.0000,0.0078,-0.0114,2.3423,-0.04717,-0.0187,-0.0044,-0.11088
333.1000,0.0094,-0.0102,2.3471,-0.04734,-0.0163,-0.0017,-0.11111
333.2000,0.0111,-0.0092,2.3512,-0.04754,-0.0141,-0.0001,-0.11139
333.3000,0.0125,-0.0087,2.3543,-0.04776,-0.0122,0.0006,-0.11165
333.4000,0.0136,-0.0086,2.3550,-0.04794,-0.0104,0.0007,-0.11190
333.5000,0.0141,-0.0089,2.3535,-0.04810,-0.0087,0.0007,-0.11210
333.6000,0.0140,-0.0096,2.3508,-0.04820,-0.0072,0.0001,-0.11220
333.7000,0.0137,-0.0104,2.3510,-0.04823,-0.0063,-0.0015,-0.11226
333.8000,0.0137,-0.0115,2.3509,-0.04823,-0.0057,-0.0040,-0.11228
333.9000,0.0133,-0.0128,2.3472,-0.04819,-0.0060,-0.0071,-0.11226
334.0000,0.0124,-0.0142,2.3448,-0.04813,-0.0067,-0.0109,-0.11222
334.1000,0.0114,-0.0157,2.3452,-0.04804,-0.0075,-0.0144,-0.11217
334.2000,0.0106,-0.0171,2.3468,-0.04793,-0.0082,-0.0186,-0.11205
334.3000,0.0100,-0.0183,2.3477,-0.04781,-0.0084,-0.0220,-0.11190
334.4000,0.0089,-0.0194,2.3475,-0.04768,-0.0087,-0.0253,-0.11174
334.5000,0.0076,-0.0202,2.3499,-0.04759,-0.0094,-0.0285,-0.11160
334.6000,0.0066,-0.0206,2.3485,-0.04752,-0.0098,-0.0310,-0.11151
334.7000,0.0052,-0.0207,2.3491,-0.04748,-0.0096,-0.0326,-0.11146
334.8000,0.0041,-0.0204,2.3480,-0.04742,-0.0087,-0.0336,-0.11139
334.9000,0.0026,-0.0198,2.3478,-0.04678,-0.0077,-0.0340,-0.11071
335.0000,0.0014,-0.0191,2.3494,-0.04636,-0.0065,-0.0333,-0.11026
335.1000,0.0003,-0.0179,2.3413,-0.04609,-0.0055,-0.0323,-0.11002
335.2000,-0.0014,-0.0166,2.3355,-0.04605,-0.0047,-0.0305,-0.10995
335.3000,-0.0037,-0.0149,2.3281,-0.04618,-0.0044,-0.0282,-0.11004
335.4000,-0.0061,-0.0133,2.3274,-0.04644,-0.0046,-0.0257,-0.11030
335.5000,-0.0079,-0.0117,2.3289,-0.04676,-0.0055,-0.0237,-0.11056
335.6000,-0.0100,-0.0100,2.3328,-0.04720,-0.0073,-0.0216,-0.11090
335.7000,-0.0115,-0.0088,2.3345,-0.04757,-0.0092,-0.0200,-0.11129
335.8000,-0.0137,-0.0075,2.3337,-0.04796,-0.0112,-0.0185,-0.11166
335.9040,-0.0167,-0.0062,2.3348,-0.04830,-0.0132,-0.0177,-0.11196
336.0000,-0.0192,-0.0052,2.3375,-0.04853,-0.0157,-0.0172,-0.11220
336.1000,-0.0215,-0.0044,2.3386,-0.04868,-0.0185,-0.0172,-0.11235
336.2000,-0.0238,-0.0036,2.3303,-0.04877,-0.0215,-0.0178,-0.11240
336.3000,-0.0266,-0.0029,2.3195,-0.04878,-0.0249,-0.0187,-0.11236
336.4000,-0.0305,-0.0022,2.3137,-0.04874,-0.0278,-0.0202,-0.11228
336.5000,-0.0331,-0.0015,2.3139,-0.04866,-0.0302,-0.0220,-0.11217
336.6000,-0.0343,-0.0008,2.3105,-0.04855,-0.0319,-0.0235,-0.11204
336.7000,-0.0362,0.0002,2.3050,-0.04844,-0.0340,-0.0245,-0.11194
336.8000,-0.0379,0.0013,2.3036,-0.04834,-0.0361,-0.0244,-0.11190
336.9000,-0.0391,0.0026,2.3018,-0.04823,-0.0382,-0.0234,-0.11177
337.0000,-0.0402,0.0043,2.3021,-0.04812,-0.0398,-0.0215,-0.11161
337.1000,-0.0409,0.0064,2.3006,-0.04800,-0.0409,-0.0186,-0.11139
337.2000,-0.0416,0.0082,2.3012,-0.04795,-0.0416,-0.0156,-0.11127
337.3000,-0.0421,0.0101,2.3049,-0.04796,-0.0417,-0.0119,-0.11116
337.4000,-0.0421,0.0122,2.3084,-0.04801,-0.0415,-0.0084,-0.11110
337.5000,-0.0419,0.0139,2.3111,-0.04810,-0.0406,-0.0049,-0.11111
337.6000,-0.0416,0.0154,2.3122,-0.04822,-0.0396,-0.0022,-0.11119
337.7000,-0.0413,0.0167,2.3118,-0.04838,-0.0387,-0.0001,-0.11139
337.8000,-0.0411,0.0174,2.3089,-0.04854,-0.0387,0.0012,-0.11162
337.9000,-0.0410,0.0178,2.3024,-0.04867,-0.0393,0.0021,-0.11186
338.0000,-0.0413,0.0179,2.2955,-0.04878,-0.0396,0.0027,-0.11205
338.1000,-0.0417,0.0177,2.2931,-0.04882,-0.0398,0.0031,-0.11222
338.2000,-0.0415,0.0172,2.2971,-0.04882,-0.0400,0.0032,-0.11235
338.3000,-0.0404,0.0165,2.3010,-0.04878,-0.0399,0.0033,-0.11238
338.4000,-0.0392,0.0156,2.3041,-0.04871,-0.0392,0.0036,-0.11234
338.5000,-0.0380,0.0146,2.3068,-0.04858,-0.0388,0.0038,-0.11222
338.6000,-0.0368,0.0134,2.3081,-0.04845,-0.0384,0.0037,-0.11205
338.7000,-0.0359,0.0123,2.3088,-0.04832,-0.0386,0.0038,-0.11184
338.8000,-0.0350,0.0110,2.3115,-0.04820,-0.0395,0.0036,-0.11170
338.9000,-0.0339,0.0095,2.3149,-0.04812,-0.0407,0.0027,-0.11166
339.0000,-0.0327,0.0080,2.3173,-0.04808,-0.0420,0.0012,-0.11172
339.1000,-0.0314,0.0062,2.3197,-0.04805,-0.0436,-0.0008,-0.11189
339.2000,-0.0300,0.0044,2.3226,-0.04804,-0.0448,-0.0028,-0.11206
339.3000,-0.0280,0.0022,2.3218,-0.04802,-0.0457,-0.0053,-0.11221
339.4000,-0.0262,-0.0001,2.3208,-0.04818,-0.0458,-0.0077,-0.11229
339.5000,-0.0244,-0.0022,2.3197,-0.04848,-0.0453,-0.0100,-0.11273
339.6000,-0.0228,-0.0031,2.3217,-0.04850,-0.0439,-0.0116,-0.11271
339.7000,-0.0207,-0.0037,2.3239,-0.04839,-0.0418,-0.0128,-0.11255
339.8000,-0.0182,-0.0043,2.3255,-0.04824,-0.0390,-0.0139,-0.11235
339.9000,-0.0154,-0.0050,2.3294,-0.04808,-0.0353,-0.0145,-0.11211
340.0000,-0.0125,-0.0059,2.3290,-0.04792,-0.0312,-0.0149,-0.11190
340.1000,-0.0099,-0.0068,2.3329,-0.04778,-0.0266,-0.0153,-0.11176
340.2000,-0.0069,-0.0077,2.3332,-0.04763,-0.0213,-0.0156,-0.11170
340.3000,-0.0046,-0.0085,2.3332,-0.04751,-0.0159,-0.0160,-0.11166
340.4000,-0.0023,-0.0094,2.3337,-0.04739,-0.0110,-0.0161,-0.11160
340.5000,-0.0006,-0.0102,2.3347,-0.04730,-0.0060,-0.0164,-0.11156
340.6000,0.0008,-0.0110,2.3330,-0.04723,-0.0022,-0.0169,-0.11153
340.7000,0.0015,-0.0118,2.3302,-0.04716,0.0005,-0.0180,-0.11145
340.8000,0.0015,-0.0125,2.3267,-0.04713,0.0020,-0.0195,-0.11137
340.9000,0.0008,-0.0131,2.3222,-0.04713,0.0031,-0.0217,-0.11122
341.0000,-0.0005,-0.0137,2.3137,-0.04715,0.0034,-0.0238,-0.11110
341.1000,-0.0022,-0.0142,2.3038,-0.04718,0.0031,-0.0253,-0.11103
341.2000,-0.0047,-0.0145,2.2929,-0.04723,0.0021,-0.0262,-0.11096
341.3000,-0.0076,-0.0145,2.2881,-0.04729,0.0003,-0.0264,-0.11089
341.4000,-0.0102,-0.0142,2.2846,-0.04735,-0.0024,-0.0255,-0.11087
341.5000,-0.0129,-0.0137,2.2828,-0.04743,-0.0056,-0.0243,-0.11083
341.6000,-0.0157,-0.0130,2.2789,-0.04752,-0.0097,-0.0226,-0.11082
341.7000,-0.0186,-0.0122,2.2748,-0.04763,-0.0138,-0.0205,-0.11088
341.8000,-0.0217,-0.0112,2.2693,-0.04776,-0.0187,-0.0181,-0.11098
341.9000,-0.0248,-0.0102,2.2648,-0.04788,-0.0231,-0.0153,-0.11119
342.0000,-0.0276,-0.0093,2.2625,-0.04798,-0.0266,-0.0122,-0.11150
342.1000,-0.0300,-0.0084,2.2653,-0.04807,-0.0291,-0.0087,-0.11190
342.2000,-0.0315,-0.0075,2.2599,-0.04750,-0.0306,-0.0054,-0.11175
342.3000,-0.0338,-0.0070,2.2562,-0.04690,-0.0321,-0.0019,-0.11147
342.4000,-0.0353,-0.0068,2.2574,-0.04654,-0.0337,0.0008,-0.11128
342.5000,-0.0363,-0.0069,2.2597,-0.04628,-0.0354,0.0024,-0.11116
342.6000,-0.0370,-0.0074,2.2622,-0.04620,-0.0365,0.0029,-0.11109
342.7000,-0.0373,-0.0082,2.2633,-0.04623,-0.0371,0.0022,-0.11115
342.8000,-0.0378,-0.0097,2.2651,-0.04637,-0.0373,0.0001,-0.11133
342.9000,-0.0380,-0.0113,2.2699,-0.04654,-0.0372,-0.0024,-0.11155
343.0000,-0.0376,-0.0132,2.2731,-0.04674,-0.0372,-0.0052,-0.11178
343.1000,-0.0374,-0.0151,2.2750,-0.04690,-0.0378,-0.0083,-0.11208
343.2000,-0.0368,-0.0171,2.2681,-0.04703,-0.0385,-0.0111,-0.11227
343.3000,-0.0371,-0.0189,2.2551,-0.04711,-0.0395,-0.0140,-0.11246
343.4000,-0.0382,-0.0204,2.2495,-0.04713,-0.0412,-0.0162,-0.11253
343.5000,-0.0383,-0.0217,2.2507,-0.04707,-0.0434,-0.0177,-0.11254
343.6000,-0.0379,-0.0227,2.2525,-0.04696,-0.0449,-0.0189,-0.11245
343.7000,-0.0368,-0.0235,2.2545,-0.04682,-0.0452,-0.0205,-0.11236
343.8000,-0.0356,-0.0240,2.2565,-0.04667,-0.0445,-0.0217,-0.11227
343.9000,-0.0342,-0.0245,2.2545,-0.04700,-0.0434,-0.0226,-0.11267
344.0000,-0.0332,-0.0246,2.2526,-0.04740,-0.0426,-0.0228,-0.11308
344.1000,-0.0320,-0.0244,2.2544,-0.04755,-0.0419,-0.0223,-0.11323
344.2000,-0.0305,-0.0241,2.2588,-0.04752,-0.0409,-0.0217,-0.11314
344.3000,-0.0283,-0.0235,2.2639,-0.04728,-0.0391,-0.0206,-0.11288
344.4000,-0.0262,-0.0229,2.2657,-0.04699,-0.0365,-0.0196,-0.11257
344.5000,-0.0245,-0.0222,2.2665,-0.04664,-0.0336,-0.0188,-0.11228
344.6000,-0.0229,-0.0216,2.2681,-0.04633,-0.0310,-0.0182,-0.11196
344.7000,-0.0213,-0.0209,2.2684,-0.04604,-0.0286,-0.0181,-0.11170
344.8000,-0.0200,-0.0203,2.2705,-0.04583,-0.0261,-0.0184,-0.11157
344.9000,-0.0181,-0.0197,2.2741,-0.04564,-0.0238,-0.0184,-0.11143
345.0000,-0.0169,-0.0191,2.2738,-0.04551,-0.0219,-0.0182,-0.11137
345.1000,-0.0159,-0.0186,2.2753,-0.04541,-0.0205,-0.0173,-0.11126
345.2000,-0.0152,-0.0180,2.2794,-0.04532,-0.0201,-0.0163,-0.11116
345.3000,-0.0142,-0.0174,2.2836,-0.04527,-0.0200,-0.0148,-0.11102
345.4000,-0.0137,-0.0169,2.2850,-0.04526,-0.0200,-0.0134,-0.11097
345.5000,-0.0134,-0.0165,2.2877,-0.04529,-0.0200,-0.0118,-0.11098
345.6000,-0.0131,-0.0161,2.2827,-0.04535,-0.0204,-0.0110,-0.11104
345.7000,-0.0134,-0.0159,2.2813,-0.04542,-0.0213,-0.0112,-0.11111
345.8000,-0.0138,-0.0159,2.2796,-0.04553,-0.0223,-0.0125,-0.11114
345.9000,-0.0140,-0.0161,2.2817,-0.04565,-0.0235,-0.0149,-0.11118
346.0000,-0.0140,-0.0165,2.2849,-0.04579,-0.0242,-0.0175,-0.11120
346.1000,-0.0136,-0.0169,2.2888,-0.04592,-0.0243,-0.0203,-0.11129
346.2000,-0.0130,-0.0173,2.2904,-0.04603,-0.0243,-0.0225,-0.11135
346.3000,-0.0126,-0.0174,2.2916,-0.04608,-0.0245,-0.0247,-0.11138
346.4000,-0.0120,-0.0173,2.2923,-0.04613,-0.0251,-0.0260,-0.11142
346.5000,-0.0119,-0.0169,2.2945,-0.04615,-0.0258,-0.0267,-0.11150
346.6000,-0.0116,-0.0163,2.3008,-0.04615,-0.0260,-0.0268,-0.11153
346.7000,-0.0106,-0.0155,2.3025,-0.04611,-0.0257,-0.0267,-0.11147
346.8000,-0.0099,-0.0144,2.3004,-0.04609,-0.0252,-0.0261,-0.11145
346.9000,-0.0098,-0.0126,2.2988,-0.04592,-0.0249,-0.0251,-0.11132
347.0000,-0.0097,-0.0111,2.2985,-0.04555,-0.0242,-0.0233,-0.11090
347.1000,-0.0088,-0.0101,2.3041,-0.04540,-0.0230,-0.0210,-0.11079
347.2000,-0.0072,-0.0093,2.3086,-0.04539,-0.0216,-0.0180,-0.11084
347.3000,-0.0060,-0.0082,2.3109,-0.04543,-0.0203,-0.0147,-0.11099
347.4000,-0.0049,-0.0070,2.3109,-0.04550,-0.0197,-0.0119,-0.11112
347.5000,-0.0044,-0.0057,2.3133,-0.04561,-0.0201,-0.0091,-0.11123
347.6000,-0.0038,-0.0048,2.3132,-0.04571,-0.0209,-0.0066,-0.11130
347.7000,-0.0032,-0.0040,2.3143,-0.04588,-0.0218,-0.0032,-0.11142
347.8000,-0.0025,-0.0035,2.3066,-0.04603,-0.0224,-0.0000,-0.11158
347.9000,-0.0027,-0.0032,2.3014,-0.04655,-0.0224,0.0043,-0.11213
348.0000,-0.0025,-0.0029,2.3000,-0.04745,-0.0219,0.0080,-0.11302
348.1000,-0.0024,-0.0037,2.3022,-0.04807,-0.0214,0.0109,-0.11383
348.2000,-0.0020,-0.0053,2.3041,-0.04849,-0.0208,0.0119,-0.11429
348.3000,-0.0014,-0.0074,2.3098,-0.04854,-0.0198,0.0113,-0.11434
348.4000,-0.0004,-0.0101,2.3133,-0.04830,-0.0183,0.0092,-0.11404
348.5000,0.0003,-0.0130,2.3175,-0.04787,-0.0161,0.0053,-0.11349
348.6000,0.0010,-0.0161,2.3193,-0.04739,-0.0143,0.0001,-0.11286
348.7000,0.0012,-0.0195,2.3223,-0.04685,-0.0123,-0.0065,-0.11212
348.8000,0.0016,-0.0235,2.3260,-0.04628,-0.0105,-0.0129,-0.11147
348.9000,0.0019,-0.0269,2.3199,-0.04589,-0.0094,-0.0199,-0.11090
349.0000,0.0012,-0.0296,2.3141,-0.04561,-0.0092,-0.0259,-0.11056
349.1000,-0.0004,-0.0327,2.3096,-0.04539,-0.0098,-0.0317,-0.11034
349.2000,-0.0017,-0.0348,2.3108,-0.04530,-0.0110,-0.0362,-0.11027
349.3000,-0.0028,-0.0364,2.3143,-0.04532,-0.0125,-0.0402,-0.11026
349.4000,-0.0039,-0.0374,2.3178,-0.04541,-0.0139,-0.0428,-0.11038
349.5000,-0.0053,-0.0380,2.3183,-0.04558,-0.0156,-0.0441,-0.11055
349.6000,-0.0069,-0.0379,2.3201,-0.04575,-0.0174,-0.0445,-0.11069
349.7000,-0.0088,-0.0374,2.3229,-0.04592,-0.0195,-0.0442,-0.11081
349.8000,-0.0105,-0.0364,2.3268,-0.04610,-0.0216,-0.0434,-0.11090
349.9000,-0.0119,-0.0351,2.3228,-0.04624,-0.0239,-0.0424,-0.11093
350.0000,-0.0139,-0.0336,2.3157,-0.04638,-0.0257,-0.0413,-0.11103
350.1000,-0.0162,-0.0322,2.3155,-0.04652,-0.0273,-0.0402,-0.11118
350.2000,-0.0179,-0.0305,2.3188,-0.04664,-0.0287,-0.0390,-0.11129
350.3000,-0.0193,-0.0284,2.3245,-0.04674,-0.0301,-0.0374,-0.11132
350.4000,-0.0203,-0.0265,2.3301,-0.04681,-0.0312,-0.0360,-0.11134
350.5000,-0.0212,-0.0246,2.3352,-0.04685,-0.0315,-0.0347,-0.11141
350.6000,-0.0220,-0.0226,2.3402,-0.04690,-0.0315,-0.0342,-0.11151
350.7000,-0.0229,-0.0206,2.3449,-0.04692,-0.0308,-0.0337,-0.11169
350.8000,-0.0236,-0.0187,2.3479,-0.04692,-0.0297,-0.0328,-0.11184
350.9000,-0.0245,-0.0166,2.3493,-0.04689,-0.0283,-0.0308,-0.11191
351.0000,-0.0258,-0.0141,2.3524,-0.04681,-0.0274,-0.0283,-0.11190
351.1000,-0.0269,-0.0118,2.3552,-0.04671,-0.0268,-0.0255,-0.11176
351.2000,-0.0279,-0.0095,2.3568,-0.04659,-0.0266,-0.0221,-0.11159
351.3000,-0.0294,-0.0072,2.3574,-0.04647,-0.0271,-0.0188,-0.11142
351.4000,-0.0308,-0.0052,2.3576,-0.04639,-0.0290,-0.0158,-0.11119
351.5000,-0.0324,-0.0034,2.3573,-0.04634,-0.0321,-0.0131,-0.11093
351.6000,-0.0339,-0.0018,2.3573,-0.04633,-0.0355,-0.0113,-0.11074
351.7000,-0.0358,-0.0003,2.3535,-0.04641,-0.0384,-0.0101,-0.11070
351.8000,-0.0374,0.0008,2.3497,-0.04652,-0.0413,-0.0088,-0.11080
351.9000,-0.0391,0.0016,2.3493,-0.04664,-0.0434,-0.0083,-0.11095
352.0000,-0.0398,0.0022,2.3510,-0.04680,-0.0450,-0.0090,-0.11117
352.1000,-0.0404,0.0025,2.3528,-0.04697,-0.0461,-0.0110,-0.11146
352.2000,-0.0407,0.0027,2.3578,-0.04711,-0.0466,-0.0134,-0.11173
352.3000,-0.0403,0.0027,2.3632,-0.04723,-0.0467,-0.0157,-0.11194
352.4000,-0.0397,0.0027,2.3660,-0.04729,-0.0470,-0.0172,-0.11203
352.5000,-0.0393,0.0029,2.3681,-0.04729,-0.0474,-0.0175,-0.11200
352.6000,-0.0391,0.0034,2.3704,-0.04723,-0.0473,-0.0167,-0.11177
352.7000,-0.0387,0.0040,2.3725,-0.04715,-0.0467,-0.0158,-0.11150
352.8000,-0.0381,0.0047,2.3740,-0.04705,-0.0457,-0.0149,-0.11121
352.9000,-0.0374,0.0057,2.3755,-0.04697,-0.0450,-0.0144,-0.11104
353.0000,-0.0367,0.0066,2.3766,-0.04697,-0.0443,-0.0142,-0.11103
353.1000,-0.0360,0.0073,2.3777,-0.04701,-0.0436,-0.0139,-0.11105
353.2000,-0.0354,0.0080,2.3788,-0.04709,-0.0436,-0.0133,-0.11112
353.3000,-0.0348,0.0087,2.3804,-0.04720,-0.0440,-0.0124,-0.11121
353.4000,-0.0343,0.0093,2.3825,-0.04730,-0.0450,-0.0114,-0.11128
353.5000,-0.0336,0.0099,2.3844,-0.04740,-0.0465,-0.0104,-0.11131
353.6000,-0.0329,0.0104,2.3861,-0.04750,-0.0475,-0.0096,-0.11138
353.7000,-0.0320,0.0108,2.3862,-0.04760,-0.0480,-0.0095,-0.11149
353.8000,-0.0314,0.0111,2.3847,-0.04771,-0.0478,-0.0103,-0.11162
353.9000,-0.0305,0.0112,2.3842,-0.04779,-0.0467,-0.0114,-0.11174
354.0000,-0.0294,0.0112,2.3804,-0.04786,-0.0452,-0.0123,-0.11181
354.1000,-0.0284,0.0112,2.3783,-0.04789,-0.0430,-0.0135,-0.11187
354.2000,-0.0271,0.0113,2.3789,-0.04788,-0.0406,-0.0148,-0.11187
354.3000,-0.0257,0.0113,2.3805,-0.04787,-0.0383,-0.0159,-0.11185
354.4000,-0.0242,0.0113,2.3826,-0.04784,-0.0364,-0.0168,-0.11186
354.5000,-0.0229,0.0114,2.3833,-0.04780,-0.0343,-0.0178,-0.11185
354.6000,-0.0217,0.0116,2.3822,-0.04774,-0.0322,-0.0194,-0.11184
354.7000,-0.0210,0.0119,2.3818,-0.04768,-0.0306,-0.0212,-0.11185
354.8000,-0.0203,0.0122,2.3802,-0.04762,-0.0288,-0.0223,-0.11183
354.9000,-0.0201,0.0128,2.3797,-0.04755,-0.0278,-0.0222,-0.11174
355.0000,-0.0199,0.0135,2.3805,-0.04748,-0.0270,-0.0210,-0.11163
355.1000,-0.0198,0.0145,2.3818,-0.04740,-0.0261,-0.0193,-0.11149
355.2000,-0.0197,0.0156,2.3808,-0.04733,-0.0254,-0.0174,-0.11134
355.3000,-0.0202,0.0170,2.3802,-0.04728,-0.0254,-0.0151,-0.11120
355.4000,-0.0207,0.0184,2.3804,-0.04726,-0.0255,-0.0129,-0.11108
355.5000,-0.0212,0.0197,2.3811,-0.04728,-0.0254,-0.0101,-0.11101
355.6000,-0.0219,0.0211,2.3822,-0.04734,-0.0248,-0.0074,-0.11103
355.7000,-0.0223,0.0223,2.3815,-0.04743,-0.0240,-0.0044,-0.11110
355.8000,-0.0231,0.0234,2.3804,-0.04754,-0.0236,-0.0011,-0.11121
355.9000,-0.0239,0.0243,2.3762,-0.04764,-0.0229,0.0032,-0.11133
356.0000,-0.0251,0.0252,2.3731,-0.04774,-0.0221,0.0079,-0.11150
356.1000,-0.0260,0.0258,2.3662,-0.04782,-0.0219,0.0132,-0.11172
356.2000,-0.0274,0.0263,2.3599,-0.04787,-0.0226,0.0176,-0.11189
356.3000,-0.0291,0.0263,2.3538,-0.04790,-0.0239,0.0214,-0.11201
356.4000,-0.0307,0.0259,2.3537,-0.04790,-0.0258,0.0242,-0.11207
356.5000,-0.0316,0.0248,2.3573,-0.04790,-0.0279,0.0260,-0.11210
356.6000,-0.0324,0.0231,2.3589,-0.04788,-0.0298,0.0265,-0.11209
356.7000,-0.0333,0.0209,2.3607,-0.04786,-0.0321,0.0255,-0.11212
356.8000,-0.0343,0.0183,2.3611,-0.04782,-0.0343,0.0233,-0.11208
356.9000,-0.0354,0.0152,2.3631,-0.04776,-0.0367,0.0199,-0.11205
357.0000,-0.0362,0.0118,2.3656,-0.04769,-0.0384,0.0157,-0.11198
357.1000,-0.0369,0.0082,2.3688,-0.04762,-0.0394,0.0104,-0.11180
357.2000,-0.0372,0.0046,2.3728,-0.04754,-0.0399,0.0048,-0.11160
357.3000,-0.0375,0.0005,2.3769,-0.04749,-0.0393,-0.0020,-0.11140
357.4000,-0.0375,-0.0030,2.3802,-0.04747,-0.0380,-0.0085,-0.11122
357.5000,-0.0374,-0.0060,2.3823,-0.04749,-0.0359,-0.0153,-0.11106
357.6000,-0.0373,-0.0087,2.3814,-0.04753,-0.0338,-0.0215,-0.11096
357.7000,-0.0377,-0.0110,2.3810,-0.04759,-0.0321,-0.0256,-0.11094
357.8000,-0.0380,-0.0126,2.3802,-0.04767,-0.0309,-0.0281,-0.11095
357.9000,-0.0386,-0.0134,2.3812,-0.04775,-0.0302,-0.0290,-0.11098
358.0000,-0.0392,-0.0137,2.3829,-0.04785,-0.0302,-0.0285,-0.11100
358.1000,-0.0399,-0.0134,2.3842,-0.04794,-0.0307,-0.0267,-0.11099
358.2000,-0.0407,-0.0127,2.3830,-0.04805,-0.0318,-0.0243,-0.11094
358.3000,-0.0417,-0.0118,2.3815,-0.04817,-0.0336,-0.0216,-0.11081
358.4000,-0.0429,-0.0106,2.3797,-0.04831,-0.0352,-0.0192,-0.11070
358.5000,-0.0443,-0.0094,2.3789,-0.04849,-0.0370,-0.0168,-0.11068
358.6000,-0.0455,-0.0082,2.3834,-0.04875,-0.0384,-0.0151,-0.11073
358.7000,-0.0460,-0.0072,2.3895,-0.04899,-0.0397,-0.0138,-0.11085
358.8000,-0.0459,-0.0065,2.3945,-0.04922,-0.0407,-0.0133,-0.11101
358.9000,-0.0459,-0.0058,2.3987,-0.04945,-0.0418,-0.0133,-0.11122
359.0000,-0.0459,-0.0053,2.4036,-0.04965,-0.0429,-0.0136,-0.11138
359.1000,-0.0457,-0.0048,2.4083,-0.04980,-0.0433,-0.0136,-0.11156
359.2000,-0.0447,-0.0044,2.4087,-0.04995,-0.0432,-0.0138,-0.11174
359.3000,-0.0444,-0.0040,2.4058,-0.05002,-0.0428,-0.0140,-0.11185
359.4000,-0.0440,-0.0036,2.4038,-0.05007,-0.0423,-0.0137,-0.11193
359.5000,-0.0434,-0.0033,2.4029,-0.05005,-0.0412,-0.0134,-0.11195
359.6000,-0.0422,-0.0028,2.4039,-0.05000,-0.0404,-0.0137,-0.11193
359.7000,-0.0409,-0.0024,2.4046,-0.04994,-0.0398,-0.0145,-0.11185
359.8000,-0.0396,-0.0022,2.4052,-0.04988,-0.0393,-0.0155,-0.11180
359.9000,-0.0382,-0.0018,2.4058,-0.04981,-0.0390,-0.0164,-0.11173
360.0000,-0.0367,-0.0015,2.4065,-0.04974,-0.0390,-0.0171,-0.11165
360.1000,-0.0352,-0.0010,2.4075,-0.04968,-0.0391,-0.0176,-0.11154
360.2000,-0.0336,-0.0003,2.4084,-0.04960,-0.0390,-0.0182,-0.11141
360.3000,-0.0318,0.0004,2.4055,-0.04955,-0.0384,-0.0190,-0.11135
360.4000,-0.0302,0.0015,2.4061,-0.04952,-0.0378,-0.0204,-0.11134
360.5000,-0.0281,0.0025,2.4065,-0.04952,-0.0364,-0.0212,-0.11140
360.6000,-0.0262,0.0035,2.4065,-0.04953,-0.0348,-0.0206,-0.11145
360.7000,-0.0240,0.0048,2.4056,-0.04954,-0.0324,-0.0191,-0.11149
360.8000,-0.0221,0.0064,2.4047,-0.04952,-0.0302,-0.0173,-0.11146
360.9000,-0.0202,0.0080,2.4053,-0.04952,-0.0285,-0.0148,-0.11141
361.0000,-0.0180,0.0100,2.4065,-0.04951,-0.0275,-0.0118,-0.11134
361.1000,-0.0162,0.0115,2.4057,-0.04952,-0.0271,-0.0084,-0.11123
361.2000,-0.0145,0.0132,2.4039,-0.04953,-0.0269,-0.0048,-0.11115
361.3000,-0.0130,0.0146,2.4037,-0.04956,-0.0271,-0.0011,-0.11112
361.4000,-0.0114,0.0158,2.4029,-0.04961,-0.0267,0.0021,-0.11117
361.5040,-0.0100,0.0167,2.4014,-0.04969,-0.0260,0.0039,-0.11122
361.6000,-0.0086,0.0171,2.4008,-0.04979,-0.0253,0.0044,-0.11131
361.7000,-0.0068,0.0173,2.3958,-0.04992,-0.0245,0.0044,-0.11146
361.8000,-0.0052,0.0171,2.3818,-0.05005,-0.0238,0.0047,-0.11163
361.9000,-0.0047,0.0167,2.3752,-0.05012,-0.0232,0.0050,-0.11173
362.0000,-0.0037,0.0162,2.3737,-0.05018,-0.0224,0.0049,-0.11185
362.1000,-0.0022,0.0155,2.3729,-0.05021,-0.0216,0.0046,-0.11193
362.2000,-0.0002,0.0145,2.3741,-0.05022,-0.0212,0.0036,-0.11198
362.3000,0.0014,0.0135,2.3747,-0.05021,-0.0209,0.0020,-0.11203
362.4000,0.0030,0.0123,2.3761,-0.05019,-0.0205,0.0000,-0.11208
362.5000,0.0044,0.0111,2.3759,-0.05015,-0.0201,-0.0017,-0.11207
362.6000,0.0056,0.0099,2.3758,-0.05008,-0.0191,-0.0030,-0.11202
362.7000,0.0068,0.0086,2.3749,-0.05000,-0.0178,-0.0042,-0.11195
362.8000,0.0080,0.0074,2.3756,-0.04990,-0.0162,-0.0057,-0.11179
362.9000,0.0091,0.0063,2.3755,-0.04982,-0.0148,-0.0073,-0.11165
363.0000,0.0105,0.0050,2.3788,-0.04975,-0.0135,-0.0086,-0.11156
363.1000,0.0115,0.0040,2.3801,-0.04970,-0.0119,-0.0093,-0.11147
363.2000,0.0124,0.0032,2.3832,-0.04968,-0.0095,-0.0097,-0.11142
363.3000,0.0133,0.0023,2.3847,-0.04968,-0.0063,-0.0096,-0.11142
363.4000,0.0137,0.0019,2.3817,-0.04942,-0.0026,-0.0091,-0.11122
363.5000,0.0140,0.0010,2.3815,-0.04922,0.0005,-0.0085,-0.11095
363.6000,0.0142,-0.0003,2.3819,-0.04917,0.0036,-0.0081,-0.11089
363.7000,0.0144,-0.0018,2.3788,-0.04921,0.0058,-0.0081,-0.11090
363.8000,0.0135,-0.0034,2.3749,-0.04930,0.0070,-0.0081,-0.11094
363.9000,0.0122,-0.0045,2.3742,-0.04942,0.0066,-0.0079,-0.11109
364.0000,0.0106,-0.0057,2.3743,-0.04958,0.0050,-0.0078,-0.11124
364.1000,0.0087,-0.0068,2.3750,-0.04973,0.0022,-0.0076,-0.11138
364.2000,0.0065,-0.0080,2.3766,-0.04988,-0.0014,-0.0079,-0.11151
364.3000,0.0042,-0.0092,2.3779,-0.05002,-0.0054,-0.0087,-0.11154
364.4000,0.0018,-0.0106,2.3760,-0.05014,-0.0091,-0.0102,-0.11151
364.5000,-0.0010,-0.0120,2.3780,-0.05026,-0.0128,-0.0117,-0.11157
364.6000,-0.0034,-0.0134,2.3800,-0.05037,-0.0169,-0.0131,-0.11168
364.7000,-0.0055,-0.0148,2.3813,-0.05045,-0.0205,-0.0149,-0.11173
364.8000,-0.0074,-0.0161,2.3797,-0.05050,-0.0232,-0.0169,-0.11173
364.9000,-0.0092,-0.0173,2.3793,-0.05053,-0.0261,-0.0187,-0.11173
365.0000,-0.0106,-0.0185,2.3770,-0.05055,-0.0287,-0.0200,-0.11174
365.1000,-0.0119,-0.0196,2.3765,-0.05056,-0.0313,-0.0212,-0.11175
365.2000,-0.0126,-0.0204,2.3769,-0.05056,-0.0337,-0.0229,-0.11171
365.3000,-0.0130,-0.0211,2.3774,-0.05055,-0.0349,-0.0245,-0.11170
365.4000,-0.0129,-0.0216,2.3783,-0.05054,-0.0345,-0.0261,-0.11176
365.5000,-0.0125,-0.0220,2.3789,-0.05052,-0.0333,-0.0269,-0.11183
365.6000,-0.0116,-0.0221,2.3796,-0.05048,-0.0312,-0.0274,-0.11190
365.7000,-0.0106,-0.0219,2.3799,-0.05041,-0.0294,-0.0275,-0.11194
365.8000,-0.0097,-0.0216,2.3803,-0.05033,-0.0279,-0.0276,-0.11191
365.9000,-0.0087,-0.0211,2.3805,-0.05025,-0.0267,-0.0273,-0.11184
366.0000,-0.0076,-0.0203,2.3812,-0.05014,-0.0251,-0.0268,-0.11177
366.1000,-0.0067,-0.0195,2.3817,-0.05007,-0.0235,-0.0263,-0.11172
366.2000,-0.0058,-0.0186,2.3824,-0.04999,-0.0219,-0.0256,-0.11170
366.3000,-0.0051,-0.0176,2.3809,-0.04992,-0.0210,-0.0248,-0.11164
366.4000,-0.0044,-0.0166,2.3790,-0.04987,-0.0206,-0.0237,-0.11155
366.5000,-0.0042,-0.0156,2.3754,-0.04983,-0.0205,-0.0221,-0.11140
366.6000,-0.0042,-0.0146,2.3744,-0.04981,-0.0204,-0.0199,-0.11129
366.7000,-0.0042,-0.0137,2.3747,-0.04980,-0.0202,-0.0179,-0.11120
366.8000,-0.0039,-0.0127,2.3751,-0.04982,-0.0188,-0.0160,-0.11126
366.9000,-0.0037,-0.0119,2.3734,-0.04988,-0.0165,-0.0143,-0.11143
367.0000,-0.0038,-0.0111,2.3741,-0.04995,-0.0142,-0.0127,-0.11166
367.1000,-0.0039,-0.0107,2.3776,-0.05000,-0.0125,-0.0113,-0.11181
367.2000,-0.0039,-0.0105,2.3819,-0.05004,-0.0113,-0.0097,-0.11190
367.3000,-0.0043,-0.0105,2.3854,-0.05006,-0.0104,-0.0085,-0.11194
367.4000,-0.0049,-0.0107,2.3888,-0.05005,-0.0104,-0.0078,-0.11192
367.5000,-0.0057,-0.0112,2.3892,-0.05003,-0.0111,-0.0079,-0.11191
367.6000,-0.0072,-0.0118,2.3873,-0.05000,-0.0124,-0.0084,-0.11187
367.7000,-0.0090,-0.0127,2.3853,-0.04996,-0.0151,-0.0097,-0.11184
367.8000,-0.0111,-0.0138,2.3829,-0.04991,-0.0185,-0.0117,-0.11178
367.9000,-0.0131,-0.0149,2.3827,-0.04989,-0.0226,-0.0145,-0.11174
368.0000,-0.0149,-0.0162,2.3835,-0.04986,-0.0263,-0.0168,-0.11174
368.1000,-0.0165,-0.0176,2.3838,-0.04984,-0.0297,-0.0185,-0.11175
368.2000,-0.0179,-0.0186,2.3820,-0.04981,-0.0322,-0.0196,-0.11178
368.3000,-0.0190,-0.0194,2.3827,-0.04976,-0.0342,-0.0204,-0.11180
368.4000,-0.0196,-0.0200,2.3845,-0.04969,-0.0359,-0.0214,-0.11180
368.5000,-0.0197,-0.0205,2.3869,-0.04962,-0.0371,-0.0227,-0.11175
368.6000,-0.0196,-0.0208,2.3903,-0.04955,-0.0381,-0.0246,-0.11173
368.7000,-0.0191,-0.0212,2.3943,-0.04950,-0.0386,-0.0265,-0.11174
368.8000,-0.0183,-0.0214,2.3966,-0.04946,-0.0383,-0.0285,-0.11173
368.9000,-0.0174,-0.0216,2.3979,-0.04942,-0.0373,-0.0303,-0.11178
369.0000,-0.0161,-0.0216,2.3970,-0.04938,-0.0361,-0.0317,-0.11182
369.1000,-0.0153,-0.0214,2.3964,-0.04933,-0.0350,-0.0328,-0.11183
369.2000,-0.0142,-0.0210,2.3975,-0.04927,-0.0338,-0.0344,-0.11185
369.3000,-0.0129,-0.0205,2.3954,-0.04921,-0.0327,-0.0369,-0.11189
369.4000,-0.0117,-0.0198,2.3936,-0.04915,-0.0316,-0.0406,-0.11204
369.5000,-0.0105,-0.0189,2.3900,-0.04908,-0.0310,-0.0444,-0.11216
369.6000,-0.0096,-0.0179,2.3885,-0.04900,-0.0304,-0.0479,-0.11225
369.7000,-0.0086,-0.0164,2.3866,-0.04880,-0.0298,-0.0507,-0.11220
369.8000,-0.0077,-0.0142,2.3862,-0.04826,-0.0294,-0.0528,-0.11173
369.9000,-0.0058,-0.0123,2.3893,-0.04791,-0.0290,-0.0538,-0.11137
370.0000,-0.0041,-0.0101,2.3912,-0.04767,-0.0287,-0.0530,-0.11096
370.1000,-0.0028,-0.0076,2.3928,-0.04751,-0.0284,-0.0511,-0.11060
370.2000,-0.0011,-0.0032,2.3950,-0.04736,-0.0273,-0.0480,-0.11031
370.3000,0.0002,0.0008,2.3947,-0.04733,-0.0256,-0.0446,-0.11016
370.4000,0.0016,0.0057,2.3893,-0.04740,-0.0236,-0.0400,-0.11014
370.5000,0.0023,0.0105,2.3856,-0.04758,-0.0218,-0.0354,-0.11021
370.6000,0.0032,0.0152,2.3837,-0.04783,-0.0205,-0.0308,-0.11032
370.7000,0.0041,0.0197,2.3832,-0.04814,-0.0197,-0.0265,-0.11049
370.8000,0.0052,0.0242,2.3835,-0.04849,-0.0189,-0.0212,-0.11073
370.9000,0.0062,0.0282,2.3843,-0.04880,-0.0180,-0.0151,-0.11099
371.0000,0.0074,0.0326,2.3844,-0.04911,-0.0168,-0.0090,-0.11123
371.1000,0.0083,0.0362,2.3824,-0.04935,-0.0157,-0.0020,-0.11150
371.2000,0.0090,0.0395,2.3818,-0.04953,-0.0152,0.0047,-0.11172
371.3000,0.0099,0.0428,2.3834,-0.04969,-0.0150,0.0109,-0.11188
371.4000,0.0108,0.0449,2.3844,-0.04980,-0.0151,0.0168,-0.11202
371.5000,0.0116,0.0463,2.3849,-0.04986,-0.0154,0.0209,-0.11214
371.6000,0.0124,0.0470,2.3838,-0.04990,-0.0157,0.0237,-0.11218
371.7000,0.0131,0.0468,2.3840,-0.04992,-0.0159,0.0250,-0.11219
371.8000,0.0140,0.0459,2.3810,-0.04992,-0.0164,0.0257,-0.11226
371.9000,0.0146,0.0445,2.3791,-0.04988,-0.0170,0.0253,-0.11225
372.0000,0.0154,0.0424,2.3779,-0.04983,-0.0178,0.0241,-0.11230
372.1000,0.0163,0.0400,2.3788,-0.04975,-0.0184,0.0222,-0.11231
372.2000,0.0174,0.0371,2.3789,-0.04965,-0.0184,0.0199,-0.11224
372.3000,0.0187,0.0339,2.3780,-0.04953,-0.0176,0.0177,-0.11202
372.4000,0.0199,0.0307,2.3769,-0.04942,-0.0160,0.0151,-0.11169
372.5000,0.0212,0.0274,2.3754,-0.04931,-0.0139,0.0127,-0.11130
372.6000,0.0226,0.0240,2.3733,-0.04924,-0.0113,0.0100,-0.11086
372.7000,0.0238,0.0207,2.3697,-0.04923,-0.0087,0.0069,-0.11056
372.8000,0.0250,0.0175,2.3692,-0.04931,-0.0052,0.0028,-0.11030
372.9000,0.0260,0.0143,2.3669,-0.04948,-0.0013,-0.0014,-0.11015
373.0000,0.0267,0.0113,2.3674,-0.04971,0.0034,-0.0059,-0.11006
373.1000,0.0274,0.0082,2.3650,-0.05001,0.0083,-0.0100,-0.10999
373.2000,0.0274,0.0051,2.3637,-0.05041,0.0137,-0.0140,-0.10994
373.3000,0.0270,0.0028,2.3633,-0.05080,0.0181,-0.0170,-0.10999
373.4000,0.0261,0.0008,2.3625,-0.05119,0.0218,-0.0194,-0.11021
373.5000,0.0245,-0.0006,2.3606,-0.05156,0.0238,-0.0210,-0.11050
373.6000,0.0222,-0.0018,2.3596,-0.05193,0.0241,-0.0220,-0.11087
373.7000,0.0192,-0.0027,2.3573,-0.05229,0.0227,-0.0222,-0.11121
373.8000,0.0155,-0.0033,2.3565,-0.05261,0.0199,-0.0216,-0.11161
373.9000,0.0112,-0.0037,2.3549,-0.05285,0.0160,-0.0211,-0.11188
374.0000,0.0065,-0.0039,2.3566,-0.05302,0.0110,-0.0200,-0.11206
374.1000,0.0020,-0.0041,2.3509,-0.05310,0.0055,-0.0182,-0.11220
374.2000,-0.0032,-0.0042,2.3479,-0.05311,0.0000,-0.0171,-0.11216
374.3000,-0.0083,-0.0043,2.3489,-0.05307,-0.0058,-0.0162,-0.11199
374.4000,-0.0127,-0.0045,2.3493,-0.05300,-0.0106,-0.0159,-0.11176
374.5000,-0.0167,-0.0049,2.3459,-0.05294,-0.0150,-0.0158,-0.11156
374.6000,-0.0209,-0.0053,2.3370,-0.05289,-0.0184,-0.0155,-0.11150
374.7000,-0.0250,-0.0057,2.3292,-0.05286,-0.0216,-0.0157,-0.11149
374.8000,-0.0290,-0.0061,2.3260,-0.05284,-0.0241,-0.0164,-0.11149
374.9000,-0.0317,-0.0066,2.3272,-0.05284,-0.0261,-0.0170,-0.11149
375.0000,-0.0342,-0.0071,2.3285,-0.05286,-0.0275,-0.0174,-0.11153
375.1000,-0.0362,-0.0076,2.3308,-0.05288,-0.0277,-0.0178,-0.11168
375.2000,-0.0382,-0.0081,2.3303,-0.05290,-0.0275,-0.0184,-0.11190
375.3000,-0.0400,-0.0086,2.3310,-0.05291,-0.0275,-0.0190,-0.11211
375.4000,-0.0415,-0.0089,2.3323,-0.05288,-0.0283,-0.0201,-0.11224
375.5000,-0.0431,-0.0092,2.3331,-0.05283,-0.0295,-0.0212,-0.11233
375.6000,-0.0445,-0.0094,2.3295,-0.05275,-0.0316,-0.0225,-0.11233
375.7000,-0.0467,-0.0096,2.3282,-0.05264,-0.0339,-0.0234,-0.11223
375.8000,-0.0488,-0.0096,2.3273,-0.05250,-0.0367,-0.0240,-0.11206
375.9000,-0.0504,-0.0095,2.3287,-0.05236,-0.0393,-0.0243,-0.11188
376.0000,-0.0518,-0.0093,2.3323,-0.05223,-0.0424,-0.0248,-0.11167
376.1000,-0.0529,-0.0089,2.3379,-0.05209,-0.0452,-0.0252,-0.11152
376.2000,-0.0537,-0.0085,2.3420,-0.05197,-0.0474,-0.0251,-0.11132
376.3000,-0.0545,-0.0077,2.3484,-0.05188,-0.0487,-0.0249,-0.11128
376.4000,-0.0547,-0.0071,2.3524,-0.05185,-0.0491,-0.0239,-0.11128
376.5000,-0.0547,-0.0062,2.3496,-0.05183,-0.0490,-0.0219,-0.11126
376.6000,-0.0554,-0.0051,2.3475,-0.05182,-0.0489,-0.0192,-0.11117
376.7000,-0.0558,-0.0041,2.3472,-0.05184,-0.0487,-0.0166,-0.11110
376.8000,-0.0558,-0.0032,2.3475,-0.05189,-0.0484,-0.0143,-0.11112
376.9000,-0.0554,-0.0025,2.3461,-0.05196,-0.0478,-0.0127,-0.11124
377.0000,-0.0552,-0.0019,2.3449,-0.05207,-0.0468,-0.0118,-0.11145
377.1000,-0.0550,-0.0016,2.3460,-0.05217,-0.0461,-0.0118,-0.11170
377.2000,-0.0538,-0.0016,2.3389,-0.05229,-0.0457,-0.0121,-0.11197
377.3000,-0.0540,-0.0016,2.3318,-0.05235,-0.0460,-0.0124,-0.11214
377.4000,-0.0542,-0.0018,2.3289,-0.05237,-0.0465,-0.0126,-0.11220
377.5000,-0.0539,-0.0021,2.3245,-0.05233,-0.0465,-0.0125,-0.11215
377.6000,-0.0537,-0.0024,2.3236,-0.05225,-0.0459,-0.0117,-0.11198
377.7000,-0.0527,-0.0028,2.3230,-0.05211,-0.0446,-0.0104,-0.11175
377.8000,-0.0520,-0.0031,2.3244,-0.05200,-0.0427,-0.0093,-0.11157
377.9000,-0.0509,-0.0036,2.3242,-0.05191,-0.0405,-0.0088,-0.11147
378.0000,-0.0502,-0.0042,2.3243,-0.05186,-0.0385,-0.0085,-0.11143
378.1000,-0.0496,-0.0048,2.3265,-0.05185,-0.0365,-0.0085,-0.11145
378.2000,-0.0489,-0.0057,2.3295,-0.05186,-0.0348,-0.0092,-0.11152
378.3000,-0.0480,-0.0065,2.3301,-0.05189,-0.0336,-0.0103,-0.11161
378.4000,-0.0479,-0.0076,2.3284,-0.05192,-0.0328,-0.0117,-0.11169
378.5000,-0.0480,-0.0087,2.3266,-0.05196,-0.0333,-0.0133,-0.11181
378.6000,-0.0486,-0.0100,2.3270,-0.05199,-0.0351,-0.0152,-0.11192
378.7000,-0.0488,-0.0111,2.3259,-0.05198,-0.0371,-0.0166,-0.11196
378.8000,-0.0492,-0.0121,2.3238,-0.05196,-0.0391,-0.0177,-0.11197
378.9000,-0.0501,-0.0132,2.3268,-0.05189,-0.0408,-0.0179,-0.11194
379.0000,-0.0502,-0.0140,2.3328,-0.05180,-0.0422,-0.0179,-0.11189
379.1000,-0.0497,-0.0147,2.3346,-0.05170,-0.0429,-0.0180,-0.11178
379.2000,-0.0497,-0.0153,2.3360,-0.05161,-0.0434,-0.0187,-0.11170
379.3000,-0.0492,-0.0158,2.3353,-0.05154,-0.0443,-0.0201,-0.11167
379.4000,-0.0492,-0.0162,2.3355,-0.05148,-0.0464,-0.0227,-0.11167
379.5000,-0.0490,-0.0168,2.3394,-0.05144,-0.0490,-0.0256,-0.11165
379.6000,-0.0479,-0.0174,2.3420,-0.05142,-0.0521,-0.0288,-0.11164
379.7000,-0.0470,-0.0177,2.3420,-0.05140,-0.0551,-0.0308,-0.11163
379.8000,-0.0462,-0.0178,2.3421,-0.05139,-0.0577,-0.0318,-0.11159
379.9000,-0.0446,-0.0174,2.3458,-0.05134,-0.0595,-0.0315,-0.11154
380.0000,-0.0423,-0.0168,2.3479,-0.05129,-0.0601,-0.0304,-0.11144
380.1000,-0.0398,-0.0158,2.3492,-0.05123,-0.0598,-0.0286,-0.11134
380.2000,-0.0368,-0.0146,2.3499,-0.05120,-0.0588,-0.0259,-0.11126
380.3000,-0.0339,-0.0135,2.3504,-0.05119,-0.0571,-0.0231,-0.11122
380.4000,-0.0299,-0.0120,2.3510,-0.05120,-0.0548,-0.0203,-0.11122
380.5000,-0.0258,-0.0108,2.3510,-0.05124,-0.0513,-0.0171,-0.11127
380.6000,-0.0218,-0.0098,2.3457,-0.05128,-0.0478,-0.0142,-0.11132
380.7000,-0.0178,-0.0088,2.3406,-0.05135,-0.0438,-0.0113,-0.11142
380.8000,-0.0137,-0.0082,2.3342,-0.05141,-0.0399,-0.0090,-0.11154
380.9000,-0.0098,-0.0078,2.3297,-0.05146,-0.0348,-0.0065,-0.11165
381.0000,-0.0054,-0.0078,2.3266,-0.05151,-0.0303,-0.0048,-0.11171
381.1000,-0.0015,-0.0081,2.3232,-0.05154,-0.0253,-0.0031,-0.11179
381.2000,0.0021,-0.0087,2.3232,-0.05156,-0.0212,-0.0019,-0.11187
381.3000,0.0058,-0.0096,2.3279,-0.05156,-0.0180,-0.0004,-0.11190
381.4000,0.0091,-0.0107,2.3347,-0.05155,-0.0152,0.0011,-0.11193
381.5000,0.0127,-0.0121,2.3419,-0.05151,-0.0130,0.0017,-0.11196
381.6000,0.0161,-0.0142,2.3485,-0.05145,-0.0107,0.0014,-0.11191
381.7000,0.0184,-0.0161,2.3513,-0.05139,-0.0084,0.0007,-0.11186
381.8000,0.0203,-0.0185,2.3524,-0.05134,-0.0060,-0.0012,-0.11167
381.9000,0.0215,-0.0208,2.3526,-0.05131,-0.0038,-0.0041,-0.11151
382.0000,0.0225,-0.0234,2.3496,-0.05130,-0.0013,-0.0074,-0.11130
382.1000,0.0231,-0.0266,2.3474,-0.05133,0.0008,-0.0110,-0.11107
382.2000,0.0235,-0.0293,2.3449,-0.05138,0.0028,-0.0152,-0.11085
382.3000,0.0236,-0.0319,2.3408,-0.05147,0.0040,-0.0195,-0.11065
382.4000,0.0233,-0.0343,2.3359,-0.05158,0.0046,-0.0230,-0.11050
382.5000,0.0225,-0.0369,2.3308,-0.05176,0.0046,-0.0262,-0.11047
382.6000,0.0215,-0.0386,2.3288,-0.05193,0.0044,-0.0293,-0.11053
382.7000,0.0204,-0.0400,2.3291,-0.05212,0.0043,-0.0320,-0.11059
382.8000,0.0191,-0.0410,2.3336,-0.05233,0.0041,-0.0347,-0.11059
382.9000,0.0180,-0.0418,2.3344,-0.05257,0.0037,-0.0370,-0.11062
383.0000,0.0164,-0.0420,2.3344,-0.05280,0.0033,-0.0387,-0.11073
383.1000,0.0142,-0.0419,2.3371,-0.05304,0.0027,-0.0395,-0.11095
383.2000,0.0122,-0.0412,2.3368,-0.05325,0.0021,-0.0392,-0.11123
383.3000,0.0097,-0.0402,2.3348,-0.05342,0.0012,-0.0378,-0.11161
383.4000,0.0069,-0.0389,2.3354,-0.05354,-0.0005,-0.0359,-0.11194
383.5000,0.0043,-0.0374,2.3371,-0.05361,-0.0033,-0.0335,-0.11207
383.6000,0.0016,-0.0358,2.3377,-0.05361,-0.0071,-0.0311,-0.11202
383.7000,-0.0013,-0.0341,2.3417,-0.05358,-0.0121,-0.0289,-0.11173
383.8000,-0.0040,-0.0324,2.3434,-0.05352,-0.0167,-0.0272,-0.11141
383.9000,-0.0055,-0.0307,2.3342,-0.05345,-0.0209,-0.0257,-0.11111
384.0000,-0.0061,-0.0293,2.2836,-0.05341,-0.0250,-0.0239,-0.11092
384.1000,-0.0102,-0.0279,2.2038,-0.05337,-0.0291,-0.0220,-0.11086
384.2000,-0.0158,-0.0267,2.1258,-0.05336,-0.0342,-0.0197,-0.11091
384.3000,-0.0231,-0.0253,2.0258,-0.05334,-0.0395,-0.0174,-0.11090
384.4000,-0.0274,-0.0246,1.9518,-0.05333,-0.0436,-0.0154,-0.11090
384.5000,-0.0294,-0.0240,1.8873,-0.05332,-0.0462,-0.0139,-0.11090
384.6000,-0.0293,-0.0237,1.8318,-0.05331,-0.0473,-0.0131,-0.11093
384.7000,-0.0276,-0.0236,1.7820,-0.05331,-0.0475,-0.0127,-0.11110
384.8000,-0.0249,-0.0236,1.7388,-0.05330,-0.0470,-0.0123,-0.11130
384.9000,-0.0218,-0.0237,1.7010,-0.05329,-0.0456,-0.0116,-0.11144
385.0000,-0.0188,-0.0238,1.6689,-0.05327,-0.0433,-0.0107,-0.11149
385.1000,-0.0156,-0.0240,1.6391,-0.05325,-0.0403,-0.0100,-0.11140
385.2000,-0.0125,-0.0242,1.6105,-0.05323,-0.0372,-0.0098,-0.11128
385.3000,-0.0098,-0.0244,1.5870,-0.05321,-0.0344,-0.0102,-0.11118
385.4000,-0.0075,-0.0247,1.5658,-0.05321,-0.0315,-0.0115,-0.11121
385.5000,-0.0055,-0.0250,1.5475,-0.05323,-0.0283,-0.0132,-0.11130
385.6000,-0.0037,-0.0254,1.5302,-0.05325,-0.0244,-0.0150,-0.11138
385.7000,-0.0022,-0.0259,1.5145,-0.05327,-0.0205,-0.0161,-0.11137
385.8000,-0.0008,-0.0263,1.4988,-0.05327,-0.0161,-0.0163,-0.11123
385.9000,-0.0000,-0.0266,1.4871,-0.05328,-0.0125,-0.0160,-0.11108
386.0000,0.0005,-0.0269,1.4761,-0.05328,-0.0099,-0.0157,-0.11093
386.1000,0.0007,-0.0272,1.4658,-0.05329,-0.0083,-0.0157,-0.11088
386.2000,0.0006,-0.0276,1.4558,-0.05331,-0.0071,-0.0159,-0.11091
386.3000,0.0002,-0.0280,1.4485,-0.05334,-0.0063,-0.0165,-0.11098
386.4000,-0.0005,-0.0286,1.4399,-0.05337,-0.0060,-0.0174,-0.11100
386.5000,-0.0012,-0.0291,1.4339,-0.05339,-0.0060,-0.0183,-0.11100
386.6000,-0.0021,-0.0295,1.4282,-0.05339,-0.0059,-0.0189,-0.11101
386.7000,-0.0031,-0.0299,1.4233,-0.05339,-0.0060,-0.0193,-0.11100
386.8000,-0.0041,-0.0303,1.4195,-0.05339,-0.0064,-0.0199,-0.11098
386.9000,-0.0053,-0.0306,1.4158,-0.05340,-0.0074,-0.0204,-0.11102
387.0000,-0.0067,-0.0311,1.4123,-0.05341,-0.0092,-0.0208,-0.11106
387.1000,-0.0078,-0.0314,1.4101,-0.05340,-0.0108,-0.0210,-0.11105
387.2000,-0.0091,-0.0317,1.4081,-0.05338,-0.0123,-0.0210,-0.11104
387.3000,-0.0103,-0.0320,1.4063,-0.05337,-0.0131,-0.0210,-0.11103
387.4000,-0.0115,-0.0324,1.4048,-0.05339,-0.0137,-0.0212,-0.11102
387.5000,-0.0126,-0.0327,1.4033,-0.05340,-0.0139,-0.0219,-0.11100
387.6000,-0.0140,-0.0331,1.4016,-0.05343,-0.0140,-0.0229,-0.11100
387.7000,-0.0151,-0.0335,1.4003,-0.05345,-0.0140,-0.0240,-0.11100
387.8000,-0.0161,-0.0338,1.3992,-0.05347,-0.0139,-0.0245,-0.11101
387.9000,-0.0173,-0.0341,1.3985,-0.05349,-0.0136,-0.0246,-0.11101
388.0000,-0.0184,-0.0344,1.3981,-0.05351,-0.0133,-0.0246,-0.11100
388.1000,-0.0194,-0.0345,1.3981,-0.05352,-0.0130,-0.0244,-0.11099
388.2000,-0.0205,-0.0346,1.3983,-0.05354,-0.0130,-0.0238,-0.11099
388.3000,-0.0216,-0.0346,1.3988,-0.05355,-0.0133,-0.0228,-0.11096
388.4000,-0.0229,-0.0346,1.3996,-0.05357,-0.0138,-0.0212,-0.11098
388.5000,-0.0241,-0.0346,1.4002,-0.05358,-0.0142,-0.0200,-0.11101
388.6000,-0.0253,-0.0346,1.4003,-0.05359,-0.0144,-0.0192,-0.11098
388.7000,-0.0266,-0.0346,1.3996,-0.05361,-0.0148,-0.0189,-0.11098
388.8000,-0.0279,-0.0347,1.3981,-0.05363,-0.0160,-0.0189,-0.11101
388.9000,-0.0293,-0.0350,1.3960,-0.05364,-0.0179,-0.0186,-0.11101
389.0000,-0.0308,-0.0352,1.3933,-0.05365,-0.0201,-0.0177,-0.11099
389.1000,-0.0323,-0.0355,1.3903,-0.05366,-0.0224,-0.0163,-0.11098
389.2000,-0.0337,-0.0359,1.3871,-0.05366,-0.0246,-0.0150,-0.11096
389.3000,-0.0350,-0.0364,1.3841,-0.05367,-0.0267,-0.0143,-0.11097
389.4000,-0.0362,-0.0370,1.3813,-0.05368,-0.0280,-0.0145,-0.11098
389.5000,-0.0373,-0.0378,1.3785,-0.05369,-0.0283,-0.0159,-0.11099
389.6000,-0.0383,-0.0388,1.3759,-0.05372,-0.0280,-0.0181,-0.11109
389.7000,-0.0391,-0.0399,1.3738,-0.05375,-0.0275,-0.0202,-0.11114
389.8000,-0.0399,-0.0409,1.3721,-0.05378,-0.0269,-0.0218,-0.11121
389.9000,-0.0407,-0.0420,1.3708,-0.05381,-0.0262,-0.0227,-0.11121
390.0000,-0.0415,-0.0430,1.3700,-0.05383,-0.0260,-0.0233,-0.11120
390.1000,-0.0424,-0.0439,1.3697,-0.05385,-0.0260,-0.0245,-0.11121
390.2000,-0.0433,-0.0449,1.3697,-0.05387,-0.0264,-0.0267,-0.11125
390.3000,-0.0444,-0.0460,1.3700,-0.05389,-0.0264,-0.0291,-0.11133
390.4000,-0.0456,-0.0471,1.3705,-0.05392,-0.0267,-0.0319,-0.11139
390.5000,-0.0468,-0.0482,1.3712,-0.05396,-0.0278,-0.0346,-0.11149
390.6000,-0.0484,-0.0494,1.3723,-0.05399,-0.0304,-0.0373,-0.11157
390.7000,-0.0499,-0.0504,1.3733,-0.05401,-0.0334,-0.0390,-0.11160
390.8000,-0.0515,-0.0513,1.3744,-0.05401,-0.0368,-0.0404,-0.11159
390.9000,-0.0530,-0.0521,1.3756,-0.05401,-0.0397,-0.0412,-0.11159
391.0000,-0.0544,-0.0526,1.3766,-0.05399,-0.0431,-0.0420,-0.11157
391.1000,-0.0558,-0.0530,1.3776,-0.05396,-0.0462,-0.0422,-0.11151
391.2000,-0.0571,-0.0533,1.3784,-0.05393,-0.0491,-0.0421,-0.11143
391.3000,-0.0583,-0.0535,1.3791,-0.05390,-0.0517,-0.0417,-0.11137
391.4000,-0.0593,-0.0536,1.3796,-0.05388,-0.0542,-0.0410,-0.11131
391.5000,-0.0603,-0.0537,1.3799,-0.05387,-0.0563,-0.0406,-0.11129
391.6000,-0.0611,-0.0538,1.3798,-0.05389,-0.0583,-0.0406,-0.11131
391.7000,-0.0619,-0.0540,1.3795,-0.05392,-0.0596,-0.0405,-0.11134
391.8000,-0.0626,-0.0541,1.3789,-0.05395,-0.0607,-0.0402,-0.11138
391.9000,-0.0633,-0.0542,1.3782,-0.05397,-0.0619,-0.0400,-0.11140
392.0000,-0.0639,-0.0543,1.3774,-0.05398,-0.0628,-0.0401,-0.11141
392.1000,-0.0644,-0.0544,1.3766,-0.05398,-0.0642,-0.0403,-0.11144
392.2000,-0.0647,-0.0545,1.3761,-0.05397,-0.0655,-0.0407,-0.11144
392.3000,-0.0651,-0.0545,1.3755,-0.05397,-0.0665,-0.0412,-0.11148
392.4000,-0.0653,-0.0546,1.3752,-0.05396,-0.0675,-0.0420,-0.11150
392.5000,-0.0655,-0.0547,1.3749,-0.05395,-0.0685,-0.0433,-0.11151
392.6000,-0.0656,-0.0548,1.3748,-0.05394,-0.0690,-0.0449,-0.11151
392.7000,-0.0656,-0.0549,1.3749,-0.05396,-0.0688,-0.0473,-0.11159
392.8000,-0.0655,-0.0548,1.3749,-0.05399,-0.0678,-0.0493,-0.11170
392.9000,-0.0653,-0.0547,1.3750,-0.05402,-0.0665,-0.0509,-0.11180
393.0000,-0.0651,-0.0543,1.3751,-0.05404,-0.0656,-0.0518,-0.11184
393.1000,-0.0649,-0.0538,1.3752,-0.05405,-0.0656,-0.0518,-0.11181
393.2000,-0.0648,-0.0532,1.3755,-0.05404,-0.0661,-0.0513,-0.11178
393.3000,-0.0646,-0.0524,1.3758,-0.05401,-0.0672,-0.0507,-0.11171
393.4000,-0.0645,-0.0514,1.3763,-0.05397,-0.0681,-0.0500,-0.11162
393.5000,-0.0643,-0.0506,1.3766,-0.05394,-0.0690,-0.0487,-0.11151
393.6000,-0.0641,-0.0497,1.3770,-0.05392,-0.0697,-0.0471,-0.11143
393.7000,-0.0639,-0.0487,1.3772,-0.05391,-0.0700,-0.0455,-0.11140
393.8000,-0.0636,-0.0477,1.3774,-0.05389,-0.0698,-0.0446,-0.11138
393.9000,-0.0632,-0.0467,1.3775,-0.05388,-0.0692,-0.0445,-0.11139
394.0000,-0.0628,-0.0457,1.3775,-0.05388,-0.0684,-0.0453,-0.11143
394.1000,-0.0622,-0.0448,1.3774,-0.05388,-0.0671,-0.0468,-0.11148
394.2000,-0.0617,-0.0436,1.3773,-0.05388,-0.0659,-0.0484,-0.11154
394.3000,-0.0612,-0.0426,1.3774,-0.05386,-0.0643,-0.0498,-0.11158
394.4000,-0.0607,-0.0415,1.3776,-0.05383,-0.0630,-0.0511,-0.11157
394.5000,-0.0603,-0.0403,1.3779,-0.05380,-0.0620,-0.0520,-0.11156
394.6000,-0.0599,-0.0390,1.3784,-0.05377,-0.0608,-0.0528,-0.11154
394.7000,-0.0596,-0.0376,1.3790,-0.05373,-0.0592,-0.0539,-0.11150
394.8000,-0.0593,-0.0360,1.3799,-0.05370,-0.0575,-0.0548,-0.11147
394.9000,-0.0592,-0.0343,1.3809,-0.05367,-0.0560,-0.0551,-0.11142
395.0000,-0.0592,-0.0321,1.3822,-0.05364,-0.0554,-0.0542,-0.11133
395.1000,-0.0593,-0.0302,1.3833,-0.05362,-0.0559,-0.0525,-0.11132
395.2000,-0.0595,-0.0284,1.3842,-0.05361,-0.0572,-0.0496,-0.11126
395.3000,-0.0598,-0.0263,1.3852,-0.05359,-0.0589,-0.0465,-0.11122
395.4000,-0.0603,-0.0238,1.3862,-0.05357,-0.0611,-0.0426,-0.11120
395.5000,-0.0606,-0.0218,1.3870,-0.05356,-0.0629,-0.0393,-0.11119
395.6000,-0.0607,-0.0199,1.3877,-0.05356,-0.0639,-0.0366,-0.11124
395.7000,-0.0608,-0.0181,1.3884,-0.05356,-0.0647,-0.0348,-0.11128
395.8000,-0.0609,-0.0165,1.3891,-0.05358,-0.0657,-0.0335,-0.11130
395.9000,-0.0608,-0.0150,1.3899,-0.05363,-0.0665,-0.0326,-0.11140
396.0000,-0.0607,-0.0137,1.3907,-0.05366,-0.0673,-0.0319,-0.11146
396.1000,-0.0604,-0.0125,1.3916,-0.05367,-0.0677,-0.0312,-0.11150
396.2000,-0.0601,-0.0114,1.3926,-0.05367,-0.0680,-0.0305,-0.11156
396.3000,-0.0597,-0.0104,1.3936,-0.05366,-0.0681,-0.0302,-0.11162
396.4000,-0.0592,-0.0096,1.3944,-0.05365,-0.0678,-0.0304,-0.11164
396.5000,-0.0588,-0.0088,1.3953,-0.05366,-0.0670,-0.0309,-0.11168
396.6000,-0.0583,-0.0082,1.3960,-0.05368,-0.0654,-0.0317,-0.11167
396.7000,-0.0578,-0.0075,1.3967,-0.05369,-0.0631,-0.0325,-0.11164
396.8000,-0.0573,-0.0068,1.3974,-0.05368,-0.0605,-0.0332,-0.11159
396.9000,-0.0568,-0.0060,1.3981,-0.05367,-0.0583,-0.0336,-0.11160
397.0000,-0.0564,-0.0053,1.3988,-0.05365,-0.0566,-0.0338,-0.11158
397.1000,-0.0561,-0.0046,1.3995,-0.05364,-0.0557,-0.0338,-0.11162
397.2000,-0.0558,-0.0038,1.4003,-0.05363,-0.0554,-0.0341,-0.11163
397.3000,-0.0555,-0.0031,1.4011,-0.05361,-0.0553,-0.0344,-0.11163
397.4000,-0.0553,-0.0023,1.4017,-0.05359,-0.0550,-0.0349,-0.11166
397.5000,-0.0550,-0.0014,1.4025,-0.05359,-0.0547,-0.0353,-0.11167
397.6000,-0.0547,-0.0006,1.4030,-0.05359,-0.0545,-0.0354,-0.11164
397.7000,-0.0544,0.0003,1.4033,-0.05360,-0.0546,-0.0352,-0.11162
397.8000,-0.0541,0.0011,1.4035,-0.05360,-0.0559,-0.0345,-0.11159
397.9000,-0.0539,0.0019,1.4037,-0.05360,-0.0577,-0.0333,-0.11158
398.0000,-0.0535,0.0031,1.4038,-0.05359,-0.0601,-0.0315,-0.11159
398.1000,-0.0532,0.0042,1.4040,-0.05360,-0.0620,-0.0301,-0.11158
398.2000,-0.0529,0.0051,1.4044,-0.05362,-0.0634,-0.0286,-0.11161
398.3000,-0.0525,0.0061,1.4048,-0.05366,-0.0642,-0.0271,-0.11166
398.4000,-0.0519,0.0070,1.4051,-0.05369,-0.0647,-0.0254,-0.11169
398.5000,-0.0512,0.0079,1.4056,-0.05372,-0.0649,-0.0234,-0.11171
398.6000,-0.0505,0.0086,1.4060,-0.05376,-0.0648,-0.0205,-0.11179
398.7000,-0.0496,0.0095,1.4064,-0.05378,-0.0646,-0.0178,-0.11184
398.8000,-0.0489,0.0101,1.4067,-0.05380,-0.0643,-0.0147,-0.11188
398.9000,-0.0482,0.0106,1.4071,-0.05381,-0.0641,-0.0121,-0.11191
399.0000,-0.0477,0.0109,1.4075,-0.05382,-0.0645,-0.0094,-0.11196
399.1000,-0.0469,0.0111,1.4080,-0.05384,-0.0655,-0.0068,-0.11196
399.2000,-0.0463,0.0111,1.4086,-0.05386,-0.0673,-0.0040,-0.11198
399.3000,-0.0455,0.0109,1.4094,-0.05389,-0.0690,-0.0022,-0.11202
399.4000,-0.0447,0.0106,1.4104,-0.05392,-0.0704,-0.0013,-0.11205
399.5000,-0.0438,0.0101,1.4115,-0.05395,-0.0710,-0.0014,-0.11210
399.6000,-0.0428,0.0095,1.4127,-0.05400,-0.0713,-0.0022,-0.11216
399.7000,-0.0417,0.0087,1.4141,-0.05403,-0.0712,-0.0036,-0.11217
399.8000,-0.0405,0.0078,1.4155,-0.05406,-0.0708,-0.0055,-0.11221
399.9000,-0.0392,0.0069,1.4171,-0.05407,-0.0699,-0.0071,-0.11222
400.0000,-0.0378,0.0060,1.4187,-0.05408,-0.0684,-0.0088,-0.11222
400.1000,-0.0363,0.0050,1.4204,-0.05410,-0.0665,-0.0111,-0.11222
400.2000,-0.0349,0.0041,1.4220,-0.05412,-0.0638,-0.0142,-0.11224
400.3000,-0.0337,0.0034,1.4235,-0.05413,-0.0614,-0.0164,-0.11228
400.4000,-0.0326,0.0027,1.4249,-0.05413,-0.0595,-0.0182,-0.11228
400.5000,-0.0316,0.0020,1.4264,-0.05413,-0.0584,-0.0197,-0.11224
400.6000,-0.0306,0.0013,1.4278,-0.05415,-0.0574,-0.0207,-0.11223
400.7000,-0.0299,0.0008,1.4288,-0.05418,-0.0567,-0.0214,-0.11226
400.8000,-0.0291,0.0002,1.4297,-0.05421,-0.0560,-0.0221,-0.11223
400.9000,-0.0284,-0.0002,1.4304,-0.05425,-0.0558,-0.0227,-0.11222
401.0000,-0.0278,-0.0006,1.4308,-0.05428,-0.0562,-0.0233,-0.11221
401.1000,-0.0272,-0.0011,1.4310,-0.05430,-0.0566,-0.0235,-0.11214
401.2000,-0.0266,-0.0015,1.4312,-0.05431,-0.0565,-0.0230,-0.11213
401.3000,-0.0258,-0.0018,1.4313,-0.05431,-0.0564,-0.0222,-0.11214
401.4000,-0.0251,-0.0020,1.4313,-0.05430,-0.0558,-0.0216,-0.11214
401.5000,-0.0242,-0.0022,1.4313,-0.05429,-0.0549,-0.0214,-0.11211
401.6000,-0.0233,-0.0024,1.4312,-0.05430,-0.0540,-0.0219,-0.11214
401.7000,-0.0223,-0.0027,1.4311,-0.05433,-0.0534,-0.0232,-0.11216
401.8000,-0.0216,-0.0030,1.4310,-0.05435,-0.0528,-0.0248,-0.11218
401.9000,-0.0207,-0.0032,1.4310,-0.05437,-0.0519,-0.0264,-0.11219
402.0000,-0.0198,-0.0033,1.4311,-0.05437,-0.0508,-0.0277,-0.11221
402.1000,-0.0189,-0.0034,1.4312,-0.05437,-0.0497,-0.0277,-0.11219
402.2000,-0.0178,-0.0034,1.4314,-0.05437,-0.0487,-0.0268,-0.11221
402.3000,-0.0170,-0.0033,1.4317,-0.05436,-0.0477,-0.0254,-0.11222
402.4000,-0.0160,-0.0032,1.4322,-0.05436,-0.0462,-0.0244,-0.11218
402.5000,-0.0152,-0.0031,1.4328,-0.05435,-0.0448,-0.0245,-0.11219
402.6000,-0.0142,-0.0031,1.4335,-0.05435,-0.0433,-0.0250,-0.11217
402.7000,-0.0134,-0.0032,1.4342,-0.05436,-0.0422,-0.0259,-0.11217
402.8000,-0.0127,-0.0033,1.4347,-0.05437,-0.0407,-0.0268,-0.11217
402.9000,-0.0121,-0.0033,1.4352,-0.05436,-0.0394,-0.0269,-0.11215
403.0000,-0.0115,-0.0033,1.4356,-0.05434,-0.0382,-0.0264,-0.11212
403.1000,-0.0108,-0.0032,1.4357,-0.05433,-0.0365,-0.0253,-0.11211
403.2000,-0.0101,-0.0030,1.4357,-0.05433,-0.0346,-0.0238,-0.11211
403.3000,-0.0094,-0.0028,1.4354,-0.05433,-0.0326,-0.0220,-0.11213
403.4000,-0.0089,-0.0026,1.4350,-0.05434,-0.0318,-0.0202,-0.11214
403.5000,-0.0084,-0.0025,1.4343,-0.05432,-0.0312,-0.0177,-0.11216
403.6000,-0.0080,-0.0025,1.4336,-0.05432,-0.0309,-0.0155,-0.11210
403.7000,-0.0076,-0.0026,1.4326,-0.05434,-0.0307,-0.0140,-0.11209
403.8000,-0.0072,-0.0028,1.4317,-0.05436,-0.0306,-0.0134,-0.11209
403.9000,-0.0067,-0.0031,1.4307,-0.05438,-0.0303,-0.0133,-0.11211
404.0000,-0.0064,-0.0036,1.4298,-0.05441,-0.0296,-0.0132,-0.11216
404.1000,-0.0060,-0.0042,1.4289,-0.05444,-0.0288,-0.0134,-0.11219
404.2040,-0.0055,-0.0049,1.4282,-0.05446,-0.0275,-0.0142,-0.11224
404.3000,-0.0051,-0.0057,1.4276,-0.05446,-0.0254,-0.0155,-0.11224
404.4000,-0.0046,-0.0065,1.4270,-0.05446,-0.0233,-0.0164,-0.11227
404.5000,-0.0041,-0.0073,1.4263,-0.05447,-0.0210,-0.0167,-0.11231
404.6000,-0.0037,-0.0082,1.4256,-0.05446,-0.0189,-0.0169,-0.11234
404.7000,-0.0034,-0.0092,1.4247,-0.05447,-0.0165,-0.0171,-0.11235
404.8000,-0.0031,-0.0101,1.4238,-0.05448,-0.0138,-0.0176,-0.11240
404.9000,-0.0029,-0.0111,1.4228,-0.05449,-0.0118,-0.0182,-0.11243
405.0000,-0.0028,-0.0119,1.4219,-0.05451,-0.0102,-0.0190,-0.11246
405.1000,-0.0028,-0.0131,1.4206,-0.05453,-0.0099,-0.0196,-0.11247
405.2000,-0.0028,-0.0139,1.4197,-0.05454,-0.0105,-0.0204,-0.11246
405.3000,-0.0030,-0.0149,1.4185,-0.05455,-0.0112,-0.0214,-0.11251
405.4000,-0.0032,-0.0158,1.4175,-0.05455,-0.0120,-0.0225,-0.11248
405.5000,-0.0033,-0.0166,1.4165,-0.05453,-0.0128,-0.0233,-0.11246
405.6000,-0.0033,-0.0174,1.4155,-0.05452,-0.0137,-0.0236,-0.11241
405.7000,-0.0033,-0.0181,1.4148,-0.05452,-0.0151,-0.0234,-0.11239
405.8000,-0.0033,-0.0188,1.4140,-0.05455,-0.0165,-0.0234,-0.11242
405.9000,-0.0031,-0.0194,1.4134,-0.05458,-0.0172,-0.0234,-0.11243
406.0000,-0.0029,-0.0200,1.4129,-0.05461,-0.0169,-0.0232,-0.11250
406.1000,-0.0027,-0.0206,1.4125,-0.05462,-0.0156,-0.0228,-0.11261
406.2000,-0.0023,-0.0213,1.4122,-0.05463,-0.0136,-0.0228,-0.11263
406.3000,-0.0019,-0.0219,1.4122,-0.05465,-0.0108,-0.0235,-0.11268
406.4000,-0.0017,-0.0227,1.4123,-0.05470,-0.0084,-0.0247,-0.11283
406.5000,-0.0016,-0.0233,1.4126,-0.05472,-0.0062,-0.0264,-0.11293
406.6000,-0.0018,-0.0243,1.4133,-0.05474,-0.0048,-0.0282,-0.11302
406.7000,-0.0021,-0.0251,1.4140,-0.05476,-0.0043,-0.0305,-0.11305
406.8000,-0.0026,-0.0259,1.4148,-0.05477,-0.0045,-0.0326,-0.11307
406.9000,-0.0033,-0.0266,1.4158,-0.05477,-0.0054,-0.0349,-0.11306
407.0000,-0.0041,-0.0273,1.4168,-0.05477,-0.0070,-0.0366,-0.11303
407.1000,-0.0050,-0.0278,1.4178,-0.05477,-0.0092,-0.0382,-0.11299
407.2000,-0.0060,-0.0283,1.4188,-0.05477,-0.0109,-0.0398,-0.11294
407.3000,-0.0070,-0.0286,1.4198,-0.05476,-0.0128,-0.0414,-0.11288
407.4000,-0.0081,-0.0288,1.4207,-0.05476,-0.0146,-0.0424,-0.11283
407.5000,-0.0092,-0.0289,1.4215,-0.05475,-0.0162,-0.0431,-0.11283
407.6000,-0.0101,-0.0289,1.4222,-0.05475,-0.0181,-0.0437,-0.11281
407.7000,-0.0110,-0.0288,1.4229,-0.05474,-0.0193,-0.0443,-0.11275
407.8000,-0.0118,-0.0287,1.4235,-0.05475,-0.0202,-0.0447,-0.11274
407.9040,-0.0125,-0.0286,1.4240,-0.05476,-0.0215,-0.0448,-0.11272
408.0000,-0.0131,-0.0284,1.4245,-0.05477,-0.0234,-0.0449,-0.11266
408.1000,-0.0137,-0.0283,1.4249,-0.05479,-0.0257,-0.0455,-0.11264
408.2000,-0.0142,-0.0281,1.4252,-0.05481,-0.0275,-0.0463,-0.11262
408.3000,-0.0147,-0.0279,1.4256,-0.05483,-0.0287,-0.0475,-0.11261
408.4000,-0.0150,-0.0277,1.4259,-0.05485,-0.0296,-0.0487,-0.11265
408.5000,-0.0153,-0.0274,1.4261,-0.05487,-0.0305,-0.0496,-0.11269
408.6000,-0.0155,-0.0270,1.4263,-0.05488,-0.0305,-0.0497,-0.11271
408.7000,-0.0156,-0.0266,1.4265,-0.05487,-0.0296,-0.0488,-0.11272
408.8000,-0.0157,-0.0260,1.4266,-0.05487,-0.0288,-0.0475,-0.11269
408.9000,-0.0157,-0.0255,1.4267,-0.05487,-0.0280,-0.0455,-0.11265
409.0000,-0.0157,-0.0249,1.4267,-0.05485,-0.0269,-0.0426,-0.11260
409.1000,-0.0157,-0.0244,1.4266,-0.05484,-0.0257,-0.0396,-0.11256
409.2000,-0.0156,-0.0239,1.4265,-0.05483,-0.0243,-0.0363,-0.11245
409.3000,-0.0156,-0.0235,1.4263,-0.05482,-0.0230,-0.0336,-0.11242
409.4000,-0.0156,-0.0233,1.4260,-0.05482,-0.0222,-0.0310,-0.11241
409.5000,-0.0157,-0.0232,1.4257,-0.05483,-0.0218,-0.0289,-0.11238
409.6000,-0.0159,-0.0233,1.4252,-0.05485,-0.0215,-0.0269,-0.11237
409.7000,-0.0162,-0.0236,1.4247,-0.05487,-0.0215,-0.0250,-0.11236
409.8000,-0.0164,-0.0241,1.4239,-0.05489,-0.0215,-0.0231,-0.11237
409.9000,-0.0167,-0.0247,1.4230,-0.05489,-0.0209,-0.0215,-0.11236
410.0000,-0.0170,-0.0255,1.4220,-0.05489,-0.0200,-0.0198,-0.11232
410.1000,-0.0173,-0.0264,1.4209,-0.05489,-0.0189,-0.0182,-0.11232
410.2000,-0.0176,-0.0274,1.4198,-0.05489,-0.0179,-0.0167,-0.11232
410.3000,-0.0180,-0.0289,1.4184,-0.05491,-0.0168,-0.0162,-0.11233
410.4000,-0.0185,-0.0304,1.4172,-0.05493,-0.0164,-0.0169,-0.11236
410.5000,-0.0192,-0.0320,1.4163,-0.05497,-0.0171,-0.0176,-0.11242
410.6000,-0.0199,-0.0337,1.4156,-0.05501,-0.0186,-0.0184,-0.11253
410.7000,-0.0208,-0.0355,1.4152,-0.05504,-0.0204,-0.0192,-0.11261
410.8000,-0.0216,-0.0373,1.4153,-0.05507,-0.0227,-0.0202,-0.11266
410.9000,-0.0224,-0.0391,1.4158,-0.05511,-0.0254,-0.0218,-0.11269
411.0000,-0.0232,-0.0409,1.4168,-0.05515,-0.0277,-0.0239,-0.11272
411.1000,-0.0239,-0.0427,1.4181,-0.05519,-0.0300,-0.0261,-0.11272
411.2000,-0.0246,-0.0444,1.4198,-0.05523,-0.0320,-0.0281,-0.11277
411.3000,-0.0252,-0.0460,1.4216,-0.05526,-0.0336,-0.0294,-0.11282
411.4000,-0.0258,-0.0476,1.4235,-0.05529,-0.0349,-0.0304,-0.11288
411.5000,-0.0263,-0.0491,1.4255,-0.05532,-0.0359,-0.0311,-0.11291
411.6000,-0.0269,-0.0505,1.4274,-0.05534,-0.0369,-0.0317,-0.11292
411.7000,-0.0274,-0.0519,1.4293,-0.05537,-0.0374,-0.0326,-0.11294
411.8000,-0.0280,-0.0533,1.4309,-0.05540,-0.0374,-0.0339,-0.11299
411.9000,-0.0286,-0.0550,1.4326,-0.05542,-0.0374,-0.0348,-0.11302
412.0000,-0.0292,-0.0564,1.4337,-0.05542,-0.0373,-0.0357,-0.11303
412.1000,-0.0297,-0.0578,1.4345,-0.05541,-0.0374,-0.0363,-0.11304
412.2000,-0.0304,-0.0592,1.4354,-0.05539,-0.0381,-0.0367,-0.11297
412.3000,-0.0311,-0.0608,1.4362,-0.05539,-0.0387,-0.0367,-0.11295
412.4000,-0.0317,-0.0622,1.4369,-0.05539,-0.0393,-0.0367,-0.11293
412.5000,-0.0322,-0.0637,1.4375,-0.05539,-0.0396,-0.0362,-0.11291
412.6000,-0.0328,-0.0652,1.4380,-0.05540,-0.0404,-0.0358,-0.11288
412.7000,-0.0333,-0.0667,1.4385,-0.05541,-0.0412,-0.0357,-0.11293
412.8000,-0.0338,-0.0683,1.4390,-0.05542,-0.0422,-0.0364,-0.11295
412.9000,-0.0344,-0.0700,1.4394,-0.05543,-0.0432,-0.0377,-0.11297
413.0000,-0.0349,-0.0717,1.4398,-0.05544,-0.0438,-0.0395,-0.11297
413.1000,-0.0353,-0.0735,1.4402,-0.05546,-0.0441,-0.0415,-0.11304
413.2000,-0.0358,-0.0756,1.4409,-0.05546,-0.0441,-0.0439,-0.11306
413.3000,-0.0361,-0.0773,1.4415,-0.05546,-0.0439,-0.0462,-0.11307
413.4000,-0.0363,-0.0790,1.4424,-0.05548,-0.0439,-0.0485,-0.11308
413.5000,-0.0366,-0.0809,1.4435,-0.05550,-0.0437,-0.0504,-0.11311
413.6000,-0.0369,-0.0826,1.4449,-0.05551,-0.0434,-0.0526,-0.11316
413.7000,-0.0372,-0.0842,1.4464,-0.05554,-0.0426,-0.0553,-0.11322
413.8000,-0.0375,-0.0859,1.4480,-0.05555,-0.0417,-0.0583,-0.11327
413.9000,-0.0377,-0.0874,1.4494,-0.05557,-0.0400,-0.0619,-0.11336
414.0000,-0.0380,-0.0892,1.4511,-0.05560,-0.0381,-0.0658,-0.11344
414.1000,-0.0383,-0.0907,1.4525,-0.05564,-0.0363,-0.0706,-0.11358
414.2000,-0.0388,-0.0920,1.4538,-0.05566,-0.0348,-0.0749,-0.11368
414.3000,-0.0394,-0.0932,1.4552,-0.05567,-0.0335,-0.0791,-0.11371
414.4000,-0.0402,-0.0941,1.4565,-0.05568,-0.0329,-0.0823,-0.11371
414.5000,-0.0412,-0.0948,1.4579,-0.05569,-0.0329,-0.0847,-0.11370
414.6000,-0.0424,-0.0953,1.4595,-0.05570,-0.0334,-0.0867,-0.11360
414.7000,-0.0434,-0.0955,1.4607,-0.05569,-0.0339,-0.0872,-0.11359
414.8000,-0.0447,-0.0955,1.4622,-0.05565,-0.0344,-0.0861,-0.11353
414.9000,-0.0460,-0.0953,1.4637,-0.05560,-0.0352,-0.0844,-0.11351
415.0000,-0.0473,-0.0951,1.4651,-0.05556,-0.0363,-0.0820,-0.11344
415.1000,-0.0487,-0.0949,1.4665,-0.05554,-0.0375,-0.0797,-0.11336
415.2000,-0.0502,-0.0946,1.4677,-0.05552,-0.0393,-0.0776,-0.11321
415.3000,-0.0520,-0.0944,1.4691,-0.05553,-0.0409,-0.0762,-0.11310
415.4000,-0.0535,-0.0944,1.4700,-0.05554,-0.0432,-0.0747,-0.11299
415.5000,-0.0551,-0.0944,1.4709,-0.05555,-0.0466,-0.0733,-0.11287
415.6000,-0.0567,-0.0944,1.4715,-0.05555,-0.0514,-0.0723,-0.11266
415.7000,-0.0584,-0.0944,1.4720,-0.05555,-0.0563,-0.0721,-0.11245
415.8000,-0.0596,-0.0944,1.4721,-0.05555,-0.0610,-0.0724,-0.11232
415.9000,-0.0608,-0.0945,1.4720,-0.05554,-0.0648,-0.0730,-0.11223
416.0000,-0.0620,-0.0945,1.4715,-0.05552,-0.0681,-0.0736,-0.11218
416.1000,-0.0627,-0.0945,1.4709,-0.05552,-0.0707,-0.0742,-0.11218
416.2000,-0.0633,-0.0944,1.4696,-0.05551,-0.0730,-0.0751,-0.11218
416.3000,-0.0636,-0.0942,1.4682,-0.05551,-0.0745,-0.0763,-0.11217
416.4000,-0.0637,-0.0940,1.4665,-0.05551,-0.0757,-0.0776,-0.11222
416.5000,-0.0637,-0.0936,1.4645,-0.05550,-0.0762,-0.0782,-0.11225
416.6000,-0.0636,-0.0931,1.4624,-0.05547,-0.0760,-0.0775,-0.11224
416.7000,-0.0633,-0.0924,1.4601,-0.05543,-0.0751,-0.0762,-0.11219
416.8000,-0.0629,-0.0916,1.4578,-0.05539,-0.0739,-0.0745,-0.11213
416.9000,-0.0625,-0.0908,1.4555,-0.05534,-0.0727,-0.0730,-0.11204
417.0000,-0.0620,-0.0900,1.4535,-0.05532,-0.0719,-0.0720,-0.11201
417.1000,-0.0615,-0.0893,1.4515,-0.05531,-0.0717,-0.0711,-0.11192
417.2000,-0.0609,-0.0884,1.4494,-0.05530,-0.0713,-0.0703,-0.11190
417.3000,-0.0604,-0.0877,1.4478,-0.05530,-0.0708,-0.0692,-0.11185
417.4000,-0.0600,-0.0871,1.4464,-0.05529,-0.0703,-0.0677,-0.11180
417.5000,-0.0595,-0.0866,1.4450,-0.05528,-0.0697,-0.0657,-0.11174
417.6000,-0.0591,-0.0862,1.4436,-0.05527,-0.0688,-0.0643,-0.11169
417.7000,-0.0586,-0.0859,1.4424,-0.05528,-0.0677,-0.0633,-0.11167
417.8000,-0.0580,-0.0857,1.4411,-0.05529,-0.0670,-0.0629,-0.11169
417.9000,-0.0574,-0.0857,1.4401,-0.05529,-0.0665,-0.0634,-0.11173
418.0000,-0.0569,-0.0859,1.4391,-0.05530,-0.0653,-0.0648,-0.11179
418.1000,-0.0564,-0.0862,1.4383,-0.05528,-0.0638,-0.0670,-0.11178
418.2000,-0.0559,-0.0867,1.4376,-0.05527,-0.0623,-0.0697,-0.11178
418.3000,-0.0554,-0.0873,1.4369,-0.05526,-0.0608,-0.0720,-0.11178
418.4000,-0.0550,-0.0878,1.4363,-0.05525,-0.0592,-0.0734,-0.11177
418.5000,-0.0547,-0.0883,1.4357,-0.05524,-0.0581,-0.0745,-0.11177
418.6000,-0.0544,-0.0887,1.4352,-0.05523,-0.0578,-0.0757,-0.11178
418.7000,-0.0543,-0.0892,1.4347,-0.05525,-0.0582,-0.0768,-0.11182
418.8000,-0.0542,-0.0896,1.4344,-0.05529,-0.0588,-0.0783,-0.11186
418.9000,-0.0542,-0.0900,1.4340,-0.05532,-0.0590,-0.0795,-0.11190
419.0000,-0.0541,-0.0904,1.4337,-0.05534,-0.0592,-0.0803,-0.11192
419.1000,-0.0541,-0.0907,1.4333,-0.05534,-0.0594,-0.0806,-0.11189
419.2000,-0.0541,-0.0909,1.4329,-0.05534,-0.0594,-0.0808,-0.11188
419.3000,-0.0542,-0.0910,1.4324,-0.05534,-0.0598,-0.0806,-0.11185
419.4000,-0.0542,-0.0912,1.4318,-0.05536,-0.0613,-0.0808,-0.11188
419.5000,-0.0544,-0.0914,1.4313,-0.05537,-0.0636,-0.0815,-0.11190
419.6000,-0.0545,-0.0915,1.4310,-0.05539,-0.0664,-0.0825,-0.11194
419.7000,-0.0546,-0.0915,1.4308,-0.05540,-0.0690,-0.0836,-0.11195
419.8000,-0.0545,-0.0915,1.4306,-0.05540,-0.0714,-0.0851,-0.11199
419.9000,-0.0542,-0.0915,1.4305,-0.05540,-0.0729,-0.0867,-0.11197
420.0000,-0.0537,-0.0914,1.4303,-0.05541,-0.0737,-0.0892,-0.11196
420.1000,-0.0530,-0.0912,1.4302,-0.05543,-0.0734,-0.0916,-0.11197
420.2000,-0.0522,-0.0910,1.4300,-0.05544,-0.0721,-0.0940,-0.11199
420.3000,-0.0514,-0.0906,1.4297,-0.05545,-0.0703,-0.0958,-0.11202
420.4000,-0.0505,-0.0902,1.4292,-0.05544,-0.0681,-0.0965,-0.11202
420.5000,-0.0496,-0.0897,1.4285,-0.05543,-0.0661,-0.0960,-0.11199
420.6000,-0.0488,-0.0890,1.4277,-0.05542,-0.0640,-0.0944,-0.11196
420.7000,-0.0480,-0.0883,1.4267,-0.05541,-0.0618,-0.0924,-0.11195
420.8000,-0.0471,-0.0875,1.4255,-0.05542,-0.0592,-0.0905,-0.11194
420.9000,-0.0465,-0.0869,1.4245,-0.05542,-0.0566,-0.0892,-0.11194
421.0000,-0.0459,-0.0864,1.4235,-0.05543,-0.0538,-0.0886,-0.11194
421.1000,-0.0453,-0.0859,1.4227,-0.05544,-0.0510,-0.0878,-0.11197
421.2000,-0.0448,-0.0854,1.4220,-0.05545,-0.0480,-0.0865,-0.11197
421.3000,-0.0445,-0.0850,1.4218,-0.05547,-0.0451,-0.0849,-0.11200
421.4000,-0.0442,-0.0846,1.4219,-0.05547,-0.0425,-0.0827,-0.11202
421.5000,-0.0440,-0.0842,1.4223,-0.05547,-0.0406,-0.0800,-0.11206
421.6000,-0.0440,-0.0838,1.4229,-0.05546,-0.0396,-0.0764,-0.11211
421.7000,-0.0442,-0.0834,1.4236,-0.05546,-0.0392,-0.0730,-0.11215
421.8000,-0.0445,-0.0830,1.4246,-0.05544,-0.0394,-0.0696,-0.11218
421.9000,-0.0450,-0.0828,1.4256,-0.05543,-0.0399,-0.0668,-0.11220
422.0000,-0.0455,-0.0827,1.4266,-0.05543,-0.0400,-0.0643,-0.11220
422.1000,-0.0460,-0.0829,1.4277,-0.05544,-0.0400,-0.0628,-0.11220
422.2000,-0.0465,-0.0832,1.4288,-0.05545,-0.0402,-0.0619,-0.11219
422.3000,-0.0470,-0.0838,1.4298,-0.05546,-0.0403,-0.0616,-0.11217
422.4000,-0.0476,-0.0844,1.4308,-0.05548,-0.0402,-0.0615,-0.11219
422.5000,-0.0483,-0.0852,1.4317,-0.05550,-0.0394,-0.0609,-0.11223
422.6000,-0.0490,-0.0860,1.4326,-0.05552,-0.0382,-0.0604,-0.11224
422.7000,-0.0497,-0.0868,1.4335,-0.05553,-0.0369,-0.0604,-0.11226
422.8000,-0.0505,-0.0878,1.4343,-0.05554,-0.0353,-0.0606,-0.11229
422.9000,-0.0514,-0.0888,1.4351,-0.05555,-0.0337,-0.0611,-0.11222
423.0000,-0.0524,-0.0899,1.4360,-0.05557,-0.0321,-0.0616,-0.11221
423.1000,-0.0537,-0.0911,1.4370,-0.05559,-0.0313,-0.0618,-0.11221
423.2000,-0.0548,-0.0921,1.4377,-0.05562,-0.0309,-0.0617,-0.11225
423.3000,-0.0562,-0.0932,1.4385,-0.05565,-0.0314,-0.0613,-0.11232
423.4000,-0.0577,-0.0944,1.4391,-0.05567,-0.0330,-0.0607,-0.11241
423.5000,-0.0593,-0.0955,1.4394,-0.05569,-0.0357,-0.0608,-0.11247
423.6000,-0.0613,-0.0971,1.4393,-0.05572,-0.0395,-0.0613,-0.11254
423.7000,-0.0631,-0.0985,1.4388,-0.05575,-0.0435,-0.0627,-0.11261
423.8000,-0.0649,-0.1000,1.4379,-0.05577,-0.0473,-0.0653,-0.11265
423.9000,-0.0666,-0.1017,1.4369,-0.05578,-0.0513,-0.0695,-0.11260
424.0000,-0.0682,-0.1034,1.4358,-0.05580,-0.0544,-0.0746,-0.11250
424.1000,-0.0697,-0.1052,1.4347,-0.05585,-0.0573,-0.0803,-0.11244
424.2000,-0.0712,-0.1071,1.4337,-0.05588,-0.0602,-0.0860,-0.11241
424.3000,-0.0724,-0.1085,1.4330,-0.05589,-0.0636,-0.0922,-0.11238
424.4000,-0.0735,-0.1099,1.4323,-0.05588,-0.0667,-0.0976,-0.11235
424.5000,-0.0745,-0.1111,1.4317,-0.05588,-0.0693,-0.1025,-0.11235
424.6000,-0.0754,-0.1120,1.4310,-0.05587,-0.0721,-0.1067,-0.11235
424.7000,-0.0761,-0.1127,1.4305,-0.05586,-0.0741,-0.1093,-0.11234
424.8000,-0.0768,-0.1131,1.4300,-0.05584,-0.0751,-0.1112,-0.11232
424.9000,-0.0773,-0.1133,1.4297,-0.05582,-0.0748,-0.1127,-0.11236
425.0000,-0.0777,-0.1133,1.4294,-0.05579,-0.0735,-0.1141,-0.11240
425.1000,-0.0780,-0.1132,1.4291,-0.05577,-0.0723,-0.1147,-0.11245
425.2000,-0.0784,-0.1129,1.4289,-0.05574,-0.0714,-0.1150,-0.11242
425.3000,-0.0787,-0.1125,1.4287,-0.05573,-0.0710,-0.1144,-0.11235
425.4000,-0.0791,-0.1120,1.4285,-0.05573,-0.0710,-0.1133,-0.11226
425.5000,-0.0795,-0.1115,1.4283,-0.05574,-0.0712,-0.1122,-0.11218
425.6000,-0.0801,-0.1109,1.4280,-0.05575,-0.0718,-0.1109,-0.11213
425.7000,-0.0807,-0.1103,1.4277,-0.05575,-0.0729,-0.1098,-0.11204
425.8000,-0.0813,-0.1096,1.4274,-0.05574,-0.0739,-0.1085,-0.11199
425.9000,-0.0819,-0.1089,1.4271,-0.05573,-0.0749,-0.1074,-0.11190
426.0000,-0.0825,-0.1083,1.4269,-0.05571,-0.0761,-0.1066,-0.11183
426.1000,-0.0830,-0.1077,1.4266,-0.05568,-0.0773,-0.1066,-0.11180
426.2000,-0.0835,-0.1071,1.4263,-0.05566,-0.0781,-0.1067,-0.11175
426.3000,-0.0838,-0.1066,1.4260,-0.05565,-0.0785,-0.1068,-0.11177
426.4000,-0.0842,-0.1061,1.4257,-0.05564,-0.0788,-0.1065,-0.11175
426.5000,-0.0845,-0.1056,1.4255,-0.05562,-0.0792,-0.1060,-0.11173
426.6000,-0.0848,-0.1050,1.4255,-0.05560,-0.0796,-0.1057,-0.11169
426.7000,-0.0850,-0.1045,1.4256,-0.05560,-0.0803,-0.1058,-0.11170
426.8000,-0.0851,-0.1040,1.4259,-0.05558,-0.0806,-0.1063,-0.11167
426.9000,-0.0852,-0.1036,1.4262,-0.05559,-0.0794,-0.1073,-0.11171
427.0000,-0.0852,-0.1032,1.4266,-0.05561,-0.0772,-0.1093,-0.11185
427.1000,-0.0852,-0.1028,1.4272,-0.05561,-0.0750,-0.1112,-0.11194
427.2000,-0.0852,-0.1025,1.4278,-0.05561,-0.0738,-0.1129,-0.11200
427.3000,-0.0853,-0.1020,1.4287,-0.05562,-0.0736,-0.1146,-0.11202
427.4000,-0.0855,-0.1015,1.4296,-0.05561,-0.0742,-0.1159,-0.11207
427.5000,-0.0858,-0.1008,1.4308,-0.05560,-0.0749,-0.1169,-0.11207
427.6000,-0.0862,-0.1001,1.4322,-0.05558,-0.0757,-0.1170,-0.11203
427.7000,-0.0867,-0.0991,1.4339,-0.05557,-0.0766,-0.1163,-0.11192
427.8000,-0.0872,-0.0982,1.4355,-0.05556,-0.0774,-0.1142,-0.11186
427.9000,-0.0876,-0.0971,1.4371,-0.05556,-0.0781,-0.1113,-0.11187
428.0000,-0.0880,-0.0957,1.4390,-0.05557,-0.0792,-0.1079,-0.11183
428.1000,-0.0885,-0.0946,1.4405,-0.05557,-0.0803,-0.1050,-0.11179
428.2000,-0.0889,-0.0933,1.4420,-0.05559,-0.0809,-0.1025,-0.11181
428.3000,-0.0892,-0.0922,1.4433,-0.05560,-0.0809,-0.1009,-0.11181
428.4000,-0.0894,-0.0908,1.4445,-0.05560,-0.0812,-0.0994,-0.11184
428.5000,-0.0897,-0.0897,1.4453,-0.05559,-0.0816,-0.0973,-0.11185
428.6000,-0.0900,-0.0887,1.4458,-0.05558,-0.0824,-0.0946,-0.11184
428.7000,-0.0902,-0.0877,1.4461,-0.05557,-0.0835,-0.0922,-0.11184
428.8000,-0.0905,-0.0868,1.4462,-0.05555,-0.0854,-0.0900,-0.11180
428.9000,-0.0909,-0.0859,1.4460,-0.05555,-0.0879,-0.0884,-0.11177
429.0000,-0.0912,-0.0852,1.4457,-0.05555,-0.0908,-0.0866,-0.11174
429.1000,-0.0914,-0.0845,1.4449,-0.05556,-0.0925,-0.0855,-0.11173
429.2000,-0.0914,-0.0839,1.4442,-0.05557,-0.0931,-0.0843,-0.11173
429.3000,-0.0913,-0.0834,1.4433,-0.05559,-0.0927,-0.0826,-0.11178
429.4000,-0.0910,-0.0830,1.4423,-0.05561,-0.0919,-0.0803,-0.11181
429.5000,-0.0905,-0.0826,1.4413,-0.05561,-0.0914,-0.0777,-0.11184
429.6000,-0.0901,-0.0822,1.4403,-0.05561,-0.0913,-0.0753,-0.11184
429.7000,-0.0896,-0.0820,1.4394,-0.05561,-0.0919,-0.0728,-0.11187
429.8000,-0.0892,-0.0819,1.4386,-0.05562,-0.0933,-0.0708,-0.11192
429.9000,-0.0887,-0.0819,1.4379,-0.05563,-0.0951,-0.0696,-0.11201
430.0000,-0.0881,-0.0821,1.4372,-0.05564,-0.0966,-0.0693,-0.11207
430.1000,-0.0874,-0.0823,1.4366,-0.05566,-0.0978,-0.0700,-0.11218
430.2000,-0.0864,-0.0826,1.4359,-0.05569,-0.0981,-0.0709,-0.11224
430.3000,-0.0854,-0.0829,1.4353,-0.05571,-0.0970,-0.0717,-0.11224
430.4000,-0.0843,-0.0832,1.4347,-0.05573,-0.0952,-0.0723,-0.11225
430.5000,-0.0832,-0.0834,1.4341,-0.05576,-0.0925,-0.0733,-0.11223
430.6000,-0.0822,-0.0836,1.4335,-0.05578,-0.0898,-0.0740,-0.11219
430.7000,-0.0810,-0.0838,1.4328,-0.05580,-0.0876,-0.0750,-0.11217
430.8000,-0.0801,-0.0839,1.4322,-0.05580,-0.0857,-0.0761,-0.11221
430.9000,-0.0793,-0.0839,1.4315,-0.05580,-0.0838,-0.0776,-0.11223
431.0000,-0.0786,-0.0840,1.4306,-0.05579,-0.0821,-0.0788,-0.11223
431.1000,-0.0782,-0.0839,1.4299,-0.05579,-0.0807,-0.0797,-0.11224
431.2000,-0.0780,-0.0838,1.4294,-0.05578,-0.0795,-0.0796,-0.11223
431.3000,-0.0777,-0.0835,1.4289,-0.05577,-0.0786,-0.0794,-0.11222
431.4000,-0.0774,-0.0832,1.4285,-0.05576,-0.0775,-0.0796,-0.11219
431.5000,-0.0773,-0.0829,1.4283,-0.05576,-0.0754,-0.0796,-0.11221
431.6000,-0.0771,-0.0827,1.4282,-0.05576,-0.0729,-0.0797,-0.11221
431.7000,-0.0770,-0.0824,1.4283,-0.05575,-0.0703,-0.0801,-0.11223
431.8000,-0.0770,-0.0821,1.4286,-0.05575,-0.0680,-0.0810,-0.11220
431.9000,-0.0771,-0.0819,1.4291,-0.05577,-0.0665,-0.0820,-0.11221
432.0000,-0.0774,-0.0817,1.4297,-0.05580,-0.0652,-0.0831,-0.11219
432.1000,-0.0779,-0.0814,1.4305,-0.05582,-0.0641,-0.0843,-0.11220
432.2000,-0.0786,-0.0811,1.4314,-0.05583,-0.0636,-0.0852,-0.11214
432.3000,-0.0792,-0.0809,1.4322,-0.05584,-0.0635,-0.0861,-0.11213
432.4000,-0.0802,-0.0805,1.4330,-0.05585,-0.0636,-0.0874,-0.11205
432.5000,-0.0812,-0.0800,1.4336,-0.05585,-0.0635,-0.0883,-0.11202
432.6000,-0.0821,-0.0796,1.4341,-0.05584,-0.0633,-0.0892,-0.11200
432.7000,-0.0832,-0.0790,1.4343,-0.05583,-0.0633,-0.0899,-0.11193
432.8000,-0.0846,-0.0781,1.4342,-0.05581,-0.0637,-0.0901,-0.11188
432.9000,-0.0860,-0.0773,1.4340,-0.05579,-0.0648,-0.0895,-0.11184
433.0000,-0.0875,-0.0763,1.4336,-0.05579,-0.0663,-0.0886,-0.11184
433.1000,-0.0889,-0.0754,1.4331,-0.05579,-0.0678,-0.0884,-0.11182
433.2000,-0.0906,-0.0743,1.4325,-0.05579,-0.0692,-0.0894,-0.11179
433.3000,-0.0921,-0.0732,1.4318,-0.05579,-0.0700,-0.0908,-0.11173
433.4000,-0.0935,-0.0722,1.4310,-0.05579,-0.0705,-0.0926,-0.11169
433.5000,-0.0948,-0.0712,1.4303,-0.05581,-0.0711,-0.0946,-0.11168
433.6000,-0.0962,-0.0701,1.4293,-0.05584,-0.0722,-0.0974,-0.11168
433.7000,-0.0977,-0.0690,1.4284,-0.05587,-0.0732,-0.1003,-0.11165
433.8000,-0.0991,-0.0678,1.4277,-0.05589,-0.0742,-0.1028,-0.11162
433.9000,-0.1005,-0.0665,1.4271,-0.05591,-0.0756,-0.1043,-0.11159
434.0040,-0.1018,-0.0652,1.4267,-0.05591,-0.0770,-0.1046,-0.11158
434.1000,-0.1031,-0.0638,1.4265,-0.05592,-0.0790,-0.1038,-0.11155
434.2000,-0.1044,-0.0621,1.4264,-0.05591,-0.0819,-0.1018,-0.11149
434.3000,-0.1058,-0.0603,1.4266,-0.05589,-0.0853,-0.0989,-0.11142
434.4000,-0.1070,-0.0584,1.4271,-0.05587,-0.0902,-0.0949,-0.11131
434.5000,-0.1082,-0.0564,1.4280,-0.05585,-0.0950,-0.0911,-0.11119
434.6000,-0.1091,-0.0547,1.4289,-0.05585,-0.0997,-0.0870,-0.11109
434.7000,-0.1099,-0.0531,1.4300,-0.05586,-0.1030,-0.0830,-0.11104
434.8000,-0.1105,-0.0513,1.4313,-0.05587,-0.1057,-0.0786,-0.11106
434.9000,-0.1107,-0.0501,1.4324,-0.05587,-0.1073,-0.0743,-0.11107
435.0000,-0.1108,-0.0488,1.4336,-0.05588,-0.1082,-0.0701,-0.11113
435.1000,-0.1107,-0.0478,1.4348,-0.05589,-0.1083,-0.0659,-0.11119
435.2000,-0.1104,-0.0469,1.4362,-0.05590,-0.1084,-0.0626,-0.11119
435.3000,-0.1099,-0.0463,1.4376,-0.05591,-0.1082,-0.0602,-0.11127
435.4000,-0.1095,-0.0459,1.4388,-0.05592,-0.1078,-0.0589,-0.11136
435.5000,-0.1090,-0.0457,1.4402,-0.05596,-0.1072,-0.0587,-0.11146
435.6000,-0.1085,-0.0457,1.4410,-0.05596,-0.1063,-0.0591,-0.11156
435.7000,-0.1080,-0.0459,1.4419,-0.05599,-0.1053,-0.0595,-0.11165
435.8000,-0.1074,-0.0462,1.4425,-0.05600,-0.1048,-0.0598,-0.11171
435.9000,-0.1070,-0.0464,1.4428,-0.05601,-0.1044,-0.0601,-0.11176
436.0000,-0.1065,-0.0467,1.4430,-0.05602,-0.1038,-0.0603,-0.11182
436.1000,-0.1060,-0.0470,1.4430,-0.05601,-0.1032,-0.0598,-0.11179
436.2000,-0.1057,-0.0472,1.4429,-0.05600,-0.1023,-0.0592,-0.11178
436.3000,-0.1053,-0.0475,1.4426,-0.05600,-0.1015,-0.0585,-0.11176
436.4000,-0.1049,-0.0478,1.4423,-0.05599,-0.1010,-0.0575,-0.11174
436.5000,-0.1047,-0.0480,1.4419,-0.05599,-0.1004,-0.0560,-0.11170
436.6000,-0.1044,-0.0484,1.4415,-0.05599,-0.0997,-0.0542,-0.11172
436.7000,-0.1043,-0.0487,1.4411,-0.05600,-0.0993,-0.0523,-0.11168
436.8000,-0.1041,-0.0491,1.4407,-0.05601,-0.0994,-0.0507,-0.11170
436.9000,-0.1041,-0.0496,1.4402,-0.05604,-0.0999,-0.0501,-0.11172
437.0000,-0.1041,-0.0502,1.4397,-0.05608,-0.1004,-0.0503,-0.11176
437.1000,-0.1040,-0.0509,1.4391,-0.05612,-0.1012,-0.0505,-0.11182
437.2000,-0.1039,-0.0516,1.4384,-0.05616,-0.1023,-0.0510,-0.11189
437.3000,-0.1038,-0.0524,1.4377,-0.05619,-0.1032,-0.0521,-0.11192
437.4000,-0.1037,-0.0534,1.4369,-0.05622,-0.1039,-0.0536,-0.11193
437.5000,-0.1035,-0.0542,1.4362,-0.05625,-0.1040,-0.0555,-0.11198
437.6000,-0.1032,-0.0550,1.4356,-0.05626,-0.1037,-0.0580,-0.11198
437.7000,-0.1028,-0.0557,1.4350,-0.05627,-0.1031,-0.0609,-0.11199
437.8000,-0.1024,-0.0564,1.4344,-0.05629,-0.1025,-0.0635,-0.11199
437.9000,-0.1019,-0.0570,1.4338,-0.05631,-0.1019,-0.0652,-0.11202
438.0000,-0.1015,-0.0576,1.4331,-0.05634,-0.1015,-0.0663,-0.11203
438.1000,-0.1011,-0.0579,1.4326,-0.05634,-0.1006,-0.0670,-0.11206
438.2000,-0.1008,-0.0580,1.4323,-0.05633,-0.0993,-0.0669,-0.11204
438.3000,-0.1004,-0.0581,1.4321,-0.05634,-0.0981,-0.0664,-0.11205
438.4000,-0.1000,-0.0582,1.4321,-0.05634,-0.0973,-0.0656,-0.11207
438.5000,-0.0997,-0.0582,1.4322,-0.05633,-0.0972,-0.0646,-0.11207
438.6000,-0.0995,-0.0582,1.4324,-0.05631,-0.0976,-0.0634,-0.11203
438.7000,-0.0993,-0.0581,1.4325,-0.05629,-0.0982,-0.0621,-0.11197
438.8000,-0.0991,-0.0581,1.4326,-0.05629,-0.0987,-0.0607,-0.11193
438.9000,-0.0991,-0.0582,1.4325,-0.05629,-0.0989,-0.0593,-0.11192
439.0000,-0.0990,-0.0583,1.4323,-0.05629,-0.0989,-0.0579,-0.11194
439.1000,-0.0989,-0.0585,1.4319,-0.05630,-0.0991,-0.0570,-0.11196
439.2000,-0.0988,-0.0587,1.4315,-0.05632,-0.0997,-0.0565,-0.11195
439.3000,-0.0986,-0.0590,1.4310,-0.05634,-0.1004,-0.0566,-0.11192
439.4000,-0.0986,-0.0592,1.4305,-0.05635,-0.1013,-0.0572,-0.11194
439.5000,-0.0985,-0.0596,1.4300,-0.05636,-0.1026,-0.0579,-0.11193
439.6000,-0.0985,-0.0598,1.4296,-0.05637,-0.1042,-0.0590,-0.11191
439.7000,-0.0984,-0.0601,1.4293,-0.05639,-0.1061,-0.0607,-0.11188
439.8000,-0.0983,-0.0603,1.4291,-0.05640,-0.1080,-0.0623,-0.11186
439.9000,-0.0981,-0.0604,1.4290,-0.05642,-0.1099,-0.0640,-0.11182
440.0000,-0.0979,-0.0605,1.4288,-0.05643,-0.1119,-0.0656,-0.11178
440.1000,-0.0976,-0.0603,1.4287,-0.05643,-0.1139,-0.0674,-0.11175
440.2000,-0.0972,-0.0600,1.4284,-0.05642,-0.1155,-0.0688,-0.11169
440.3000,-0.0968,-0.0596,1.4281,-0.05642,-0.1173,-0.0695,-0.11168
440.4000,-0.0962,-0.0590,1.4278,-0.05641,-0.1188,-0.0698,-0.11163
440.5000,-0.0955,-0.0581,1.4274,-0.05640,-0.1198,-0.0696,-0.11163
440.6000,-0.0947,-0.0571,1.4271,-0.05639,-0.1202,-0.0694,-0.11162
440.7000,-0.0939,-0.0561,1.4267,-0.05637,-0.1199,-0.0695,-0.11162
440.8000,-0.0930,-0.0551,1.4265,-0.05636,-0.1195,-0.0699,-0.11160
440.9000,-0.0921,-0.0540,1.4263,-0.05637,-0.1188,-0.0704,-0.11164
441.0000,-0.0910,-0.0528,1.4261,-0.05638,-0.1180,-0.0712,-0.11167
441.1000,-0.0897,-0.0515,1.4260,-0.05637,-0.1170,-0.0720,-0.11165
441.2000,-0.0886,-0.0503,1.4260,-0.05637,-0.1159,-0.0720,-0.11166
441.3000,-0.0873,-0.0491,1.4261,-0.05635,-0.1142,-0.0715,-0.11166
441.4000,-0.0858,-0.0474,1.4264,-0.05631,-0.1124,-0.0708,-0.11163
441.5000,-0.0846,-0.0461,1.4268,-0.05628,-0.1105,-0.0696,-0.11161
441.6000,-0.0834,-0.0446,1.4274,-0.05624,-0.1081,-0.0680,-0.11158
441.7000,-0.0823,-0.0432,1.4281,-0.05622,-0.1049,-0.0661,-0.11158
441.8000,-0.0813,-0.0417,1.4291,-0.05618,-0.1017,-0.0636,-0.11159
441.9000,-0.0803,-0.0403,1.4301,-0.05617,-0.0984,-0.0611,-0.11161
442.0000,-0.0793,-0.0387,1.4312,-0.05618,-0.0952,-0.0583,-0.11164
442.1000,-0.0785,-0.0374,1.4323,-0.05620,-0.0927,-0.0552,-0.11166
442.2000,-0.0779,-0.0362,1.4333,-0.05622,-0.0906,-0.0515,-0.11169
442.3000,-0.0775,-0.0351,1.4344,-0.05623,-0.0889,-0.0482,-0.11170
442.4000,-0.0772,-0.0340,1.4355,-0.05625,-0.0867,-0.0451,-0.11172
442.5000,-0.0771,-0.0333,1.4365,-0.05626,-0.0847,-0.0429,-0.11175
442.6000,-0.0770,-0.0327,1.4374,-0.05626,-0.0821,-0.0411,-0.11180
442.7000,-0.0771,-0.0322,1.4384,-0.05626,-0.0799,-0.0398,-0.11183
442.8000,-0.0774,-0.0319,1.4394,-0.05627,-0.0784,-0.0389,-0.11184
442.9000,-0.0778,-0.0316,1.4403,-0.05629,-0.0776,-0.0383,-0.11191
443.0000,-0.0783,-0.0315,1.4411,-0.05631,-0.0780,-0.0382,-0.11198
443.1000,-0.0790,-0.0314,1.4417,-0.05632,-0.0785,-0.0384,-0.11205
443.2000,-0.0797,-0.0315,1.4422,-0.05633,-0.0787,-0.0387,-0.11206
443.3000,-0.0803,-0.0315,1.4426,-0.05633,-0.0788,-0.0389,-0.11205
443.4000,-0.0809,-0.0316,1.4430,-0.05633,-0.0786,-0.0394,-0.11206
443.5000,-0.0815,-0.0317,1.4433,-0.05633,-0.0782,-0.0407,-0.11204
443.6000,-0.0823,-0.0318,1.4437,-0.05633,-0.0778,-0.0427,-0.11202
443.7000,-0.0832,-0.0320,1.4442,-0.05634,-0.0771,-0.0442,-0.11201
443.8000,-0.0839,-0.0322,1.4448,-0.05636,-0.0757,-0.0456,-0.11197
443.9000,-0.0846,-0.0324,1.4455,-0.05638,-0.0745,-0.0471,-0.11198
444.0000,-0.0854,-0.0325,1.4464,-0.05640,-0.0739,-0.0485,-0.11203
444.1000,-0.0863,-0.0327,1.4474,-0.05642,-0.0740,-0.0493,-0.11204
444.2000,-0.0873,-0.0329,1.4484,-0.05644,-0.0747,-0.0496,-0.11207
444.3000,-0.0884,-0.0330,1.4495,-0.05646,-0.0759,-0.0495,-0.11210
444.4000,-0.0894,-0.0331,1.4506,-0.05648,-0.0775,-0.0488,-0.11214
444.5000,-0.0905,-0.0331,1.4516,-0.05651,-0.0790,-0.0474,-0.11219
444.6000,-0.0916,-0.0332,1.4527,-0.05653,-0.0812,-0.0449,-0.11224
444.7000,-0.0930,-0.0333,1.4540,-0.05655,-0.0841,-0.0421,-0.11225
444.8000,-0.0942,-0.0334,1.4551,-0.05658,-0.0878,-0.0393,-0.11230
444.9000,-0.0953,-0.0336,1.4562,-0.05660,-0.0910,-0.0370,-0.11232
445.0000,-0.0964,-0.0338,1.4572,-0.05664,-0.0943,-0.0353,-0.11234
445.1000,-0.0974,-0.0343,1.4580,-0.05668,-0.0969,-0.0344,-0.11239
445.2000,-0.0983,-0.0348,1.4587,-0.05672,-0.0991,-0.0340,-0.11245
445.3000,-0.0991,-0.0357,1.4594,-0.05676,-0.1003,-0.0342,-0.11249
445.4000,-0.0996,-0.0365,1.4600,-0.05676,-0.1016,-0.0349,-0.11256
445.5000,-0.1000,-0.0373,1.4604,-0.05676,-0.1031,-0.0355,-0.11257
445.6000,-0.1003,-0.0382,1.4607,-0.05676,-0.1043,-0.0357,-0.11261
445.7000,-0.1006,-0.0390,1.4610,-0.05674,-0.1047,-0.0351,-0.11259
445.8000,-0.1010,-0.0400,1.4613,-0.05674,-0.1054,-0.0342,-0.11260
445.9000,-0.1013,-0.0408,1.4616,-0.05674,-0.1069,-0.0338,-0.11262
446.0000,-0.1016,-0.0416,1.4618,-0.05675,-0.1091,-0.0339,-0.11264
446.1000,-0.1019,-0.0424,1.4621,-0.05677,-0.1111,-0.0343,-0.11267
446.2000,-0.1021,-0.0433,1.4624,-0.05679,-0.1130,-0.0352,-0.11275
446.3000,-0.1022,-0.0442,1.4626,-0.05681,-0.1143,-0.0365,-0.11277
446.4000,-0.1021,-0.0451,1.4627,-0.05684,-0.1151,-0.0380,-0.11288
446.5000,-0.1018,-0.0461,1.4628,-0.05686,-0.1157,-0.0388,-0.11289
446.6000,-0.1013,-0.0469,1.4628,-0.05688,-0.1159,-0.0394,-0.11293
446.7000,-0.1008,-0.0476,1.4627,-0.05690,-0.1161,-0.0401,-0.11296
446.8000,-0.1003,-0.0484,1.4627,-0.05692,-0.1163,-0.0411,-0.11297
446.9000,-0.0996,-0.0491,1.4628,-0.05694,-0.1165,-0.0424,-0.11301
447.0000,-0.0989,-0.0498,1.4627,-0.05696,-0.1164,-0.0439,-0.11306
447.1000,-0.0981,-0.0505,1.4626,-0.05697,-0.1163,-0.0455,-0.11308
447.2000,-0.0973,-0.0512,1.4623,-0.05699,-0.1162,-0.0481,-0.11317
447.3000,-0.0964,-0.0520,1.4618,-0.05702,-0.1160,-0.0507,-0.11325
447.4000,-0.0955,-0.0528,1.4610,-0.05704,-0.1157,-0.0534,-0.11334
447.5000,-0.0946,-0.0534,1.4602,-0.05704,-0.1150,-0.0561,-0.11336
447.6000,-0.0935,-0.0540,1.4593,-0.05703,-0.1135,-0.0586,-0.11342
447.7000,-0.0926,-0.0545,1.4584,-0.05704,-0.1118,-0.0600,-0.11344
447.8000,-0.0916,-0.0548,1.4575,-0.05703,-0.1102,-0.0614,-0.11346
447.9000,-0.0907,-0.0551,1.4568,-0.05702,-0.1084,-0.0625,-0.11349
448.0000,-0.0898,-0.0554,1.4561,-0.05702,-0.1061,-0.0633,-0.11354
448.1000,-0.0888,-0.0556,1.4553,-0.05702,-0.1034,-0.0636,-0.11357
448.2000,-0.0880,-0.0557,1.4546,-0.05702,-0.1000,-0.0638,-0.11364
448.3000,-0.0873,-0.0558,1.4538,-0.05702,-0.0970,-0.0636,-0.11370
448.4000,-0.0869,-0.0559,1.4532,-0.05702,-0.0948,-0.0635,-0.11377
448.5000,-0.0867,-0.0560,1.4527,-0.05701,-0.0934,-0.0636,-0.11376
448.6000,-0.0865,-0.0562,1.4523,-0.05700,-0.0924,-0.0637,-0.11370
448.7000,-0.0866,-0.0564,1.4519,-0.05699,-0.0913,-0.0638,-0.11368
448.8000,-0.0867,-0.0567,1.4518,-0.05700,-0.0909,-0.0642,-0.11363
448.9000,-0.0869,-0.0571,1.4519,-0.05701,-0.0910,-0.0653,-0.11362
449.0000,-0.0874,-0.0574,1.4521,-0.05702,-0.0913,-0.0672,-0.11358
449.1000,-0.0879,-0.0579,1.4526,-0.05704,-0.0914,-0.0698,-0.11355
449.2000,-0.0885,-0.0583,1.4531,-0.05707,-0.0916,-0.0726,-0.11350
449.3000,-0.0892,-0.0587,1.4537,-0.05710,-0.0920,-0.0750,-0.11349
449.4000,-0.0899,-0.0590,1.4542,-0.05712,-0.0924,-0.0773,-0.11347
449.5000,-0.0907,-0.0592,1.4548,-0.05715,-0.0928,-0.0790,-0.11345
449.6000,-0.0916,-0.0592,1.4554,-0.05716,-0.0930,-0.0802,-0.11344
449.7000,-0.0925,-0.0591,1.4560,-0.05717,-0.0933,-0.0807,-0.11348
449.8000,-0.0935,-0.0588,1.4566,-0.05718,-0.0940,-0.0800,-0.11349
449.9000,-0.0945,-0.0585,1.4572,-0.05717,-0.0950,-0.0781,-0.11349
450.0000,-0.0955,-0.0581,1.4580,-0.05715,-0.0967,-0.0754,-0.11348
450.1000,-0.0965,-0.0577,1.4589,-0.05712,-0.0988,-0.0727,-0.11342
450.2000,-0.0974,-0.0573,1.4596,-0.05711,-0.1011,-0.0698,-0.11335
450.3000,-0.0986,-0.0569,1.4604,-0.05711,-0.1033,-0.0674,-0.11330
450.4000,-0.0993,-0.0567,1.4608,-0.05711,-0.1053,-0.0658,-0.11327
450.5000,-0.1002,-0.0566,1.4611,-0.05712,-0.1079,-0.0643,-0.11323
450.6000,-0.1010,-0.0565,1.4611,-0.05712,-0.1101,-0.0634,-0.11322
450.7000,-0.1016,-0.0565,1.4610,-0.05712,-0.1119,-0.0632,-0.11321
450.8000,-0.1021,-0.0565,1.4606,-0.05711,-0.1135,-0.0635,-0.11323
450.9000,-0.1024,-0.0566,1.4602,-0.05711,-0.1145,-0.0642,-0.11323
451.0000,-0.1026,-0.0567,1.4595,-0.05712,-0.1149,-0.0650,-0.11326
451.1000,-0.1026,-0.0567,1.4588,-0.05711,-0.1153,-0.0655,-0.11328
451.2000,-0.1026,-0.0568,1.4578,-0.05712,-0.1152,-0.0656,-0.11329
451.3000,-0.1026,-0.0568,1.4567,-0.05713,-0.1148,-0.0655,-0.11331
451.4000,-0.1025,-0.0569,1.4555,-0.05715,-0.1146,-0.0648,-0.11330
451.5000,-0.1024,-0.0569,1.4542,-0.05717,-0.1147,-0.0638,-0.11329
451.6000,-0.1023,-0.0569,1.4530,-0.05718,-0.1153,-0.0628,-0.11328
451.7000,-0.1022,-0.0568,1.4519,-0.05718,-0.1167,-0.0622,-0.11325
451.8000,-0.1020,-0.0568,1.4510,-0.05719,-0.1182,-0.0620,-0.11329
451.9000,-0.1018,-0.0569,1.4502,-0.05720,-0.1198,-0.0625,-0.11331
452.0000,-0.1016,-0.0572,1.4497,-0.05722,-0.1208,-0.0638,-0.11336
452.1000,-0.1012,-0.0574,1.4494,-0.05723,-0.1214,-0.0654,-0.11347
452.2000,-0.1008,-0.0577,1.4494,-0.05721,-0.1213,-0.0664,-0.11347
452.3000,-0.1002,-0.0579,1.4496,-0.05718,-0.1201,-0.0677,-0.11343
452.4000,-0.0994,-0.0581,1.4500,-0.05716,-0.1183,-0.0693,-0.11346
452.5000,-0.0986,-0.0581,1.4504,-0.05715,-0.1157,-0.0707,-0.11349
452.6000,-0.0977,-0.0582,1.4507,-0.05714,-0.1126,-0.0717,-0.11351
452.7000,-0.0968,-0.0581,1.4507,-0.05713,-0.1092,-0.0722,-0.11352
452.8000,-0.0961,-0.0579,1.4505,-0.05712,-0.1069,-0.0720,-0.11353
452.9000,-0.0956,-0.0577,1.4502,-0.05711,-0.1052,-0.0712,-0.11351
453.0000,-0.0951,-0.0573,1.4498,-0.05711,-0.1040,-0.0701,-0.11349
453.1000,-0.0947,-0.0568,1.4493,-0.05709,-0.1030,-0.0690,-0.11344
453.2000,-0.0944,-0.0562,1.4489,-0.05708,-0.1022,-0.0677,-0.11340
453.3000,-0.0942,-0.0557,1.4486,-0.05708,-0.1012,-0.0655,-0.11334
453.4000,-0.0939,-0.0551,1.4484,-0.05707,-0.1006,-0.0632,-0.11334
453.5000,-0.0937,-0.0545,1.4484,-0.05706,-0.0999,-0.0610,-0.11329
453.6000,-0.0936,-0.0540,1.4486,-0.05706,-0.0991,-0.0590,-0.11327
453.7000,-0.0934,-0.0535,1.4489,-0.05706,-0.0982,-0.0576,-0.11328
453.8000,-0.0932,-0.0529,1.4493,-0.05707,-0.0970,-0.0559,-0.11330
453.9000,-0.0930,-0.0525,1.4496,-0.05709,-0.0958,-0.0542,-0.11334
454.0000,-0.0929,-0.0522,1.4498,-0.05711,-0.0945,-0.0532,-0.11339
454.1000,-0.0928,-0.0520,1.4499,-0.05712,-0.0933,-0.0523,-0.11341
454.2000,-0.0928,-0.0518,1.4500,-0.05713,-0.0923,-0.0511,-0.11344
454.3000,-0.0929,-0.0517,1.4500,-0.05714,-0.0911,-0.0494,-0.11347
454.4000,-0.0931,-0.0516,1.4500,-0.05715,-0.0904,-0.0472,-0.11348
454.5000,-0.0934,-0.0515,1.4499,-0.05714,-0.0902,-0.0436,-0.11351
454.6000,-0.0938,-0.0514,1.4498,-0.05714,-0.0908,-0.0400,-0.11355
454.7000,-0.0942,-0.0515,1.4497,-0.05713,-0.0917,-0.0372,-0.11357
454.8000,-0.0946,-0.0517,1.4494,-0.05713,-0.0931,-0.0360,-0.11356
454.9000,-0.0950,-0.0521,1.4490,-0.05715,-0.0948,-0.0355,-0.11357
455.0000,-0.0954,-0.0526,1.4483,-0.05719,-0.0958,-0.0354,-0.11358
455.1000,-0.0957,-0.0533,1.4475,-0.05722,-0.0958,-0.0355,-0.11360
455.2000,-0.0960,-0.0540,1.4465,-0.05726,-0.0950,-0.0359,-0.11365
455.3000,-0.0962,-0.0549,1.4451,-0.05728,-0.0936,-0.0369,-0.11362
455.4000,-0.0963,-0.0558,1.4438,-0.05730,-0.0918,-0.0381,-0.11362
455.5000,-0.0965,-0.0567,1.4424,-0.05732,-0.0900,-0.0399,-0.11362
455.6000,-0.0967,-0.0577,1.4410,-0.05734,-0.0886,-0.0418,-0.11362
455.7000,-0.0971,-0.0585,1.4398,-0.05736,-0.0875,-0.0439,-0.11361
455.8000,-0.0975,-0.0593,1.4386,-0.05737,-0.0867,-0.0461,-0.11359
455.9000,-0.0980,-0.0601,1.4375,-0.05740,-0.0863,-0.0487,-0.11358
456.0000,-0.0986,-0.0608,1.4365,-0.05743,-0.0867,-0.0512,-0.11359
456.1000,-0.0994,-0.0615,1.4356,-0.05745,-0.0882,-0.0535,-0.11359
456.2000,-0.1002,-0.0620,1.4349,-0.05745,-0.0902,-0.0553,-0.11357
456.3000,-0.1010,-0.0624,1.4344,-0.05746,-0.0925,-0.0566,-0.11360
456.4000,-0.1019,-0.0629,1.4338,-0.05747,-0.0941,-0.0574,-0.11359
456.5000,-0.1026,-0.0631,1.4335,-0.05747,-0.0950,-0.0580,-0.11361
456.6000,-0.1033,-0.0634,1.4331,-0.05746,-0.0958,-0.0585,-0.11363
456.7000,-0.1039,-0.0636,1.4327,-0.05744,-0.0964,-0.0588,-0.11361
456.8000,-0.1044,-0.0638,1.4324,-0.05743,-0.0970,-0.0591,-0.11361
456.9000,-0.1049,-0.0641,1.4322,-0.05742,-0.0979,-0.0597,-0.11359
457.0000,-0.1054,-0.0643,1.4321,-0.05742,-0.0991,-0.0606,-0.11355
457.1000,-0.1058,-0.0645,1.4320,-0.05742,-0.1004,-0.0617,-0.11352
457.2000,-0.1062,-0.0648,1.4321,-0.05744,-0.1017,-0.0627,-0.11350
457.3000,-0.1066,-0.0651,1.4321,-0.05746,-0.1025,-0.0635,-0.11355
457.4000,-0.1068,-0.0653,1.4322,-0.05747,-0.1031,-0.0638,-0.11355
457.5000,-0.1070,-0.0656,1.4324,-0.05748,-0.1036,-0.0643,-0.11358
457.6000,-0.1071,-0.0658,1.4325,-0.05749,-0.1037,-0.0648,-0.11362
457.7000,-0.1071,-0.0659,1.4326,-0.05750,-0.1038,-0.0657,-0.11364
457.8000,-0.1070,-0.0661,1.4328,-0.05752,-0.1041,-0.0671,-0.11367
457.9000,-0.1070,-0.0664,1.4329,-0.05755,-0.1045,-0.0680,-0.11376
458.0000,-0.1068,-0.0666,1.4329,-0.05757,-0.1044,-0.0679,-0.11380
458.1000,-0.1068,-0.0667,1.4329,-0.05758,-0.1037,-0.0673,-0.11387
458.2000,-0.1067,-0.0667,1.4329,-0.05759,-0.1032,-0.0666,-0.11391
458.3000,-0.1067,-0.0666,1.4331,-0.05758,-0.1029,-0.0660,-0.11394
458.4000,-0.1066,-0.0665,1.4333,-0.05757,-0.1029,-0.0658,-0.11393
458.5000,-0.1065,-0.0665,1.4336,-0.05756,-0.1027,-0.0660,-0.11392
458.6000,-0.1064,-0.0665,1.4340,-0.05757,-0.1024,-0.0665,-0.11393
458.7000,-0.1064,-0.0664,1.4343,-0.05758,-0.1018,-0.0674,-0.11395
458.8000,-0.1063,-0.0664,1.4347,-0.05758,-0.1013,-0.0684,-0.11398
458.9000,-0.1064,-0.0664,1.4351,-0.05759,-0.1011,-0.0702,-0.11400
459.0000,-0.1065,-0.0663,1.4355,-0.05759,-0.1011,-0.0728,-0.11402
459.1000,-0.1067,-0.0662,1.4359,-0.05758,-0.1011,-0.0754,-0.11402
459.2000,-0.1070,-0.0661,1.4363,-0.05757,-0.1013,-0.0771,-0.11397
459.3000,-0.1074,-0.0658,1.4367,-0.05756,-0.1016,-0.0790,-0.11394
459.4000,-0.1077,-0.0655,1.4372,-0.05755,-0.1019,-0.0814,-0.11390
459.5000,-0.1081,-0.0651,1.4378,-0.05755,-0.1025,-0.0846,-0.11384
459.6000,-0.1083,-0.0646,1.4384,-0.05755,-0.1031,-0.0873,-0.11381
459.7000,-0.1085,-0.0639,1.4391,-0.05754,-0.1038,-0.0892,-0.11376
459.8000,-0.1087,-0.0630,1.4397,-0.05754,-0.1049,-0.0898,-0.11370
459.9000,-0.1088,-0.0620,1.4402,-0.05753,-0.1062,-0.0894,-0.11367
460.0000,-0.1090,-0.0608,1.4408,-0.05752,-0.1074,-0.0882,-0.11365
460.1000,-0.1091,-0.0595,1.4413,-0.05750,-0.1086,-0.0857,-0.11362
460.2000,-0.1092,-0.0579,1.4420,-0.05748,-0.1096,-0.0825,-0.11362
460.3000,-0.1092,-0.0565,1.4425,-0.05745,-0.1105,-0.0790,-0.11359
460.4000,-0.1091,-0.0548,1.4432,-0.05741,-0.1115,-0.0754,-0.11348
460.5000,-0.1089,-0.0535,1.4438,-0.05739,-0.1124,-0.0716,-0.11345
460.6000,-0.1087,-0.0524,1.4444,-0.05737,-0.1128,-0.0688,-0.11341
460.7000,-0.1084,-0.0514,1.4451,-0.05737,-0.1131,-0.0671,-0.11344
460.8000,-0.1081,-0.0507,1.4458,-0.05739,-0.1140,-0.0665,-0.11348
460.9000,-0.1077,-0.0501,1.4466,-0.05741,-0.1151,-0.0665,-0.11350
461.0000,-0.1072,-0.0496,1.4476,-0.05741,-0.1163,-0.0664,-0.11351
461.1000,-0.1067,-0.0492,1.4485,-0.05743,-0.1174,-0.0660,-0.11353
461.2000,-0.1058,-0.0488,1.4496,-0.05745,-0.1177,-0.0659,-0.11358
461.3000,-0.1050,-0.0484,1.4506,-0.05746,-0.1169,-0.0655,-0.11362
461.4000,-0.1041,-0.0482,1.4515,-0.05748,-0.1160,-0.0651,-0.11363
461.5000,-0.1033,-0.0479,1.4523,-0.05750,-0.1153,-0.0647,-0.11368
461.6000,-0.1024,-0.0476,1.4531,-0.05751,-0.1150,-0.0643,-0.11371
461.7000,-0.1015,-0.0474,1.4537,-0.05754,-0.1145,-0.0641,-0.11377
461.8000,-0.1007,-0.0471,1.4542,-0.05758,-0.1139,-0.0637,-0.11380
461.9000,-0.0997,-0.0469,1.4545,-0.05761,-0.1128,-0.0626,-0.11384
462.0000,-0.0987,-0.0466,1.4547,-0.05764,-0.1115,-0.0612,-0.11387
462.1000,-0.0975,-0.0464,1.4548,-0.05768,-0.1094,-0.0589,-0.11390
462.2000,-0.0966,-0.0461,1.4548,-0.05769,-0.1074,-0.0560,-0.11390
462.3000,-0.0956,-0.0459,1.4546,-0.05769,-0.1053,-0.0526,-0.11388
462.4000,-0.0945,-0.0457,1.4543,-0.05770,-0.1035,-0.0498,-0.11386
462.5000,-0.0935,-0.0456,1.4539,-0.05773,-0.1017,-0.0473,-0.11391
462.6000,-0.0926,-0.0457,1.4532,-0.05777,-0.0999,-0.0456,-0.11394
462.7000,-0.0916,-0.0458,1.4524,-0.05780,-0.0986,-0.0443,-0.11401
462.8000,-0.0906,-0.0461,1.4513,-0.05782,-0.0977,-0.0438,-0.11405
462.9000,-0.0897,-0.0465,1.4503,-0.05784,-0.0966,-0.0443,-0.11411
463.0000,-0.0889,-0.0470,1.4492,-0.05786,-0.0953,-0.0458,-0.11415
463.1000,-0.0881,-0.0476,1.4481,-0.05788,-0.0932,-0.0474,-0.11413
463.2000,-0.0873,-0.0482,1.4471,-0.05791,-0.0904,-0.0488,-0.11409
463.3000,-0.0866,-0.0489,1.4461,-0.05793,-0.0868,-0.0503,-0.11405
463.4000,-0.0858,-0.0495,1.4453,-0.05794,-0.0836,-0.0515,-0.11399
463.5000,-0.0851,-0.0500,1.4448,-0.05795,-0.0807,-0.0527,-0.11393
463.6000,-0.0846,-0.0506,1.4444,-0.05796,-0.0785,-0.0537,-0.11395
463.7000,-0.0842,-0.0511,1.4443,-0.05796,-0.0767,-0.0539,-0.11394
463.8000,-0.0840,-0.0515,1.4443,-0.05795,-0.0753,-0.0526,-0.11393
463.9000,-0.0839,-0.0519,1.4443,-0.05794,-0.0740,-0.0502,-0.11395
464.0000,-0.0839,-0.0522,1.4442,-0.05793,-0.0734,-0.0479,-0.11400
464.1000,-0.0841,-0.0526,1.4440,-0.05793,-0.0731,-0.0454,-0.11404
464.2000,-0.0843,-0.0531,1.4437,-0.05793,-0.0732,-0.0428,-0.11407
464.3000,-0.0847,-0.0537,1.4431,-0.05794,-0.0742,-0.0403,-0.11413
464.4000,-0.0852,-0.0546,1.4423,-0.05795,-0.0759,-0.0391,-0.11416
464.5000,-0.0858,-0.0556,1.4413,-0.05797,-0.0793,-0.0390,-0.11412
464.6000,-0.0865,-0.0567,1.4400,-0.05800,-0.0829,-0.0394,-0.11412
464.7000,-0.0871,-0.0581,1.4386,-0.05804,-0.0866,-0.0397,-0.11416
464.8000,-0.0876,-0.0595,1.4370,-0.05807,-0.0897,-0.0398,-0.11418
464.9000,-0.0880,-0.0611,1.4354,-0.05810,-0.0927,-0.0399,-0.11424
465.0000,-0.0882,-0.0627,1.4337,-0.05814,-0.0954,-0.0402,-0.11431
465.1000,-0.0883,-0.0646,1.4319,-0.05816,-0.0982,-0.0411,-0.11436
465.2000,-0.0882,-0.0663,1.4305,-0.05818,-0.1008,-0.0425,-0.11437
465.3000,-0.0880,-0.0681,1.4293,-0.05821,-0.1031,-0.0446,-0.11443
465.4000,-0.0876,-0.0699,1.4284,-0.05824,-0.1043,-0.0470,-0.11447
465.5000,-0.0870,-0.0717,1.4280,-0.05828,-0.1042,-0.0494,-0.11453
465.6000,-0.0862,-0.0734,1.4278,-0.05831,-0.1028,-0.0510,-0.11457
465.7000,-0.0852,-0.0751,1.4280,-0.05833,-0.1007,-0.0523,-0.11458
465.8000,-0.0842,-0.0767,1.4283,-0.05834,-0.0979,-0.0537,-0.11459
465.9000,-0.0832,-0.0781,1.4287,-0.05835,-0.0942,-0.0553,-0.11461
466.0000,-0.0821,-0.0796,1.4291,-0.05837,-0.0908,-0.0563,-0.11464
466.1000,-0.0810,-0.0812,1.4296,-0.05840,-0.0875,-0.0575,-0.11469
466.2000,-0.0803,-0.0824,1.4300,-0.05841,-0.0850,-0.0587,-0.11475
466.3000,-0.0798,-0.0837,1.4303,-0.05842,-0.0829,-0.0599,-0.11475
466.4000,-0.0795,-0.0848,1.4307,-0.05844,-0.0814,-0.0609,-0.11479
466.5000,-0.0793,-0.0859,1.4311,-0.05845,-0.0804,-0.0625,-0.11475
466.6000,-0.0793,-0.0870,1.4317,-0.05846,-0.0798,-0.0650,-0.11473
466.7000,-0.0792,-0.0880,1.4324,-0.05848,-0.0796,-0.0679,-0.11472
466.8000,-0.0793,-0.0892,1.4335,-0.05850,-0.0796,-0.0708,-0.11472
466.9000,-0.0794,-0.0902,1.4346,-0.05851,-0.0795,-0.0733,-0.11476
467.0000,-0.0794,-0.0911,1.4358,-0.05851,-0.0796,-0.0758,-0.11472
467.1000,-0.0796,-0.0920,1.4372,-0.05851,-0.0804,-0.0776,-0.11472
467.2000,-0.0797,-0.0928,1.4386,-0.05852,-0.0816,-0.0791,-0.11470
467.3000,-0.0799,-0.0935,1.4401,-0.05853,-0.0832,-0.0812,-0.11466
467.4000,-0.0801,-0.0942,1.4414,-0.05853,-0.0849,-0.0833,-0.11461
467.5000,-0.0803,-0.0948,1.4425,-0.05853,-0.0868,-0.0852,-0.11455
467.6000,-0.0805,-0.0954,1.4433,-0.05852,-0.0886,-0.0871,-0.11445
467.7000,-0.0806,-0.0959,1.4438,-0.05853,-0.0899,-0.0900,-0.11442
467.8000,-0.0806,-0.0964,1.4441,-0.05852,-0.0906,-0.0932,-0.11440
467.9000,-0.0805,-0.0968,1.4442,-0.05853,-0.0904,-0.0969,-0.11444
468.0000,-0.0804,-0.0971,1.4443,-0.05854,-0.0898,-0.1003,-0.11448
468.1000,-0.0801,-0.0973,1.4445,-0.05855,-0.0897,-0.1035,-0.11453
468.2000,-0.0799,-0.0973,1.4449,-0.05854,-0.0895,-0.1063,-0.11451
468.3000,-0.0796,-0.0972,1.4456,-0.05856,-0.0891,-0.1092,-0.11454
468.4000,-0.0794,-0.0969,1.4467,-0.05857,-0.0889,-0.1115,-0.11456
468.5000,-0.0791,-0.0964,1.4482,-0.05858,-0.0884,-0.1139,-0.11456
468.6000,-0.0789,-0.0959,1.4503,-0.05859,-0.0875,-0.1156,-0.11457
468.7000,-0.0787,-0.0954,1.4526,-0.05859,-0.0863,-0.1165,-0.11459
468.8000,-0.0786,-0.0946,1.4552,-0.05856,-0.0855,-0.1162,-0.11456
468.9000,-0.0784,-0.0937,1.4583,-0.05852,-0.0849,-0.1148,-0.11447
469.0000,-0.0783,-0.0927,1.4613,-0.05848,-0.0842,-0.1127,-0.11438
469.1000,-0.0782,-0.0915,1.4646,-0.05845,-0.0830,-0.1101,-0.11432
469.2000,-0.0782,-0.0905,1.4671,-0.05845,-0.0816,-0.1078,-0.11434
469.3000,-0.0783,-0.0895,1.4694,-0.05845,-0.0797,-0.1056,-0.11442
469.4000,-0.0784,-0.0886,1.4713,-0.05846,-0.0784,-0.1042,-0.11445
469.5000,-0.0786,-0.0877,1.4727,-0.05846,-0.0772,-0.1032,-0.11448
469.6000,-0.0788,-0.0871,1.4736,-0.05846,-0.0764,-0.1024,-0.11450
469.7000,-0.0793,-0.0864,1.4742,-0.05844,-0.0762,-0.1015,-0.11450
469.8000,-0.0798,-0.0860,1.4743,-0.05843,-0.0769,-0.1006,-0.11445
469.9000,-0.0804,-0.0856,1.4740,-0.05842,-0.0777,-0.0995,-0.11442
470.0000,-0.0810,-0.0853,1.4735,-0.05841,-0.0786,-0.0982,-0.11439
470.1000,-0.0817,-0.0850,1.4727,-0.05841,-0.0798,-0.0970,-0.11437
470.2000,-0.0823,-0.0847,1.4719,-0.05842,-0.0815,-0.0959,-0.11436
470.3000,-0.0829,-0.0845,1.4710,-0.05842,-0.0837,-0.0951,-0.11437
470.4000,-0.0835,-0.0843,1.4701,-0.05842,-0.0854,-0.0949,-0.11436
470.5000,-0.0840,-0.0841,1.4691,-0.05842,-0.0865,-0.0951,-0.11437
470.6000,-0.0844,-0.0839,1.4682,-0.05842,-0.0869,-0.0953,-0.11434
470.7000,-0.0847,-0.0837,1.4675,-0.05842,-0.0873,-0.0950,-0.11436
470.8000,-0.0849,-0.0833,1.4668,-0.05841,-0.0880,-0.0946,-0.11438
470.9000,-0.0851,-0.0830,1.4664,-0.05840,-0.0887,-0.0942,-0.11440
471.0000,-0.0852,-0.0828,1.4662,-0.05841,-0.0893,-0.0934,-0.11444
471.1000,-0.0853,-0.0825,1.4661,-0.05842,-0.0899,-0.0928,-0.11445
471.2000,-0.0854,-0.0822,1.4663,-0.05842,-0.0908,-0.0931,-0.11450
471.3000,-0.0854,-0.0818,1.4664,-0.05843,-0.0914,-0.0942,-0.11452
471.4000,-0.0853,-0.0815,1.4667,-0.05846,-0.0916,-0.0959,-0.11460
471.5000,-0.0850,-0.0811,1.4669,-0.05848,-0.0914,-0.0977,-0.11463
471.6000,-0.0847,-0.0807,1.4670,-0.05849,-0.0911,-0.0995,-0.11467
471.7000,-0.0844,-0.0801,1.4671,-0.05849,-0.0906,-0.1007,-0.11466
471.8000,-0.0841,-0.0795,1.4671,-0.05848,-0.0895,-0.1013,-0.11463
471.9000,-0.0837,-0.0788,1.4670,-0.05847,-0.0883,-0.1016,-0.11457
472.0000,-0.0834,-0.0779,1.4668,-0.05845,-0.0873,-0.1016,-0.11455
472.1000,-0.0831,-0.0771,1.4666,-0.05843,-0.0861,-0.1014,-0.11452
472.2000,-0.0828,-0.0761,1.4663,-0.05840,-0.0847,-0.1009,-0.11447
472.3000,-0.0825,-0.0750,1.4660,-0.05838,-0.0832,-0.1002,-0.11444
472.4000,-0.0823,-0.0740,1.4657,-0.05835,-0.0818,-0.0994,-0.11437
472.5000,-0.0822,-0.0731,1.4655,-0.05832,-0.0805,-0.0988,-0.11432
472.6000,-0.0821,-0.0723,1.4652,-0.05832,-0.0796,-0.0983,-0.11428
472.7000,-0.0821,-0.0715,1.4648,-0.05832,-0.0797,-0.0976,-0.11428
472.8000,-0.0823,-0.0705,1.4642,-0.05833,-0.0809,-0.0966,-0.11432
472.9000,-0.0823,-0.0698,1.4635,-0.05833,-0.0823,-0.0949,-0.11429
473.0000,-0.0824,-0.0690,1.4626,-0.05833,-0.0837,-0.0922,-0.11429
473.1000,-0.0825,-0.0682,1.4614,-0.05832,-0.0854,-0.0895,-0.11429
473.2000,-0.0826,-0.0675,1.4601,-0.05831,-0.0870,-0.0866,-0.11428
473.3000,-0.0825,-0.0668,1.4588,-0.05832,-0.0888,-0.0835,-0.11426
473.4000,-0.0823,-0.0662,1.4574,-0.05834,-0.0904,-0.0807,-0.11431
473.5000,-0.0821,-0.0657,1.4557,-0.05836,-0.0917,-0.0775,-0.11434
473.6000,-0.0817,-0.0653,1.4540,-0.05838,-0.0929,-0.0755,-0.11437
473.7000,-0.0811,-0.0650,1.4521,-0.05841,-0.0940,-0.0744,-0.11443
473.8000,-0.0805,-0.0649,1.4503,-0.05843,-0.0947,-0.0744,-0.11450
473.9000,-0.0799,-0.0649,1.4487,-0.05845,-0.0950,-0.0750,-0.11456
474.0000,-0.0791,-0.0650,1.4471,-0.05848,-0.0950,-0.0755,-0.11460
474.1000,-0.0783,-0.0651,1.4458,-0.05849,-0.0948,-0.0756,-0.11464
474.2000,-0.0775,-0.0653,1.4446,-0.05850,-0.0944,-0.0757,-0.11467
474.3000,-0.0766,-0.0654,1.4437,-0.05852,-0.0936,-0.0758,-0.11470
474.4000,-0.0758,-0.0655,1.4430,-0.05853,-0.0921,-0.0756,-0.11471
474.5000,-0.0750,-0.0656,1.4425,-0.05855,-0.0899,-0.0759,-0.11471
474.6000,-0.0742,-0.0657,1.4422,-0.05857,-0.0877,-0.0763,-0.11473
474.7000,-0.0734,-0.0658,1.4420,-0.05858,-0.0856,-0.0762,-0.11471
474.8000,-0.0727,-0.0659,1.4420,-0.05858,-0.0829,-0.0756,-0.11471
474.9000,-0.0719,-0.0659,1.4420,-0.05859,-0.0801,-0.0753,-0.11470
475.0000,-0.0712,-0.0659,1.4421,-0.05861,-0.0769,-0.0755,-0.11471
475.1000,-0.0706,-0.0660,1.4422,-0.05864,-0.0743,-0.0760,-0.11473
475.2000,-0.0701,-0.0661,1.4423,-0.05866,-0.0719,-0.0766,-0.11476
475.3000,-0.0698,-0.0662,1.4425,-0.05868,-0.0702,-0.0774,-0.11480
475.4000,-0.0696,-0.0661,1.4427,-0.05868,-0.0688,-0.0785,-0.11478
475.5000,-0.0695,-0.0661,1.4429,-0.05867,-0.0676,-0.0794,-0.11478
475.6000,-0.0696,-0.0661,1.4433,-0.05866,-0.0666,-0.0804,-0.11478
475.7000,-0.0697,-0.0660,1.4436,-0.05864,-0.0662,-0.0816,-0.11477
475.8000,-0.0700,-0.0660,1.4439,-0.05862,-0.0666,-0.0832,-0.11476
475.9000,-0.0704,-0.0659,1.4443,-0.05861,-0.0676,-0.0849,-0.11473
476.0000,-0.0709,-0.0659,1.4446,-0.05861,-0.0687,-0.0863,-0.11473
476.1000,-0.0713,-0.0659,1.4448,-0.05860,-0.0698,-0.0874,-0.11472
476.2000,-0.0719,-0.0658,1.4449,-0.05861,-0.0709,-0.0884,-0.11477
476.3000,-0.0724,-0.0658,1.4448,-0.05862,-0.0719,-0.0891,-0.11476
476.4000,-0.0728,-0.0658,1.4444,-0.05862,-0.0732,-0.0904,-0.11471
476.5000,-0.0733,-0.0658,1.4439,-0.05863,-0.0745,-0.0919,-0.11469
476.6000,-0.0737,-0.0658,1.4432,-0.05865,-0.0755,-0.0938,-0.11468
476.7000,-0.0742,-0.0657,1.4424,-0.05866,-0.0762,-0.0950,-0.11469
476.8000,-0.0746,-0.0656,1.4418,-0.05865,-0.0772,-0.0952,-0.11468
476.9000,-0.0749,-0.0655,1.4414,-0.05865,-0.0784,-0.0948,-0.11467
477.0000,-0.0752,-0.0653,1.4412,-0.05864,-0.0798,-0.0941,-0.11468
477.1000,-0.0754,-0.0651,1.4413,-0.05863,-0.0813,-0.0933,-0.11466
477.2000,-0.0755,-0.0649,1.4416,-0.05864,-0.0823,-0.0921,-0.11466
477.3000,-0.0756,-0.0647,1.4420,-0.05864,-0.0830,-0.0907,-0.11464
477.4000,-0.0756,-0.0645,1.4425,-0.05866,-0.0832,-0.0891,-0.11466
477.5000,-0.0754,-0.0644,1.4429,-0.05867,-0.0829,-0.0875,-0.11470
477.6000,-0.0753,-0.0643,1.4433,-0.05869,-0.0822,-0.0851,-0.11477
477.7000,-0.0750,-0.0642,1.4436,-0.05868,-0.0813,-0.0827,-0.11482
477.8000,-0.0747,-0.0641,1.4437,-0.05867,-0.0801,-0.0806,-0.11485
477.9000,-0.0744,-0.0642,1.4438,-0.05868,-0.0796,-0.0792,-0.11486
478.0000,-0.0741,-0.0643,1.4436,-0.05870,-0.0794,-0.0786,-0.11489
478.1000,-0.0738,-0.0644,1.4434,-0.05874,-0.0789,-0.0786,-0.11494
478.2000,-0.0736,-0.0646,1.4430,-0.05876,-0.0780,-0.0787,-0.11499
478.3000,-0.0734,-0.0648,1.4425,-0.05877,-0.0770,-0.0790,-0.11502
478.4000,-0.0732,-0.0651,1.4419,-0.05878,-0.0762,-0.0790,-0.11506
478.5000,-0.0730,-0.0654,1.4412,-0.05878,-0.0761,-0.0788,-0.11504
478.6000,-0.0730,-0.0656,1.4406,-0.05879,-0.0769,-0.0786,-0.11507
478.7000,-0.0730,-0.0658,1.4401,-0.05880,-0.0783,-0.0788,-0.11506
478.8000,-0.0731,-0.0661,1.4398,-0.05880,-0.0802,-0.0790,-0.11504
478.9000,-0.0731,-0.0664,1.4394,-0.05881,-0.0818,-0.0795,-0.11504
479.0000,-0.0731,-0.0666,1.4391,-0.05881,-0.0828,-0.0801,-0.11508
479.1000,-0.0730,-0.0669,1.4387,-0.05882,-0.0830,-0.0810,-0.11507
479.2000,-0.0728,-0.0670,1.4384,-0.05883,-0.0829,-0.0822,-0.11510
479.3000,-0.0725,-0.0671,1.4380,-0.05884,-0.0827,-0.0838,-0.11512
479.4000,-0.0723,-0.0671,1.4377,-0.05886,-0.0828,-0.0852,-0.11511
479.5000,-0.0721,-0.0671,1.4373,-0.05887,-0.0837,-0.0864,-0.11512
479.6000,-0.0720,-0.0669,1.4370,-0.05888,-0.0852,-0.0866,-0.11511
479.7000,-0.0719,-0.0667,1.4368,-0.05887,-0.0868,-0.0858,-0.11507
479.8000,-0.0718,-0.0665,1.4368,-0.05886,-0.0879,-0.0853,-0.11499
479.9000,-0.0715,-0.0662,1.4370,-0.05886,-0.0891,-0.0853,-0.11499
480.0000,-0.0712,-0.0661,1.4374,-0.05888,-0.0904,-0.0859,-0.11500
480.1000,-0.0708,-0.0659,1.4380,-0.05888,-0.0911,-0.0866,-0.11500
480.2000,-0.0702,-0.0659,1.4385,-0.05889,-0.0912,-0.0875,-0.11501
480.3000,-0.0695,-0.0658,1.4389,-0.05888,-0.0907,-0.0888,-0.11505
480.4000,-0.0688,-0.0658,1.4393,-0.05888,-0.0902,-0.0902,-0.11508
480.5000,-0.0681,-0.0657,1.4396,-0.05889,-0.0899,-0.0917,-0.11513
480.6040,-0.0672,-0.0657,1.4397,-0.05890,-0.0899,-0.0938,-0.11516
480.7000,-0.0664,-0.0656,1.4398,-0.05891,-0.0899,-0.0953,-0.11517
480.8000,-0.0655,-0.0654,1.4399,-0.05891,-0.0902,-0.0958,-0.11519
480.9000,-0.0648,-0.0651,1.4400,-0.05891,-0.0907,-0.0950,-0.11518
481.0000,-0.0639,-0.0647,1.4402,-0.05889,-0.0908,-0.0925,-0.11515
481.1000,-0.0631,-0.0642,1.4405,-0.05886,-0.0909,-0.0895,-0.11510
481.2000,-0.0620,-0.0636,1.4409,-0.05884,-0.0913,-0.0862,-0.11506
481.3000,-0.0611,-0.0632,1.4414,-0.05884,-0.0921,-0.0834,-0.11505
481.4000,-0.0601,-0.0629,1.4421,-0.05885,-0.0931,-0.0808,-0.11504
481.5000,-0.0591,-0.0627,1.4428,-0.05886,-0.0936,-0.0785,-0.11506
481.6000,-0.0580,-0.0627,1.4435,-0.05887,-0.0936,-0.0768,-0.11509
481.7000,-0.0568,-0.0628,1.4442,-0.05888,-0.0929,-0.0758,-0.11513
481.8000,-0.0556,-0.0630,1.4451,-0.05889,-0.0920,-0.0755,-0.11518
481.9000,-0.0546,-0.0633,1.4459,-0.05889,-0.0915,-0.0756,-0.11522
482.0000,-0.0535,-0.0638,1.4468,-0.05890,-0.0905,-0.0758,-0.11526
482.1000,-0.0523,-0.0642,1.4479,-0.05890,-0.0889,-0.0760,-0.11528
482.2000,-0.0512,-0.0647,1.4491,-0.05888,-0.0863,-0.0759,-0.11531
482.3000,-0.0498,-0.0654,1.4505,-0.05887,-0.0835,-0.0763,-0.11530
482.4000,-0.0486,-0.0660,1.4516,-0.05887,-0.0803,-0.0774,-0.11530
482.5000,-0.0476,-0.0667,1.4528,-0.05887,-0.0771,-0.0783,-0.11534
482.6000,-0.0467,-0.0674,1.4537,-0.05885,-0.0735,-0.0787,-0.11531
482.7000,-0.0459,-0.0681,1.4544,-0.05884,-0.0702,-0.0788,-0.11533
482.8000,-0.0450,-0.0690,1.4550,-0.05886,-0.0667,-0.0783,-0.11535
482.9000,-0.0446,-0.0699,1.4553,-0.05889,-0.0634,-0.0766,-0.11541
483.0000,-0.0443,-0.0706,1.4554,-0.05889,-0.0599,-0.0741,-0.11541
483.1000,-0.0440,-0.0714,1.4555,-0.05889,-0.0568,-0.0718,-0.11544
483.2000,-0.0439,-0.0723,1.4554,-0.05890,-0.0544,-0.0699,-0.11547
483.3000,-0.0439,-0.0732,1.4553,-0.05891,-0.0525,-0.0681,-0.11550
483.4000,-0.0440,-0.0743,1.4552,-0.05892,-0.0501,-0.0663,-0.11555
483.5000,-0.0443,-0.0756,1.4550,-0.05894,-0.0482,-0.0651,-0.11559
483.6000,-0.0448,-0.0772,1.4550,-0.05896,-0.0467,-0.0645,-0.11561
483.7000,-0.0454,-0.0787,1.4550,-0.05896,-0.0449,-0.0641,-0.11563
483.8000,-0.0460,-0.0804,1.4552,-0.05896,-0.0426,-0.0643,-0.11561
483.9000,-0.0468,-0.0824,1.4555,-0.05896,-0.0408,-0.0656,-0.11555
484.0000,-0.0476,-0.0844,1.4558,-0.05899,-0.0396,-0.0685,-0.11543
484.1000,-0.0485,-0.0865,1.4562,-0.05902,-0.0396,-0.0725,-0.11532
484.2000,-0.0497,-0.0885,1.4565,-0.05906,-0.0412,-0.0779,-0.11521
484.3000,-0.0511,-0.0907,1.4566,-0.05910,-0.0435,-0.0830,-0.11509
484.4000,-0.0525,-0.0926,1.4567,-0.05913,-0.0466,-0.0887,-0.11495
484.5000,-0.0539,-0.0944,1.4567,-0.05916,-0.0495,-0.0939,-0.11485
484.6000,-0.0553,-0.0960,1.4566,-0.05917,-0.0526,-0.0997,-0.11479
484.7000,-0.0566,-0.0972,1.4565,-0.05917,-0.0551,-0.1049,-0.11466
484.8000,-0.0579,-0.0982,1.4563,-0.05917,-0.0578,-0.1099,-0.11454
484.9000,-0.0590,-0.0987,1.4562,-0.05917,-0.0602,-0.1132,-0.11447
485.0000,-0.0602,-0.0989,1.4560,-0.05917,-0.0629,-0.1151,-0.11443
485.1000,-0.0614,-0.0988,1.4558,-0.05916,-0.0652,-0.1150,-0.11439
485.2000,-0.0624,-0.0983,1.4555,-0.05915,-0.0671,-0.1138,-0.11440
485.3000,-0.0632,-0.0977,1.4552,-0.05914,-0.0688,-0.1123,-0.11438
485.4000,-0.0639,-0.0969,1.4548,-0.05914,-0.0708,-0.1106,-0.11434
485.5000,-0.0644,-0.0960,1.4543,-0.05915,-0.0733,-0.1094,-0.11424
485.6000,-0.0648,-0.0951,1.4537,-0.05916,-0.0761,-0.1087,-0.11412
485.7000,-0.0651,-0.0943,1.4533,-0.05916,-0.0785,-0.1080,-0.11399
485.8000,-0.0652,-0.0935,1.4528,-0.05916,-0.0800,-0.1074,-0.11396
485.9000,-0.0651,-0.0927,1.4522,-0.05915,-0.0802,-0.1071,-0.11402
486.0000,-0.0649,-0.0920,1.4517,-0.05914,-0.0793,-0.1071,-0.11413
486.1000,-0.0644,-0.0912,1.4512,-0.05913,-0.0774,-0.1068,-0.11429
486.2000,-0.0639,-0.0903,1.4505,-0.05910,-0.0750,-0.1065,-0.11443
486.3000,-0.0633,-0.0895,1.4499,-0.05909,-0.0726,-0.1062,-0.11455
486.4000,-0.0628,-0.0886,1.4493,-0.05907,-0.0705,-0.1063,-0.11463
486.5000,-0.0624,-0.0877,1.4487,-0.05904,-0.0695,-0.1065,-0.11464
486.6000,-0.0622,-0.0868,1.4482,-0.05904,-0.0702,-0.1061,-0.11458
486.7000,-0.0621,-0.0860,1.4478,-0.05904,-0.0720,-0.1056,-0.11448
486.8000,-0.0620,-0.0851,1.4475,-0.05904,-0.0744,-0.1049,-0.11438
486.9000,-0.0619,-0.0841,1.4472,-0.05905,-0.0778,-0.1029,-0.11428
487.0000,-0.0617,-0.0831,1.4470,-0.05904,-0.0806,-0.1009,-0.11420
487.1000,-0.0614,-0.0821,1.4469,-0.05903,-0.0827,-0.0989,-0.11413
487.2000,-0.0610,-0.0811,1.4466,-0.05901,-0.0841,-0.0966,-0.11409
487.3000,-0.0603,-0.0798,1.4464,-0.05899,-0.0850,-0.0945,-0.11410
487.4000,-0.0596,-0.0788,1.4461,-0.05898,-0.0856,-0.0929,-0.11412
487.5000,-0.0587,-0.0778,1.4457,-0.05898,-0.0858,-0.0919,-0.11415
487.6000,-0.0578,-0.0769,1.4453,-0.05897,-0.0861,-0.0911,-0.11418
487.7000,-0.0568,-0.0760,1.4449,-0.05896,-0.0860,-0.0909,-0.11420
487.8000,-0.0557,-0.0751,1.4443,-0.05896,-0.0856,-0.0909,-0.11423
487.9000,-0.0545,-0.0742,1.4437,-0.05895,-0.0851,-0.0907,-0.11422
488.0000,-0.0533,-0.0732,1.4429,-0.05895,-0.0844,-0.0903,-0.11422
488.1000,-0.0517,-0.0720,1.4418,-0.05896,-0.0839,-0.0891,-0.11421
488.2000,-0.0502,-0.0709,1.4407,-0.05895,-0.0839,-0.0871,-0.11414
488.3000,-0.0487,-0.0699,1.4396,-0.05893,-0.0841,-0.0848,-0.11410
488.4000,-0.0473,-0.0687,1.4385,-0.05891,-0.0843,-0.0825,-0.11404
488.5000,-0.0458,-0.0677,1.4375,-0.05892,-0.0843,-0.0806,-0.11402
488.6000,-0.0442,-0.0668,1.4366,-0.05893,-0.0838,-0.0792,-0.11402
488.7000,-0.0423,-0.0658,1.4359,-0.05894,-0.0831,-0.0776,-0.11405
488.8000,-0.0406,-0.0650,1.4355,-0.05895,-0.0817,-0.0761,-0.11407
488.9000,-0.0388,-0.0643,1.4355,-0.05896,-0.0795,-0.0744,-0.11407
489.0000,-0.0368,-0.0637,1.4357,-0.05897,-0.0766,-0.0720,-0.11405
489.1000,-0.0349,-0.0631,1.4363,-0.05897,-0.0737,-0.0699,-0.11404
489.2000,-0.0327,-0.0626,1.4370,-0.05898,-0.0702,-0.0682,-0.11404
489.3000,-0.0308,-0.0621,1.4378,-0.05899,-0.0662,-0.0673,-0.11402
489.4000,-0.0289,-0.0619,1.4386,-0.05901,-0.0618,-0.0674,-0.11404
489.5000,-0.0271,-0.0617,1.4393,-0.05904,-0.0586,-0.0687,-0.11411
489.6000,-0.0256,-0.0617,1.4399,-0.05908,-0.0555,-0.0703,-0.11421
489.7000,-0.0242,-0.0617,1.4404,-0.05910,-0.0526,-0.0718,-0.11425
489.8000,-0.0228,-0.0617,1.4408,-0.05910,-0.0500,-0.0723,-0.11431
489.9000,-0.0214,-0.0616,1.4411,-0.05908,-0.0472,-0.0715,-0.11435
490.0000,-0.0200,-0.0615,1.4414,-0.05904,-0.0448,-0.0696,-0.11440
490.1000,-0.0187,-0.0613,1.4416,-0.05898,-0.0424,-0.0668,-0.11442
490.2000,-0.0176,-0.0612,1.4418,-0.05894,-0.0407,-0.0645,-0.11443
490.3000,-0.0165,-0.0612,1.4419,-0.05892,-0.0392,-0.0622,-0.11446
490.4000,-0.0156,-0.0613,1.4420,-0.05891,-0.0381,-0.0602,-0.11450
490.5000,-0.0147,-0.0617,1.4421,-0.05891,-0.0371,-0.0587,-0.11453
490.6000,-0.0138,-0.0623,1.4422,-0.05892,-0.0358,-0.0567,-0.11453
490.7000,-0.0129,-0.0630,1.4424,-0.05894,-0.0345,-0.0548,-0.11456
490.8000,-0.0120,-0.0640,1.4426,-0.05899,-0.0328,-0.0526,-0.11466
490.9000,-0.0110,-0.0651,1.4428,-0.05903,-0.0308,-0.0505,-0.11474
491.0000,-0.0099,-0.0665,1.4431,-0.05907,-0.0286,-0.0488,-0.11481
491.1000,-0.0090,-0.0678,1.4434,-0.05911,-0.0266,-0.0483,-0.11484
491.2000,-0.0080,-0.0694,1.4436,-0.05915,-0.0247,-0.0493,-0.11483
491.3000,-0.0072,-0.0712,1.4438,-0.05922,-0.0230,-0.0510,-0.11480
491.4000,-0.0065,-0.0730,1.4438,-0.05928,-0.0214,-0.0525,-0.11480
491.5000,-0.0058,-0.0750,1.4438,-0.05931,-0.0204,-0.0532,-0.11480
491.6000,-0.0052,-0.0770,1.4436,-0.05934,-0.0195,-0.0541,-0.11481
491.7000,-0.0047,-0.0789,1.4435,-0.05937,-0.0183,-0.0556,-0.11478
491.8000,-0.0043,-0.0809,1.4434,-0.05941,-0.0166,-0.0580,-0.11473
491.9000,-0.0040,-0.0828,1.4435,-0.05942,-0.0149,-0.0603,-0.11466
492.0000,-0.0036,-0.0849,1.4437,-0.05943,-0.0132,-0.0626,-0.11462
492.1000,-0.0034,-0.0867,1.4440,-0.05942,-0.0116,-0.0647,-0.11459
492.2000,-0.0032,-0.0883,1.4445,-0.05942,-0.0103,-0.0681,-0.11453
492.3000,-0.0031,-0.0899,1.4451,-0.05945,-0.0097,-0.0720,-0.11445
492.4000,-0.0030,-0.0913,1.4458,-0.05948,-0.0095,-0.0766,-0.11439
492.5000,-0.0031,-0.0926,1.4467,-0.05950,-0.0097,-0.0806,-0.11434
492.6000,-0.0031,-0.0938,1.4476,-0.05953,-0.0104,-0.0843,-0.11427
492.7000,-0.0032,-0.0947,1.4483,-0.05954,-0.0116,-0.0874,-0.11423
492.8000,-0.0035,-0.0956,1.4492,-0.05956,-0.0131,-0.0903,-0.11417
492.9000,-0.0037,-0.0961,1.4498,-0.05956,-0.0141,-0.0924,-0.11412
493.0000,-0.0039,-0.0965,1.4503,-0.05956,-0.0144,-0.0934,-0.11412
493.1000,-0.0040,-0.0966,1.4506,-0.05955,-0.0136,-0.0932,-0.11424
493.2000,-0.0040,-0.0966,1.4507,-0.05954,-0.0123,-0.0924,-0.11439
493.3000,-0.0040,-0.0964,1.4506,-0.05953,-0.0114,-0.0915,-0.11448
493.4000,-0.0040,-0.0961,1.4506,-0.05952,-0.0111,-0.0906,-0.11455
493.5000,-0.0041,-0.0958,1.4506,-0.05953,-0.0112,-0.0899,-0.11451
493.6000,-0.0042,-0.0956,1.4506,-0.05953,-0.0114,-0.0895,-0.11447
493.7000,-0.0044,-0.0953,1.4506,-0.05954,-0.0116,-0.0896,-0.11443
493.8000,-0.0046,-0.0952,1.4506,-0.05955,-0.0119,-0.0900,-0.11442
493.9000,-0.0050,-0.0951,1.4505,-0.05955,-0.0123,-0.0903,-0.11440
494.0000,-0.0053,-0.0950,1.4503,-0.05954,-0.0132,-0.0906,-0.11434
494.1000,-0.0056,-0.0949,1.4500,-0.05954,-0.0144,-0.0911,-0.11428
494.2000,-0.0058,-0.0948,1.4494,-0.05953,-0.0161,-0.0917,-0.11419
494.3000,-0.0061,-0.0946,1.4486,-0.05952,-0.0179,-0.0922,-0.11407
494.4000,-0.0064,-0.0945,1.4476,-0.05951,-0.0206,-0.0930,-0.11398
494.5000,-0.0067,-0.0943,1.4464,-0.05950,-0.0231,-0.0941,-0.11389
494.6000,-0.0069,-0.0942,1.4450,-0.05949,-0.0261,-0.0955,-0.11379
494.7000,-0.0069,-0.0941,1.4437,-0.05948,-0.0285,-0.0966,-0.11372
494.8000,-0.0067,-0.0940,1.4423,-0.05948,-0.0305,-0.0971,-0.11369
494.9000,-0.0065,-0.0938,1.4409,-0.05946,-0.0315,-0.0973,-0.11368
495.0000,-0.0059,-0.0936,1.4395,-0.05945,-0.0316,-0.0972,-0.11369
495.1000,-0.0053,-0.0935,1.4386,-0.05943,-0.0312,-0.0973,-0.11374
495.2000,-0.0043,-0.0933,1.4376,-0.05942,-0.0303,-0.0979,-0.11378
495.3000,-0.0033,-0.0932,1.4369,-0.05942,-0.0290,-0.0986,-0.11385
495.4000,-0.0022,-0.0931,1.4364,-0.05943,-0.0277,-0.0989,-0.11387
495.5000,-0.0010,-0.0931,1.4362,-0.05944,-0.0265,-0.0991,-0.11392
495.6000,0.0001,-0.0930,1.4362,-0.05946,-0.0248,-0.0996,-0.11397
495.7000,0.0012,-0.0929,1.4364,-0.05946,-0.0235,-0.1011,-0.11401
495.8000,0.0024,-0.0927,1.4369,-0.05945,-0.0221,-0.1035,-0.11407
495.9000,0.0035,-0.0926,1.4376,-0.05945,-0.0207,-0.1060,-0.11414
496.0000,0.0048,-0.0925,1.4386,-0.05945,-0.0188,-0.1082,-0.11423
496.1000,0.0062,-0.0923,1.4397,-0.05945,-0.0168,-0.1094,-0.11426
496.2000,0.0074,-0.0919,1.4409,-0.05945,-0.0149,-0.1098,-0.11424
496.3000,0.0086,-0.0914,1.4422,-0.05947,-0.0138,-0.1089,-0.11418
496.4000,0.0098,-0.0907,1.4436,-0.05950,-0.0130,-0.1070,-0.11413
496.5000,0.0111,-0.0899,1.4451,-0.05953,-0.0120,-0.1051,-0.11411
496.6000,0.0124,-0.0891,1.4468,-0.05956,-0.0105,-0.1029,-0.11409
496.7000,0.0136,-0.0883,1.4488,-0.05958,-0.0082,-0.0999,-0.11411
496.8000,0.0150,-0.0874,1.4512,-0.05959,-0.0057,-0.0964,-0.11412
496.9000,0.0161,-0.0868,1.4533,-0.05962,-0.0033,-0.0930,-0.11415
497.0000,0.0171,-0.0862,1.4555,-0.05964,-0.0004,-0.0899,-0.11419
497.1000,0.0182,-0.0857,1.4578,-0.05965,0.0024,-0.0878,-0.11422
497.2000,0.0193,-0.0853,1.4602,-0.05967,0.0050,-0.0860,-0.11425
497.3000,0.0203,-0.0851,1.4624,-0.05969,0.0077,-0.0847,-0.11432
497.4000,0.0213,-0.0849,1.4650,-0.05970,0.0110,-0.0843,-0.11434
497.5000,0.0221,-0.0849,1.4672,-0.05970,0.0140,-0.0845,-0.11438
497.6000,0.0227,-0.0849,1.4692,-0.05970,0.0173,-0.0850,-0.11441
497.7000,0.0231,-0.0851,1.4711,-0.05971,0.0193,-0.0853,-0.11442
497.8000,0.0234,-0.0852,1.4727,-0.05973,0.0206,-0.0854,-0.11443
497.9000,0.0237,-0.0854,1.4745,-0.05975,0.0215,-0.0851,-0.11445
498.0000,0.0239,-0.0856,1.4759,-0.05977,0.0225,-0.0851,-0.11448
498.1000,0.0240,-0.0858,1.4772,-0.05979,0.0236,-0.0852,-0.11450
498.2000,0.0241,-0.0861,1.4784,-0.05981,0.0247,-0.0854,-0.11447
498.3000,0.0242,-0.0863,1.4796,-0.05983,0.0256,-0.0853,-0.11447
498.4000,0.0241,-0.0866,1.4806,-0.05984,0.0264,-0.0848,-0.11445
498.5000,0.0240,-0.0869,1.4816,-0.05984,0.0271,-0.0842,-0.11446
498.6000,0.0239,-0.0872,1.4822,-0.05984,0.0276,-0.0836,-0.11444
498.7000,0.0237,-0.0875,1.4827,-0.05984,0.0278,-0.0834,-0.11445
498.8000,0.0235,-0.0878,1.4832,-0.05985,0.0284,-0.0829,-0.11439
498.9000,0.0233,-0.0881,1.4834,-0.05985,0.0296,-0.0820,-0.11438
499.0000,0.0230,-0.0885,1.4836,-0.05986,0.0311,-0.0813,-0.11436
499.1000,0.0227,-0.0888,1.4836,-0.05985,0.0319,-0.0812,-0.11435
499.2000,0.0222,-0.0892,1.4835,-0.05984,0.0316,-0.0810,-0.11433
499.3000,0.0217,-0.0895,1.4831,-0.05983,0.0307,-0.0806,-0.11429
499.4000,0.0210,-0.0899,1.4827,-0.05983,0.0294,-0.0808,-0.11429
499.5000,0.0201,-0.0902,1.4821,-0.05983,0.0282,-0.0817,-0.11426
499.6000,0.0193,-0.0906,1.4815,-0.05985,0.0276,-0.0828,-0.11421
499.7000,0.0186,-0.0909,1.4808,-0.05985,0.0274,-0.0840,-0.11416
499.8000,0.0178,-0.0911,1.4799,-0.05984,0.0271,-0.0856,-0.11412
499.9000,0.0170,-0.0913,1.4788,-0.05985,0.0265,-0.0881,-0.11408
500.0000,0.0160,-0.0913,1.4773,-0.05985,0.0254,-0.0907,-0.11405
500.1000,0.0149,-0.0913,1.4757,-0.05986,0.0237,-0.0931,-0.11404
500.2000,0.0139,-0.0910,1.4741,-0.05985,0.0222,-0.0947,-0.11402
500.3000,0.0127,-0.0905,1.4723,-0.05984,0.0211,-0.0961,-0.11397
500.4000,0.0118,-0.0900,1.4709,-0.05983,0.0207,-0.0966,-0.11397
500.5000,0.0106,-0.0892,1.4694,-0.05982,0.0209,-0.0968,-0.11397
500.6000,0.0096,-0.0884,1.4681,-0.05981,0.0215,-0.0974,-0.11399
500.7000,0.0085,-0.0875,1.4669,-0.05981,0.0219,-0.0981,-0.11399
500.8000,0.0075,-0.0864,1.4660,-0.05980,0.0218,-0.0988,-0.11396
500.9000,0.0061,-0.0852,1.4652,-0.05979,0.0216,-0.0998,-0.11393
501.0000,0.0048,-0.0841,1.4648,-0.05976,0.0214,-0.1010,-0.11388
501.1000,0.0037,-0.0830,1.4647,-0.05973,0.0211,-0.1018,-0.11386
501.2000,0.0024,-0.0819,1.4646,-0.05971,0.0205,-0.1026,-0.11377
501.3000,0.0009,-0.0805,1.4648,-0.05969,0.0198,-0.1031,-0.11372
501.4000,-0.0005,-0.0792,1.4651,-0.05967,0.0183,-0.1032,-0.11369
501.5000,-0.0019,-0.0777,1.4656,-0.05966,0.0164,-0.1028,-0.11366
501.6000,-0.0032,-0.0763,1.4661,-0.05965,0.0140,-0.1021,-0.11361
501.7000,-0.0048,-0.0747,1.4669,-0.05964,0.0113,-0.1007,-0.11351
501.8000,-0.0062,-0.0731,1.4678,-0.05963,0.0080,-0.0987,-0.11344
501.9000,-0.0074,-0.0716,1.4687,-0.05964,0.0046,-0.0965,-0.11336
502.0000,-0.0085,-0.0701,1.4695,-0.05965,0.0012,-0.0937,-0.11328
502.1000,-0.0095,-0.0687,1.4704,-0.05965,-0.0013,-0.0911,-0.11323
502.2000,-0.0105,-0.0675,1.4712,-0.05967,-0.0035,-0.0887,-0.11327
502.3000,-0.0114,-0.0661,1.4721,-0.05969,-0.0052,-0.0871,-0.11330
502.4000,-0.0120,-0.0650,1.4725,-0.05967,-0.0071,-0.0866,-0.11333
502.5000,-0.0126,-0.0641,1.4727,-0.05967,-0.0093,-0.0871,-0.11338
502.6000,-0.0131,-0.0632,1.4725,-0.05968,-0.0122,-0.0879,-0.11345
502.7000,-0.0136,-0.0623,1.4720,-0.05968,-0.0149,-0.0887,-0.11349
502.8000,-0.0139,-0.0615,1.4712,-0.05968,-0.0173,-0.0893,-0.11350
502.9000,-0.0140,-0.0607,1.4701,-0.05968,-0.0189,-0.0895,-0.11352
503.0000,-0.0140,-0.0598,1.4688,-0.05967,-0.0197,-0.0894,-0.11345
503.1000,-0.0139,-0.0589,1.4674,-0.05966,-0.0198,-0.0890,-0.11340
503.2000,-0.0137,-0.0580,1.4657,-0.05965,-0.0192,-0.0883,-0.11335
503.3000,-0.0134,-0.0570,1.4639,-0.05965,-0.0181,-0.0873,-0.11328
503.4000,-0.0131,-0.0561,1.4620,-0.05966,-0.0165,-0.0858,-0.11322
503.5000,-0.0127,-0.0551,1.4600,-0.05966,-0.0147,-0.0844,-0.11318
503.6000,-0.0123,-0.0541,1.4577,-0.05965,-0.0133,-0.0833,-0.11311
503.7000,-0.0122,-0.0532,1.4557,-0.05964,-0.0121,-0.0828,-0.11311
503.8000,-0.0121,-0.0525,1.4537,-0.05964,-0.0107,-0.0829,-0.11312
503.9000,-0.0121,-0.0519,1.4518,-0.05965,-0.0099,-0.0831,-0.11313
504.0000,-0.0123,-0.0514,1.4501,-0.05966,-0.0089,-0.0827,-0.11315
504.1000,-0.0124,-0.0509,1.4484,-0.05966,-0.0076,-0.0820,-0.11310
504.2000,-0.0127,-0.0503,1.4467,-0.05964,-0.0066,-0.0816,-0.11308
504.3000,-0.0131,-0.0498,1.4455,-0.05964,-0.0060,-0.0810,-0.11307
504.4000,-0.0135,-0.0494,1.4445,-0.05965,-0.0057,-0.0807,-0.11303
504.5000,-0.0142,-0.0490,1.4436,-0.05966,-0.0063,-0.0807,-0.11304
504.6000,-0.0150,-0.0486,1.4430,-0.05966,-0.0073,-0.0805,-0.11306
504.7000,-0.0159,-0.0483,1.4426,-0.05966,-0.0081,-0.0800,-0.11308
504.8000,-0.0169,-0.0479,1.4424,-0.05965,-0.0088,-0.0793,-0.11309
504.9000,-0.0179,-0.0475,1.4423,-0.05964,-0.0102,-0.0785,-0.11306
505.0000,-0.0189,-0.0471,1.4422,-0.05962,-0.0122,-0.0778,-0.11302
505.1000,-0.0200,-0.0468,1.4422,-0.05962,-0.0141,-0.0771,-0.11300
505.2000,-0.0213,-0.0465,1.4422,-0.05962,-0.0158,-0.0766,-0.11300
505.3000,-0.0223,-0.0462,1.4422,-0.05962,-0.0174,-0.0762,-0.11302
505.4000,-0.0234,-0.0460,1.4422,-0.05963,-0.0187,-0.0757,-0.11301
505.5000,-0.0245,-0.0457,1.4422,-0.05965,-0.0200,-0.0749,-0.11299
505.6000,-0.0256,-0.0454,1.4422,-0.05967,-0.0212,-0.0740,-0.11300
505.7000,-0.0265,-0.0452,1.4423,-0.05968,-0.0227,-0.0723,-0.11303
505.8000,-0.0276,-0.0449,1.4424,-0.05970,-0.0244,-0.0706,-0.11307
505.9000,-0.0288,-0.0447,1.4424,-0.05971,-0.0264,-0.0690,-0.11308
506.0000,-0.0300,-0.0445,1.4423,-0.05972,-0.0283,-0.0679,-0.11308
506.1000,-0.0313,-0.0444,1.4423,-0.05972,-0.0301,-0.0669,-0.11313
506.2000,-0.0326,-0.0444,1.4423,-0.05973,-0.0319,-0.0658,-0.11311
506.3000,-0.0338,-0.0445,1.4423,-0.05973,-0.0340,-0.0651,-0.11308
506.4000,-0.0350,-0.0446,1.4423,-0.05974,-0.0367,-0.0646,-0.11308
506.5000,-0.0363,-0.0449,1.4423,-0.05978,-0.0393,-0.0643,-0.11311
506.6000,-0.0374,-0.0453,1.4424,-0.05983,-0.0415,-0.0638,-0.11316
506.7000,-0.0383,-0.0457,1.4425,-0.05989,-0.0440,-0.0637,-0.11324
506.8000,-0.0391,-0.0462,1.4427,-0.05993,-0.0455,-0.0641,-0.11331
506.9000,-0.0397,-0.0467,1.4428,-0.05997,-0.0460,-0.0646,-0.11337
507.0000,-0.0403,-0.0473,1.4429,-0.05999,-0.0461,-0.0649,-0.11341
507.1000,-0.0409,-0.0481,1.4429,-0.06003,-0.0467,-0.0651,-0.11348
507.2000,-0.0414,-0.0488,1.4429,-0.06005,-0.0470,-0.0646,-0.11353
507.3000,-0.0418,-0.0496,1.4427,-0.06007,-0.0471,-0.0638,-0.11354
507.4000,-0.0422,-0.0503,1.4425,-0.06008,-0.0475,-0.0627,-0.11357
507.5000,-0.0426,-0.0510,1.4423,-0.06009,-0.0483,-0.0621,-0.11359
507.6000,-0.0430,-0.0519,1.4420,-0.06010,-0.0493,-0.0620,-0.11364
507.7000,-0.0434,-0.0527,1.4416,-0.06010,-0.0504,-0.0624,-0.11367
507.8000,-0.0438,-0.0536,1.4411,-0.06011,-0.0520,-0.0631,-0.11371
507.9000,-0.0442,-0.0546,1.4406,-0.06012,-0.0550,-0.0633,-0.11373
508.0000,-0.0447,-0.0555,1.4401,-0.06012,-0.0584,-0.0633,-0.11368
508.1000,-0.0451,-0.0564,1.4396,-0.06014,-0.0625,-0.0631,-0.11368
508.2000,-0.0455,-0.0574,1.4392,-0.06015,-0.0665,-0.0624,-0.11366
508.3000,-0.0456,-0.0586,1.4386,-0.06017,-0.0702,-0.0611,-0.11365
508.4000,-0.0454,-0.0596,1.4381,-0.06019,-0.0727,-0.0599,-0.11367
508.5000,-0.0450,-0.0607,1.4375,-0.06020,-0.0747,-0.0585,-0.11368
508.6000,-0.0443,-0.0618,1.4369,-0.06022,-0.0766,-0.0574,-0.11370
508.7000,-0.0434,-0.0629,1.4362,-0.06025,-0.0786,-0.0564,-0.11378
508.8000,-0.0423,-0.0642,1.4355,-0.06027,-0.0802,-0.0552,-0.11382
508.9000,-0.0409,-0.0657,1.4348,-0.06029,-0.0813,-0.0540,-0.11383
509.0000,-0.0394,-0.0670,1.4341,-0.06031,-0.0811,-0.0535,-0.11388
509.1000,-0.0376,-0.0685,1.4336,-0.06033,-0.0799,-0.0543,-0.11397
509.2000,-0.0356,-0.0699,1.4334,-0.06036,-0.0779,-0.0564,-0.11412
509.3000,-0.0335,-0.0715,1.4334,-0.06039,-0.0751,-0.0601,-0.11433
509.4000,-0.0307,-0.0735,1.4340,-0.06041,-0.0721,-0.0645,-0.11453
509.5000,-0.0286,-0.0750,1.4349,-0.06044,-0.0685,-0.0696,-0.11477
509.6000,-0.0262,-0.0766,1.4361,-0.06045,-0.0647,-0.0744,-0.11494
509.7000,-0.0239,-0.0782,1.4377,-0.06045,-0.0610,-0.0787,-0.11503
509.8000,-0.0212,-0.0797,1.4398,-0.06042,-0.0568,-0.0827,-0.11510
509.9000,-0.0191,-0.0808,1.4417,-0.06038,-0.0533,-0.0852,-0.11506
510.0000,-0.0171,-0.0817,1.4437,-0.06033,-0.0502,-0.0873,-0.11494
510.1000,-0.0151,-0.0825,1.4456,-0.06029,-0.0479,-0.0890,-0.11484
510.2000,-0.0133,-0.0831,1.4473,-0.06025,-0.0455,-0.0906,-0.11473
510.3000,-0.0117,-0.0836,1.4486,-0.06023,-0.0425,-0.0922,-0.11471
510.4000,-0.0099,-0.0841,1.4499,-0.06020,-0.0397,-0.0936,-0.11469
510.5000,-0.0083,-0.0845,1.4507,-0.06018,-0.0365,-0.0958,-0.11471
510.6000,-0.0069,-0.0849,1.4512,-0.06018,-0.0334,-0.0982,-0.11472
510.7000,-0.0056,-0.0852,1.4515,-0.06017,-0.0299,-0.1007,-0.11480
510.8000,-0.0044,-0.0855,1.4515,-0.06017,-0.0276,-0.1027,-0.11478
510.9000,-0.0034,-0.0856,1.4513,-0.06016,-0.0253,-0.1049,-0.11473
511.0000,-0.0024,-0.0857,1.4509,-0.06017,-0.0233,-0.1068,-0.11472
511.1000,-0.0015,-0.0856,1.4503,-0.06018,-0.0215,-0.1089,-0.11464
511.2000,-0.0007,-0.0854,1.4495,-0.06018,-0.0196,-0.1108,-0.11457
511.3000,0.0001,-0.0851,1.4487,-0.06019,-0.0178,-0.1127,-0.11451
511.4000,0.0007,-0.0847,1.4479,-0.06018,-0.0164,-0.1145,-0.11440
511.5000,0.0013,-0.0842,1.4470,-0.06018,-0.0150,-0.1160,-0.11427
511.6000,0.0018,-0.0834,1.4462,-0.06017,-0.0140,-0.1170,-0.11419
511.7000,0.0022,-0.0826,1.4454,-0.06017,-0.0131,-0.1174,-0.11414
511.8000,0.0025,-0.0814,1.4444,-0.06017,-0.0125,-0.1169,-0.11412
511.9000,0.0026,-0.0804,1.4436,-0.06016,-0.0120,-0.1155,-0.11416
512.0000,0.0028,-0.0790,1.4427,-0.06015,-0.0116,-0.1135,-0.11423
512.1000,0.0029,-0.0778,1.4421,-0.06014,-0.0118,-0.1110,-0.11423
512.2000,0.0029,-0.0763,1.4415,-0.06013,-0.0122,-0.1084,-0.11425
512.3000,0.0031,-0.0751,1.4410,-0.06013,-0.0124,-0.1051,-0.11428
512.4000,0.0032,-0.0738,1.4407,-0.06013,-0.0124,-0.1015,-0.11432
512.5000,0.0034,-0.0726,1.4405,-0.06014,-0.0121,-0.0977,-0.11442
512.6000,0.0037,-0.0714,1.4403,-0.06015,-0.0117,-0.0946,-0.11449
512.7000,0.0040,-0.0704,1.4404,-0.06017,-0.0110,-0.0916,-0.11455
512.8000,0.0043,-0.0697,1.4405,-0.06018,-0.0096,-0.0893,-0.11460
512.9000,0.0046,-0.0690,1.4408,-0.06020,-0.0082,-0.0879,-0.11466
513.0000,0.0049,-0.0685,1.4412,-0.06022,-0.0066,-0.0872,-0.11468
513.1000,0.0051,-0.0682,1.4419,-0.06025,-0.0052,-0.0871,-0.11472
513.2000,0.0052,-0.0680,1.4427,-0.06027,-0.0040,-0.0871,-0.11474
513.3000,0.0053,-0.0678,1.4436,-0.06030,-0.0030,-0.0869,-0.11478
513.4000,0.0053,-0.0677,1.4446,-0.06030,-0.0025,-0.0866,-0.11481
513.5000,0.0053,-0.0677,1.4457,-0.06029,-0.0027,-0.0863,-0.11482
513.6000,0.0053,-0.0677,1.4468,-0.06028,-0.0035,-0.0859,-0.11482
513.7000,0.0052,-0.0677,1.4480,-0.06029,-0.0042,-0.0848,-0.11485
513.8000,0.0052,-0.0677,1.4492,-0.06031,-0.0045,-0.0830,-0.11491
513.9000,0.0053,-0.0677,1.4504,-0.06032,-0.0049,-0.0809,-0.11494
514.0000,0.0054,-0.0678,1.4518,-0.06033,-0.0050,-0.0793,-0.11499
514.1000,0.0056,-0.0679,1.4530,-0.06036,-0.0045,-0.0780,-0.11502
514.2000,0.0058,-0.0681,1.4543,-0.06038,-0.0041,-0.0772,-0.11504
514.3000,0.0061,-0.0685,1.4558,-0.06042,-0.0036,-0.0769,-0.11510
514.4000,0.0062,-0.0689,1.4570,-0.06045,-0.0031,-0.0765,-0.11513
514.5000,0.0063,-0.0694,1.4581,-0.06048,-0.0025,-0.0766,-0.11513
514.6000,0.0064,-0.0700,1.4590,-0.06050,-0.0018,-0.0771,-0.11513
514.7000,0.0066,-0.0706,1.4598,-0.06051,-0.0004,-0.0778,-0.11513
514.8000,0.0069,-0.0713,1.4605,-0.06052,0.0013,-0.0785,-0.11511
514.9000,0.0071,-0.0719,1.4612,-0.06053,0.0033,-0.0794,-0.11510
515.0000,0.0072,-0.0726,1.4617,-0.06053,0.0047,-0.0800,-0.11508
515.1000,0.0073,-0.0732,1.4622,-0.06054,0.0054,-0.0811,-0.11512
515.2000,0.0072,-0.0737,1.4626,-0.06054,0.0055,-0.0825,-0.11515
515.3000,0.0070,-0.0743,1.4629,-0.06054,0.0050,-0.0840,-0.11519
515.4000,0.0067,-0.0748,1.4630,-0.06055,0.0043,-0.0851,-0.11521
515.5000,0.0065,-0.0752,1.4629,-0.06055,0.0032,-0.0862,-0.11525
515.6000,0.0062,-0.0755,1.4625,-0.06054,0.0020,-0.0876,-0.11522
515.7000,0.0059,-0.0758,1.4619,-0.06054,0.0005,-0.0892,-0.11520
515.8000,0.0057,-0.0759,1.4612,-0.06053,-0.0009,-0.0903,-0.11519
515.9000,0.0055,-0.0760,1.4603,-0.06053,-0.0020,-0.0911,-0.11520
516.0000,0.0054,-0.0761,1.4593,-0.06053,-0.0028,-0.0918,-0.11520
516.1000,0.0055,-0.0760,1.4583,-0.06053,-0.0034,-0.0918,-0.11520
516.2000,0.0056,-0.0759,1.4572,-0.06053,-0.0039,-0.0910,-0.11520
516.3000,0.0057,-0.0758,1.4562,-0.06052,-0.0040,-0.0896,-0.11522
516.4000,0.0059,-0.0756,1.4554,-0.06052,-0.0038,-0.0881,-0.11520
516.5000,0.0062,-0.0756,1.4547,-0.06053,-0.0030,-0.0865,-0.11523
516.6000,0.0066,-0.0756,1.4542,-0.06054,-0.0019,-0.0848,-0.11526
516.7000,0.0070,-0.0758,1.4536,-0.06054,-0.0005,-0.0825,-0.11527
516.8000,0.0075,-0.0760,1.4532,-0.06055,0.0010,-0.0803,-0.11531
516.9000,0.0078,-0.0764,1.4530,-0.06055,0.0023,-0.0780,-0.11532
517.0000,0.0081,-0.0769,1.4528,-0.06055,0.0035,-0.0759,-0.11537
517.1000,0.0083,-0.0776,1.4526,-0.06055,0.0041,-0.0747,-0.11537
517.2000,0.0085,-0.0786,1.4524,-0.06055,0.0041,-0.0746,-0.11541
517.3000,0.0085,-0.0795,1.4522,-0.06056,0.0040,-0.0751,-0.11546
517.4000,0.0084,-0.0809,1.4518,-0.06056,0.0040,-0.0762,-0.11549
517.5000,0.0082,-0.0821,1.4516,-0.06055,0.0038,-0.0779,-0.11551
517.6000,0.0079,-0.0832,1.4514,-0.06056,0.0036,-0.0798,-0.11549
517.7000,0.0076,-0.0844,1.4512,-0.06056,0.0036,-0.0818,-0.11549
517.8000,0.0073,-0.0855,1.4511,-0.06056,0.0041,-0.0839,-0.11548
517.9000,0.0071,-0.0866,1.4513,-0.06055,0.0048,-0.0850,-0.11546
518.0000,0.0068,-0.0876,1.4516,-0.06054,0.0055,-0.0852,-0.11543
518.1000,0.0064,-0.0884,1.4522,-0.06052,0.0061,-0.0845,-0.11540
518.2000,0.0060,-0.0889,1.4528,-0.06050,0.0069,-0.0835,-0.11537
518.3000,0.0052,-0.0895,1.4539,-0.06046,0.0074,-0.0828,-0.11534
518.4000,0.0046,-0.0899,1.4549,-0.06045,0.0074,-0.0826,-0.11530
518.5000,0.0039,-0.0903,1.4559,-0.06044,0.0067,-0.0823,-0.11525
518.6000,0.0032,-0.0907,1.4569,-0.06045,0.0056,-0.0814,-0.11518
518.7000,0.0022,-0.0912,1.4581,-0.06049,0.0042,-0.0799,-0.11520
518.8000,0.0014,-0.0914,1.4589,-0.06050,0.0028,-0.0779,-0.11521
518.9000,0.0004,-0.0918,1.4599,-0.06053,0.0021,-0.0759,-0.11523
519.0000,-0.0004,-0.0922,1.4607,-0.06055,0.0020,-0.0740,-0.11526
519.1000,-0.0014,-0.0928,1.4616,-0.06059,0.0023,-0.0726,-0.11533
519.2000,-0.0022,-0.0934,1.4623,-0.06062,0.0030,-0.0715,-0.11539
519.3000,-0.0030,-0.0941,1.4630,-0.06067,0.0037,-0.0711,-0.11544
519.4000,-0.0038,-0.0948,1.4636,-0.06072,0.0040,-0.0710,-0.11553
519.5000,-0.0046,-0.0957,1.4641,-0.06076,0.0042,-0.0712,-0.11555
519.6000,-0.0055,-0.0966,1.4645,-0.06080,0.0041,-0.0717,-0.11557
519.7000,-0.0064,-0.0976,1.4648,-0.06083,0.0040,-0.0726,-0.11561
519.8000,-0.0073,-0.0986,1.4648,-0.06086,0.0039,-0.0736,-0.11561
519.9000,-0.0084,-0.0997,1.4647,-0.06090,0.0037,-0.0747,-0.11566
520.0000,-0.0093,-0.1007,1.4644,-0.06091,0.0037,-0.0760,-0.11568
520.1000,-0.0103,-0.1019,1.4640,-0.06093,0.0031,-0.0772,-0.11566
520.2000,-0.0111,-0.1028,1.4637,-0.06094,0.0020,-0.0788,-0.11566
520.3000,-0.0120,-0.1038,1.4633,-0.06095,0.0011,-0.0805,-0.11566
520.4000,-0.0129,-0.1047,1.4629,-0.06095,0.0000,-0.0823,-0.11565
520.5000,-0.0141,-0.1058,1.4623,-0.06098,-0.0012,-0.0841,-0.11567
520.6000,-0.0150,-0.1067,1.4617,-0.06099,-0.0028,-0.0861,-0.11568
520.7000,-0.0161,-0.1078,1.4609,-0.06101,-0.0049,-0.0879,-0.11568
520.8000,-0.0168,-0.1085,1.4601,-0.06102,-0.0072,-0.0896,-0.11571
520.9000,-0.0175,-0.1094,1.4591,-0.06103,-0.0099,-0.0917,-0.11569
521.0000,-0.0182,-0.1102,1.4581,-0.06105,-0.0128,-0.0945,-0.11571
521.1000,-0.0188,-0.1109,1.4571,-0.06106,-0.0157,-0.0981,-0.11575
521.2000,-0.0193,-0.1117,1.4561,-0.06109,-0.0179,-0.1022,-0.11582
521.3000,-0.0195,-0.1121,1.4553,-0.06111,-0.0191,-0.1063,-0.11588
521.4000,-0.0196,-0.1124,1.4545,-0.06110,-0.0196,-0.1106,-0.11592
521.5000,-0.0196,-0.1125,1.4536,-0.06106,-0.0193,-0.1144,-0.11590
521.6000,-0.0193,-0.1123,1.4529,-0.06104,-0.0183,-0.1176,-0.11589
521.7000,-0.0190,-0.1120,1.4523,-0.06102,-0.0172,-0.1196,-0.11589
521.8000,-0.0186,-0.1114,1.4520,-0.06100,-0.0155,-0.1210,-0.11585
521.9000,-0.0183,-0.1107,1.4517,-0.06096,-0.0139,-0.1215,-0.11585
522.0000,-0.0180,-0.1099,1.4515,-0.06092,-0.0126,-0.1208,-0.11576
522.1000,-0.0177,-0.1089,1.4512,-0.06089,-0.0113,-0.1196,-0.11571
522.2000,-0.0174,-0.1075,1.4508,-0.06088,-0.0096,-0.1176,-0.11572
522.3000,-0.0173,-0.1063,1.4505,-0.06088,-0.0080,-0.1150,-0.11573
522.4000,-0.0173,-0.1051,1.4501,-0.06090,-0.0069,-0.1116,-0.11573
522.5000,-0.0175,-0.1039,1.4497,-0.06092,-0.0065,-0.1086,-0.11574
522.6000,-0.0178,-0.1026,1.4491,-0.06094,-0.0063,-0.1059,-0.11574
522.7000,-0.0181,-0.1015,1.4486,-0.06096,-0.0070,-0.1038,-0.11570
522.8000,-0.0186,-0.1004,1.4480,-0.06097,-0.0086,-0.1021,-0.11563
522.9000,-0.0192,-0.0994,1.4475,-0.06098,-0.0115,-0.1000,-0.11555
523.0000,-0.0200,-0.0983,1.4468,-0.06098,-0.0145,-0.0981,-0.11545
523.1000,-0.0206,-0.0973,1.4464,-0.06096,-0.0175,-0.0963,-0.11538
523.2000,-0.0211,-0.0964,1.4461,-0.06093,-0.0206,-0.0947,-0.11529
523.3000,-0.0214,-0.0956,1.4458,-0.06091,-0.0234,-0.0930,-0.11525
523.4000,-0.0215,-0.0948,1.4456,-0.06089,-0.0252,-0.0913,-0.11522
523.5000,-0.0214,-0.0941,1.4455,-0.06089,-0.0262,-0.0895,-0.11521
523.6000,-0.0211,-0.0934,1.4455,-0.06089,-0.0267,-0.0875,-0.11529
523.7000,-0.0207,-0.0927,1.4455,-0.06089,-0.0268,-0.0865,-0.11532
523.8000,-0.0201,-0.0921,1.4455,-0.06088,-0.0261,-0.0863,-0.11539
523.9000,-0.0193,-0.0915,1.4455,-0.06089,-0.0251,-0.0866,-0.11544
524.0000,-0.0186,-0.0911,1.4454,-0.06089,-0.0240,-0.0873,-0.11548
524.1000,-0.0179,-0.0906,1.4453,-0.06089,-0.0235,-0.0881,-0.11551
524.2000,-0.0172,-0.0901,1.4450,-0.06089,-0.0233,-0.0888,-0.11556
524.3000,-0.0164,-0.0895,1.4447,-0.06088,-0.0231,-0.0895,-0.11558
524.4000,-0.0157,-0.0890,1.4443,-0.06086,-0.0234,-0.0908,-0.11560
524.5000,-0.0150,-0.0884,1.4438,-0.06086,-0.0239,-0.0925,-0.11560
524.6000,-0.0142,-0.0878,1.4431,-0.06088,-0.0242,-0.0940,-0.11563
524.7000,-0.0132,-0.0871,1.4422,-0.06089,-0.0240,-0.0951,-0.11566
524.8000,-0.0122,-0.0863,1.4413,-0.06090,-0.0231,-0.0959,-0.11566
524.9000,-0.0112,-0.0855,1.4404,-0.06091,-0.0219,-0.0965,-0.11564
525.0000,-0.0103,-0.0846,1.4396,-0.06092,-0.0206,-0.0970,-0.11564
525.1000,-0.0093,-0.0835,1.4387,-0.06093,-0.0189,-0.0973,-0.11565
525.2000,-0.0083,-0.0822,1.4381,-0.06092,-0.0171,-0.0973,-0.11564
525.3000,-0.0072,-0.0808,1.4375,-0.06091,-0.0152,-0.0966,-0.11563
525.4000,-0.0064,-0.0796,1.4373,-0.06089,-0.0133,-0.0952,-0.11559
525.5000,-0.0055,-0.0782,1.4371,-0.06086,-0.0117,-0.0932,-0.11556
525.6000,-0.0046,-0.0765,1.4372,-0.06081,-0.0108,-0.0907,-0.11551
525.7000,-0.0039,-0.0751,1.4374,-0.06079,-0.0108,-0.0877,-0.11545
525.8000,-0.0033,-0.0737,1.4379,-0.06079,-0.0112,-0.0848,-0.11545
525.9000,-0.0028,-0.0724,1.4385,-0.06079,-0.0119,-0.0819,-0.11545
526.0000,-0.0023,-0.0713,1.4393,-0.06079,-0.0129,-0.0796,-0.11545
526.1000,-0.0017,-0.0704,1.4401,-0.06079,-0.0143,-0.0780,-0.11544
526.2000,-0.0010,-0.0696,1.4408,-0.06078,-0.0154,-0.0772,-0.11541
526.3000,-0.0001,-0.0689,1.4416,-0.06077,-0.0162,-0.0773,-0.11542
526.4000,0.0008,-0.0684,1.4423,-0.06078,-0.0162,-0.0780,-0.11541
526.5000,0.0019,-0.0681,1.4430,-0.06080,-0.0157,-0.0794,-0.11542
526.6000,0.0031,-0.0677,1.4434,-0.06083,-0.0151,-0.0812,-0.11543
526.7000,0.0044,-0.0674,1.4437,-0.06087,-0.0149,-0.0828,-0.11546
526.8000,0.0057,-0.0670,1.4439,-0.06088,-0.0147,-0.0834,-0.11548
526.9000,0.0070,-0.0665,1.4441,-0.06087,-0.0150,-0.0832,-0.11552
527.0000,0.0083,-0.0660,1.4443,-0.06086,-0.0153,-0.0824,-0.11553
527.1000,0.0098,-0.0654,1.4446,-0.06085,-0.0156,-0.0806,-0.11557
527.2000,0.0111,-0.0647,1.4451,-0.06083,-0.0160,-0.0783,-0.11557
527.3000,0.0125,-0.0641,1.4456,-0.06081,-0.0166,-0.0755,-0.11558
527.4000,0.0140,-0.0634,1.4462,-0.06081,-0.0172,-0.0727,-0.11559
527.5000,0.0155,-0.0629,1.4468,-0.06081,-0.0183,-0.0700,-0.11559
527.6000,0.0169,-0.0624,1.4473,-0.06081,-0.0193,-0.0679,-0.11560
527.7000,0.0188,-0.0619,1.4479,-0.06083,-0.0197,-0.0660,-0.11558
527.8000,0.0205,-0.0616,1.4482,-0.06084,-0.0191,-0.0644,-0.11560
527.9000,0.0223,-0.0613,1.4484,-0.06087,-0.0178,-0.0635,-0.11562
528.0000,0.0241,-0.0612,1.4483,-0.06090,-0.0159,-0.0635,-0.11567
528.1000,0.0261,-0.0612,1.4481,-0.06094,-0.0134,-0.0643,-0.11570
528.2000,0.0281,-0.0613,1.4476,-0.06097,-0.0106,-0.0661,-0.11573
528.3000,0.0302,-0.0614,1.4470,-0.06100,-0.0068,-0.0690,-0.11578
528.4000,0.0323,-0.0614,1.4461,-0.06103,-0.0029,-0.0717,-0.11579
528.5000,0.0343,-0.0614,1.4450,-0.06105,0.0012,-0.0737,-0.11582
528.6000,0.0361,-0.0612,1.4436,-0.06106,0.0048,-0.0750,-0.11583
528.7000,0.0377,-0.0609,1.4421,-0.06106,0.0080,-0.0762,-0.11579
528.8000,0.0394,-0.0604,1.4401,-0.06106,0.0105,-0.0772,-0.11577
528.9000,0.0408,-0.0598,1.4383,-0.06106,0.0127,-0.0775,-0.11574
529.0000,0.0420,-0.0591,1.4365,-0.06106,0.0146,-0.0763,-0.11575
529.1000,0.0431,-0.0584,1.4347,-0.06105,0.0164,-0.0743,-0.11579
529.2000,0.0441,-0.0576,1.4331,-0.06104,0.0177,-0.0719,-0.11578
529.3000,0.0450,-0.0568,1.4316,-0.06103,0.0185,-0.0696,-0.11580
529.4000,0.0459,-0.0560,1.4301,-0.06103,0.0187,-0.0672,-0.11578
529.5000,0.0467,-0.0552,1.4286,-0.06102,0.0179,-0.0654,-0.11573
529.6000,0.0474,-0.0547,1.4273,-0.06102,0.0168,-0.0638,-0.11567
529.7000,0.0482,-0.0540,1.4258,-0.06103,0.0160,-0.0623,-0.11566
529.8000,0.0488,-0.0536,1.4245,-0.06103,0.0163,-0.0609,-0.11569
529.9000,0.0496,-0.0532,1.4231,-0.06103,0.0178,-0.0594,-0.11573
530.0000,0.0504,-0.0529,1.4216,-0.06103,0.0191,-0.0581,-0.11578
530.1000,0.0512,-0.0526,1.4203,-0.06104,0.0201,-0.0577,-0.11580
530.2000,0.0519,-0.0525,1.4192,-0.06105,0.0215,-0.0580,-0.11580
530.3000,0.0526,-0.0524,1.4181,-0.06107,0.0234,-0.0585,-0.11581
530.4000,0.0533,-0.0523,1.4170,-0.06108,0.0256,-0.0589,-0.11579
530.5000,0.0540,-0.0522,1.4161,-0.06108,0.0279,-0.0592,-0.11580
530.6000,0.0546,-0.0521,1.4152,-0.06108,0.0300,-0.0594,-0.11579
530.7000,0.0553,-0.0520,1.4144,-0.06107,0.0324,-0.0591,-0.11578
530.8000,0.0558,-0.0518,1.4138,-0.06106,0.0347,-0.0586,-0.11579
530.9000,0.0562,-0.0516,1.4134,-0.06106,0.0367,-0.0584,-0.11579
531.0000,0.0564,-0.0513,1.4131,-0.06104,0.0384,-0.0582,-0.11576
531.1000,0.0565,-0.0511,1.4132,-0.06102,0.0392,-0.0576,-0.11578
531.2000,0.0564,-0.0508,1.4136,-0.06101,0.0390,-0.0570,-0.11578
531.3000,0.0563,-0.0504,1.4147,-0.06100,0.0384,-0.0564,-0.11575
531.4000,0.0561,-0.0502,1.4159,-0.06099,0.0381,-0.0559,-0.11574
531.5000,0.0560,-0.0500,1.4175,-0.06099,0.0386,-0.0556,-0.11577
531.6000,0.0558,-0.0498,1.4192,-0.06099,0.0391,-0.0559,-0.11579
531.7000,0.0557,-0.0498,1.4213,-0.06101,0.0396,-0.0572,-0.11579
531.8000,0.0556,-0.0498,1.4231,-0.06104,0.0395,-0.0592,-0.11583
531.9000,0.0554,-0.0500,1.4252,-0.06107,0.0387,-0.0620,-0.11582
532.0000,0.0551,-0.0501,1.4275,-0.06111,0.0382,-0.0650,-0.11581
532.1000,0.0549,-0.0503,1.4296,-0.06114,0.0384,-0.0683,-0.11580
532.2000,0.0547,-0.0504,1.4316,-0.06115,0.0395,-0.0707,-0.11580
532.3000,0.0545,-0.0504,1.4335,-0.06116,0.0411,-0.0723,-0.11586
532.4000,0.0542,-0.0503,1.4354,-0.06114,0.0426,-0.0728,-0.11583
532.5000,0.0539,-0.0501,1.4372,-0.06112,0.0440,-0.0729,-0.11583
532.6000,0.0535,-0.0498,1.4389,-0.06110,0.0456,-0.0735,-0.11585
532.7000,0.0531,-0.0496,1.4404,-0.06110,0.0472,-0.0746,-0.11583
532.8000,0.0526,-0.0493,1.4420,-0.06110,0.0488,-0.0758,-0.11584
532.9000,0.0520,-0.0489,1.4434,-0.06109,0.0500,-0.0768,-0.11584
533.0000,0.0513,-0.0485,1.4447,-0.06109,0.0516,-0.0780,-0.11582
533.1000,0.0505,-0.0481,1.4460,-0.06109,0.0526,-0.0792,-0.11579
533.2000,0.0495,-0.0476,1.4472,-0.06109,0.0529,-0.0799,-0.11579
533.3000,0.0483,-0.0470,1.4484,-0.06108,0.0517,-0.0798,-0.11576
533.4000,0.0470,-0.0463,1.4495,-0.06105,0.0506,-0.0792,-0.11568
533.5000,0.0456,-0.0455,1.4505,-0.06104,0.0490,-0.0777,-0.11560
533.6000,0.0442,-0.0447,1.4514,-0.06104,0.0472,-0.0756,-0.11556
533.7000,0.0427,-0.0436,1.4523,-0.06104,0.0446,-0.0730,-0.11547
533.8000,0.0414,-0.0428,1.4531,-0.06104,0.0419,-0.0703,-0.11543
533.9000,0.0400,-0.0418,1.4540,-0.06104,0.0387,-0.0676,-0.11538
534.0000,0.0388,-0.0411,1.4550,-0.06104,0.0356,-0.0655,-0.11532
534.1000,0.0374,-0.0402,1.4562,-0.06106,0.0327,-0.0632,-0.11529
534.2000,0.0364,-0.0395,1.4572,-0.06107,0.0306,-0.0614,-0.11527
534.3000,0.0355,-0.0390,1.4582,-0.06110,0.0289,-0.0600,-0.11530
534.4000,0.0347,-0.0386,1.4591,-0.06114,0.0279,-0.0592,-0.11536
534.5040,0.0340,-0.0382,1.4600,-0.06116,0.0276,-0.0589,-0.11541
534.6000,0.0336,-0.0378,1.4607,-0.06117,0.0275,-0.0586,-0.11547
534.7000,0.0332,-0.0374,1.4612,-0.06118,0.0267,-0.0581,-0.11550
534.8000,0.0329,-0.0371,1.4618,-0.06119,0.0255,-0.0577,-0.11551
534.9000,0.0325,-0.0366,1.4624,-0.06120,0.0239,-0.0579,-0.11554
535.0000,0.0322,-0.0362,1.4630,-0.06121,0.0226,-0.0583,-0.11556
535.1000,0.0320,-0.0358,1.4635,-0.06121,0.0216,-0.0585,-0.11558
535.2000,0.0319,-0.0352,1.4642,-0.06122,0.0208,-0.0583,-0.11560
535.3000,0.0319,-0.0348,1.4647,-0.06122,0.0204,-0.0575,-0.11556
535.4000,0.0319,-0.0343,1.4651,-0.06122,0.0206,-0.0567,-0.11555
535.5000,0.0318,-0.0338,1.4655,-0.06121,0.0214,-0.0563,-0.11556
535.6000,0.0318,-0.0333,1.4657,-0.06121,0.0221,-0.0556,-0.11557
535.7000,0.0319,-0.0327,1.4657,-0.06123,0.0223,-0.0542,-0.11558
535.8000,0.0320,-0.0321,1.4656,-0.06124,0.0220,-0.0526,-0.11557
535.9000,0.0322,-0.0316,1.4654,-0.06126,0.0214,-0.0515,-0.11558
536.0000,0.0324,-0.0311,1.4652,-0.06129,0.0210,-0.0508,-0.11562
536.1000,0.0326,-0.0307,1.4650,-0.06131,0.0212,-0.0501,-0.11567
536.2000,0.0327,-0.0304,1.4648,-0.06133,0.0218,-0.0493,-0.11570
536.3000,0.0330,-0.0300,1.4647,-0.06134,0.0230,-0.0483,-0.11570
536.4000,0.0334,-0.0295,1.4647,-0.06134,0.0246,-0.0471,-0.11574
536.5000,0.0338,-0.0291,1.4649,-0.06135,0.0261,-0.0453,-0.11576
536.6000,0.0342,-0.0287,1.4651,-0.06135,0.0272,-0.0430,-0.11571
536.7000,0.0346,-0.0283,1.4653,-0.06136,0.0280,-0.0404,-0.11566
536.8000,0.0350,-0.0280,1.4656,-0.06136,0.0289,-0.0382,-0.11563
536.9000,0.0354,-0.0278,1.4659,-0.06136,0.0299,-0.0360,-0.11559
537.0000,0.0358,-0.0277,1.4662,-0.06135,0.0310,-0.0341,-0.11558
537.1000,0.0362,-0.0278,1.4665,-0.06136,0.0324,-0.0324,-0.11558
537.2000,0.0366,-0.0280,1.4668,-0.06139,0.0339,-0.0308,-0.11563
537.3000,0.0368,-0.0283,1.4669,-0.06140,0.0352,-0.0298,-0.11568
537.4000,0.0370,-0.0287,1.4669,-0.06141,0.0360,-0.0293,-0.11571
537.5000,0.0372,-0.0294,1.4666,-0.06140,0.0362,-0.0292,-0.11571
537.6000,0.0374,-0.0300,1.4664,-0.06141,0.0361,-0.0293,-0.11572
537.7000,0.0375,-0.0307,1.4661,-0.06142,0.0356,-0.0297,-0.11571
537.8000,0.0374,-0.0314,1.4658,-0.06143,0.0345,-0.0308,-0.11573
537.9000,0.0374,-0.0321,1.4657,-0.06146,0.0331,-0.0325,-0.11575
538.0000,0.0374,-0.0329,1.4657,-0.06150,0.0324,-0.0344,-0.11577
538.1000,0.0374,-0.0338,1.4658,-0.06154,0.0320,-0.0367,-0.11579
538.2000,0.0375,-0.0346,1.4660,-0.06156,0.0321,-0.0392,-0.11576
538.3000,0.0377,-0.0353,1.4663,-0.06157,0.0325,-0.0422,-0.11576
538.4000,0.0379,-0.0359,1.4665,-0.06159,0.0333,-0.0449,-0.11574
538.5000,0.0380,-0.0365,1.4667,-0.06161,0.0345,-0.0473,-0.11573
538.6000,0.0381,-0.0369,1.4668,-0.06162,0.0360,-0.0489,-0.11572
538.7000,0.0381,-0.0371,1.4668,-0.06162,0.0380,-0.0498,-0.11568
538.8000,0.0380,-0.0372,1.4668,-0.06162,0.0400,-0.0499,-0.11566
538.9000,0.0379,-0.0371,1.4667,-0.06163,0.0424,-0.0488,-0.11569
539.0000,0.0376,-0.0370,1.4665,-0.06163,0.0441,-0.0477,-0.11570
539.1000,0.0373,-0.0367,1.4661,-0.06165,0.0456,-0.0465,-0.11572
539.2000,0.0369,-0.0365,1.4654,-0.06166,0.0460,-0.0450,-0.11569
539.3000,0.0364,-0.0363,1.4645,-0.06168,0.0453,-0.0438,-0.11565
539.4000,0.0357,-0.0362,1.4635,-0.06170,0.0442,-0.0428,-0.11559
539.5000,0.0350,-0.0361,1.4624,-0.06172,0.0428,-0.0424,-0.11555
539.6000,0.0342,-0.0360,1.4609,-0.06176,0.0405,-0.0425,-0.11551
539.7000,0.0335,-0.0360,1.4598,-0.06179,0.0375,-0.0422,-0.11548
539.8000,0.0326,-0.0359,1.4585,-0.06182,0.0351,-0.0417,-0.11549
539.9000,0.0320,-0.0359,1.4574,-0.06183,0.0331,-0.0416,-0.11549
540.0000,0.0315,-0.0358,1.4564,-0.06182,0.0318,-0.0420,-0.11549
540.1000,0.0311,-0.0357,1.4554,-0.06181,0.0310,-0.0427,-0.11548
540.2000,0.0308,-0.0356,1.4545,-0.06179,0.0311,-0.0429,-0.11551
540.3000,0.0306,-0.0356,1.4536,-0.06179,0.0320,-0.0429,-0.11556
540.4000,0.0304,-0.0355,1.4525,-0.06178,0.0334,-0.0431,-0.11561
540.5000,0.0302,-0.0354,1.4516,-0.06178,0.0354,-0.0434,-0.11566
540.6000,0.0301,-0.0353,1.4508,-0.06178,0.0373,-0.0434,-0.11571
540.7000,0.0299,-0.0353,1.4500,-0.06178,0.0393,-0.0430,-0.11575
540.8000,0.0295,-0.0352,1.4492,-0.06179,0.0411,-0.0419,-0.11579
540.9000,0.0290,-0.0351,1.4488,-0.06181,0.0422,-0.0409,-0.11577
541.0000,0.0284,-0.0350,1.4484,-0.06182,0.0420,-0.0398,-0.11576
541.1000,0.0277,-0.0348,1.4481,-0.06184,0.0403,-0.0382,-0.11571
541.2000,0.0268,-0.0347,1.4477,-0.06186,0.0377,-0.0370,-0.11564
541.3000,0.0257,-0.0345,1.4472,-0.06186,0.0349,-0.0360,-0.11556
541.4000,0.0248,-0.0344,1.4467,-0.06187,0.0323,-0.0347,-0.11552
541.5000,0.0239,-0.0342,1.4461,-0.06187,0.0294,-0.0331,-0.11550
541.6000,0.0232,-0.0340,1.4456,-0.06187,0.0267,-0.0319,-0.11549
541.7000,0.0224,-0.0338,1.4450,-0.06187,0.0236,-0.0310,-0.11544
541.8000,0.0219,-0.0336,1.4446,-0.06188,0.0207,-0.0301,-0.11544
541.9000,0.0215,-0.0334,1.4443,-0.06190,0.0187,-0.0293,-0.11545
542.0000,0.0213,-0.0332,1.4443,-0.06192,0.0169,-0.0287,-0.11550
542.1000,0.0212,-0.0331,1.4444,-0.06194,0.0153,-0.0285,-0.11553
542.2000,0.0214,-0.0329,1.4445,-0.06196,0.0141,-0.0288,-0.11556
542.3000,0.0216,-0.0327,1.4446,-0.06197,0.0139,-0.0295,-0.11561
542.4000,0.0219,-0.0325,1.4446,-0.06199,0.0151,-0.0297,-0.11568
542.5000,0.0224,-0.0321,1.4444,-0.06201,0.0171,-0.0292,-0.11574
542.6000,0.0230,-0.0317,1.4439,-0.06201,0.0198,-0.0284,-0.11574
542.7000,0.0236,-0.0312,1.4432,-0.06200,0.0221,-0.0274,-0.11572
542.8000,0.0242,-0.0305,1.4423,-0.06201,0.0246,-0.0254,-0.11568
542.9000,0.0248,-0.0299,1.4413,-0.06201,0.0265,-0.0233,-0.11564
543.0000,0.0253,-0.0293,1.4405,-0.06200,0.0284,-0.0212,-0.11560
543.1000,0.0257,-0.0287,1.4397,-0.06200,0.0302,-0.0199,-0.11561
543.2000,0.0261,-0.0282,1.4390,-0.06199,0.0323,-0.0191,-0.11564
543.3000,0.0264,-0.0278,1.4386,-0.06199,0.0340,-0.0188,-0.11565
543.4000,0.0267,-0.0275,1.4382,-0.06199,0.0351,-0.0179,-0.11565
543.5000,0.0269,-0.0272,1.4382,-0.06199,0.0353,-0.0164,-0.11563
543.6000,0.0269,-0.0271,1.4383,-0.06199,0.0349,-0.0144,-0.11563
543.7000,0.0268,-0.0269,1.4386,-0.06198,0.0341,-0.0128,-0.11562
543.8000,0.0267,-0.0269,1.4390,-0.06197,0.0327,-0.0119,-0.11558
543.9000,0.0266,-0.0270,1.4394,-0.06197,0.0307,-0.0119,-0.11555
544.0000,0.0266,-0.0273,1.4398,-0.06198,0.0284,-0.0127,-0.11555
544.1000,0.0265,-0.0277,1.4401,-0.06201,0.0264,-0.0137,-0.11556
544.2000,0.0265,-0.0281,1.4402,-0.06204,0.0245,-0.0150,-0.11556
544.3000,0.0265,-0.0286,1.4401,-0.06206,0.0226,-0.0165,-0.11560
544.4000,0.0266,-0.0290,1.4399,-0.06208,0.0212,-0.0176,-0.11564
544.5000,0.0269,-0.0294,1.4395,-0.06206,0.0204,-0.0184,-0.11566
544.6000,0.0272,-0.0298,1.4390,-0.06204,0.0203,-0.0187,-0.11567
544.7000,0.0276,-0.0301,1.4385,-0.06203,0.0204,-0.0187,-0.11570
544.8000,0.0281,-0.0304,1.4380,-0.06202,0.0213,-0.0182,-0.11573
544.9000,0.0286,-0.0307,1.4375,-0.06202,0.0232,-0.0169,-0.11574
545.0000,0.0291,-0.0309,1.4370,-0.06201,0.0249,-0.0155,-0.11574
545.1000,0.0295,-0.0312,1.4366,-0.06201,0.0267,-0.0142,-0.11573
545.2000,0.0299,-0.0316,1.4364,-0.06201,0.0284,-0.0128,-0.11572
545.3000,0.0304,-0.0320,1.4363,-0.06202,0.0299,-0.0120,-0.11570
545.4000,0.0308,-0.0327,1.4364,-0.06205,0.0316,-0.0117,-0.11573
545.5000,0.0311,-0.0333,1.4366,-0.06208,0.0330,-0.0115,-0.11575
545.6000,0.0314,-0.0342,1.4369,-0.06209,0.0343,-0.0119,-0.11577
545.7000,0.0316,-0.0350,1.4371,-0.06212,0.0350,-0.0126,-0.11579
545.8000,0.0317,-0.0359,1.4374,-0.06214,0.0352,-0.0136,-0.11584
545.9000,0.0316,-0.0368,1.4376,-0.06215,0.0348,-0.0151,-0.11589
546.0000,0.0315,-0.0379,1.4377,-0.06217,0.0337,-0.0166,-0.11589
546.1000,0.0313,-0.0390,1.4377,-0.06219,0.0323,-0.0176,-0.11592
546.2000,0.0313,-0.0401,1.4376,-0.06221,0.0310,-0.0182,-0.11593
546.3000,0.0312,-0.0411,1.4375,-0.06222,0.0300,-0.0189,-0.11594
546.4000,0.0311,-0.0422,1.4375,-0.06223,0.0293,-0.0197,-0.11591
546.5000,0.0312,-0.0433,1.4375,-0.06226,0.0288,-0.0206,-0.11594
546.6000,0.0313,-0.0445,1.4378,-0.06228,0.0286,-0.0217,-0.11593
546.7000,0.0315,-0.0456,1.4382,-0.06230,0.0288,-0.0232,-0.11594
546.8000,0.0318,-0.0468,1.4388,-0.06232,0.0290,-0.0253,-0.11597
546.9000,0.0321,-0.0478,1.4394,-0.06233,0.0297,-0.0275,-0.11600
547.0000,0.0325,-0.0489,1.4402,-0.06233,0.0309,-0.0302,-0.11600
547.1000,0.0328,-0.0498,1.4410,-0.06234,0.0323,-0.0334,-0.11603
547.2000,0.0333,-0.0509,1.4420,-0.06235,0.0340,-0.0370,-0.11606
547.3000,0.0336,-0.0517,1.4429,-0.06235,0.0356,-0.0402,-0.11609
547.4000,0.0338,-0.0525,1.4439,-0.06234,0.0370,-0.0438,-0.11608
547.5000,0.0340,-0.0531,1.4448,-0.06233,0.0380,-0.0472,-0.11606
547.6000,0.0339,-0.0536,1.4457,-0.06234,0.0387,-0.0515,-0.11605
547.7000,0.0337,-0.0540,1.4466,-0.06236,0.0391,-0.0559,-0.11604
547.8000,0.0334,-0.0543,1.4475,-0.06238,0.0392,-0.0604,-0.11599
547.9000,0.0330,-0.0543,1.4480,-0.06239,0.0389,-0.0649,-0.11599
548.0000,0.0324,-0.0542,1.4486,-0.06240,0.0382,-0.0684,-0.11594
548.1000,0.0319,-0.0539,1.4490,-0.06239,0.0371,-0.0706,-0.11589
548.2000,0.0313,-0.0534,1.4494,-0.06237,0.0364,-0.0717,-0.11584
548.3000,0.0307,-0.0527,1.4498,-0.06234,0.0358,-0.0715,-0.11582
548.4000,0.0300,-0.0518,1.4501,-0.06232,0.0350,-0.0702,-0.11580
548.5000,0.0293,-0.0508,1.4505,-0.06230,0.0335,-0.0677,-0.11576
548.6000,0.0286,-0.0498,1.4506,-0.06228,0.0321,-0.0647,-0.11573
548.7000,0.0280,-0.0487,1.4506,-0.06228,0.0306,-0.0611,-0.11573
548.8000,0.0274,-0.0477,1.4503,-0.06227,0.0292,-0.0580,-0.11570
548.9000,0.0268,-0.0467,1.4499,-0.06228,0.0277,-0.0544,-0.11572
549.0000,0.0261,-0.0458,1.4491,-0.06227,0.0266,-0.0510,-0.11575
549.1000,0.0256,-0.0451,1.4482,-0.06227,0.0256,-0.0483,-0.11576
549.2000,0.0252,-0.0445,1.4473,-0.06227,0.0250,-0.0456,-0.11577
549.3000,0.0249,-0.0442,1.4464,-0.06228,0.0249,-0.0435,-0.11581
549.4000,0.0246,-0.0440,1.4455,-0.06227,0.0249,-0.0416,-0.11583
549.5000,0.0245,-0.0439,1.4447,-0.06227,0.0249,-0.0405,-0.11583
549.6000,0.0244,-0.0440,1.4442,-0.06228,0.0250,-0.0400,-0.11587
549.7000,0.0243,-0.0441,1.4438,-0.06229,0.0248,-0.0393,-0.11591
549.8000,0.0242,-0.0443,1.4436,-0.06231,0.0241,-0.0381,-0.11591
549.9000,0.0243,-0.0445,1.4433,-0.06231,0.0236,-0.0366,-0.11593
550.0000,0.0244,-0.0446,1.4430,-0.06229,0.0236,-0.0349,-0.11592
550.1000,0.0244,-0.0447,1.4427,-0.06227,0.0233,-0.0334,-0.11593
550.2000,0.0246,-0.0449,1.4422,-0.06226,0.0230,-0.0329,-0.11594
550.3000,0.0248,-0.0453,1.4414,-0.06225,0.0226,-0.0332,-0.11595
550.4000,0.0251,-0.0457,1.4407,-0.06227,0.0223,-0.0336,-0.11599
550.5000,0.0255,-0.0462,1.4400,-0.06229,0.0221,-0.0342,-0.11602
550.6000,0.0259,-0.0467,1.4394,-0.06230,0.0220,-0.0350,-0.11609
550.7000,0.0264,-0.0473,1.4388,-0.06230,0.0220,-0.0364,-0.11610
550.8000,0.0269,-0.0478,1.4384,-0.06231,0.0215,-0.0378,-0.11611
550.9000,0.0274,-0.0483,1.4382,-0.06232,0.0214,-0.0394,-0.11615
551.0000,0.0281,-0.0489,1.4382,-0.06233,0.0214,-0.0416,-0.11620
551.1000,0.0288,-0.0495,1.4383,-0.06235,0.0213,-0.0442,-0.11627
551.2000,0.0295,-0.0501,1.4386,-0.06238,0.0212,-0.0478,-0.11633
551.3000,0.0303,-0.0506,1.4391,-0.06241,0.0200,-0.0506,-0.11639
551.4000,0.0312,-0.0511,1.4399,-0.06243,0.0185,-0.0532,-0.11647
551.5000,0.0320,-0.0515,1.4407,-0.06243,0.0175,-0.0551,-0.11653
551.6000,0.0329,-0.0516,1.4417,-0.06242,0.0171,-0.0558,-0.11651
551.7000,0.0340,-0.0517,1.4428,-0.06241,0.0174,-0.0556,-0.11649
551.8000,0.0351,-0.0516,1.4439,-0.06240,0.0191,-0.0548,-0.11648
551.9000,0.0364,-0.0514,1.4450,-0.06240,0.0218,-0.0537,-0.11651
552.0000,0.0375,-0.0512,1.4460,-0.06240,0.0256,-0.0521,-0.11657
552.1000,0.0389,-0.0508,1.4469,-0.06239,0.0294,-0.0499,-0.11658
552.2000,0.0400,-0.0505,1.4475,-0.06238,0.0323,-0.0478,-0.11655
552.3000,0.0409,-0.0502,1.4479,-0.06238,0.0351,-0.0459,-0.11655
552.4000,0.0416,-0.0500,1.4481,-0.06238,0.0374,-0.0442,-0.11653
552.5000,0.0421,-0.0499,1.4482,-0.06238,0.0387,-0.0426,-0.11651
552.6000,0.0425,-0.0500,1.4482,-0.06240,0.0398,-0.0401,-0.11650
552.7000,0.0427,-0.0501,1.4482,-0.06241,0.0405,-0.0379,-0.11650
552.8000,0.0428,-0.0502,1.4482,-0.06242,0.0413,-0.0362,-0.11649
552.9000,0.0428,-0.0506,1.4481,-0.06241,0.0423,-0.0357,-0.11647
553.0000,0.0427,-0.0510,1.4480,-0.06241,0.0432,-0.0361,-0.11643
553.1000,0.0426,-0.0516,1.4480,-0.06242,0.0439,-0.0370,-0.11640
553.2000,0.0425,-0.0523,1.4479,-0.06243,0.0442,-0.0384,-0.11641
553.3000,0.0422,-0.0530,1.4477,-0.06244,0.0443,-0.0393,-0.11642
553.4000,0.0418,-0.0538,1.4476,-0.06244,0.0444,-0.0392,-0.11647
553.5000,0.0414,-0.0545,1.4475,-0.06243,0.0445,-0.0387,-0.11654
553.6000,0.0410,-0.0551,1.4473,-0.06242,0.0447,-0.0379,-0.11658
553.7000,0.0406,-0.0558,1.4471,-0.06243,0.0444,-0.0375,-0.11662
553.8000,0.0401,-0.0567,1.4469,-0.06245,0.0434,-0.0374,-0.11664
553.9000,0.0396,-0.0576,1.4466,-0.06247,0.0418,-0.0379,-0.11669
554.0000,0.0392,-0.0586,1.4462,-0.06251,0.0396,-0.0385,-0.11670
554.1000,0.0388,-0.0596,1.4458,-0.06254,0.0376,-0.0391,-0.11673
554.2000,0.0383,-0.0609,1.4454,-0.06259,0.0363,-0.0404,-0.11674
554.3000,0.0381,-0.0619,1.4450,-0.06264,0.0359,-0.0425,-0.11674
554.4000,0.0381,-0.0632,1.4446,-0.06267,0.0364,-0.0448,-0.11674
554.5000,0.0381,-0.0643,1.4444,-0.06267,0.0373,-0.0471,-0.11671
554.6000,0.0383,-0.0652,1.4442,-0.06266,0.0384,-0.0498,-0.11664
554.7000,0.0385,-0.0661,1.4443,-0.06265,0.0397,-0.0526,-0.11666
554.8000,0.0387,-0.0668,1.4445,-0.06264,0.0409,-0.0546,-0.11668
554.9000,0.0389,-0.0675,1.4448,-0.06262,0.0419,-0.0558,-0.11667
555.0000,0.0389,-0.0680,1.4453,-0.06259,0.0428,-0.0561,-0.11661
555.1000,0.0389,-0.0683,1.4461,-0.06255,0.0434,-0.0563,-0.11653
555.2000,0.0389,-0.0685,1.4468,-0.06253,0.0437,-0.0564,-0.11650
555.3000,0.0388,-0.0687,1.4474,-0.06252,0.0445,-0.0557,-0.11647
555.4000,0.0386,-0.0688,1.4480,-0.06253,0.0458,-0.0545,-0.11651
555.5000,0.0383,-0.0689,1.4487,-0.06254,0.0470,-0.0531,-0.11652
555.6000,0.0380,-0.0689,1.4494,-0.06254,0.0487,-0.0519,-0.11657
555.7000,0.0376,-0.0691,1.4504,-0.06255,0.0503,-0.0516,-0.11666
555.8000,0.0371,-0.0694,1.4517,-0.06256,0.0516,-0.0525,-0.11670
555.9000,0.0366,-0.0698,1.4528,-0.06256,0.0526,-0.0543,-0.11672
556.0000,0.0360,-0.0703,1.4539,-0.06255,0.0532,-0.0569,-0.11670
556.1000,0.0352,-0.0707,1.4549,-0.06256,0.0534,-0.0602,-0.11669
556.2000,0.0342,-0.0711,1.4558,-0.06257,0.0530,-0.0632,-0.11664
556.3000,0.0330,-0.0716,1.4568,-0.06257,0.0523,-0.0661,-0.11663
556.4000,0.0317,-0.0718,1.4575,-0.06257,0.0513,-0.0696,-0.11659
556.5000,0.0303,-0.0720,1.4582,-0.06257,0.0501,-0.0730,-0.11655
556.6000,0.0289,-0.0721,1.4588,-0.06257,0.0491,-0.0765,-0.11649
556.7000,0.0275,-0.0719,1.4592,-0.06257,0.0488,-0.0791,-0.11647
556.8000,0.0261,-0.0716,1.4595,-0.06255,0.0487,-0.0808,-0.11643
556.9000,0.0247,-0.0710,1.4596,-0.06253,0.0484,-0.0815,-0.11638
557.0000,0.0232,-0.0703,1.4596,-0.06253,0.0479,-0.0813,-0.11641
557.1000,0.0216,-0.0694,1.4594,-0.06251,0.0466,-0.0805,-0.11636
557.2000,0.0199,-0.0684,1.4593,-0.06251,0.0450,-0.0789,-0.11631
557.3000,0.0183,-0.0675,1.4592,-0.06250,0.0433,-0.0766,-0.11629
557.4000,0.0164,-0.0663,1.4593,-0.06249,0.0415,-0.0741,-0.11625
557.5000,0.0148,-0.0653,1.4595,-0.06249,0.0399,-0.0722,-0.11621
557.6000,0.0132,-0.0643,1.4599,-0.06248,0.0384,-0.0703,-0.11618
557.7000,0.0115,-0.0633,1.4605,-0.06248,0.0364,-0.0685,-0.11614
557.8000,0.0097,-0.0623,1.4613,-0.06249,0.0345,-0.0676,-0.11611
557.9000,0.0078,-0.0614,1.4624,-0.06251,0.0323,-0.0669,-0.11611
558.0000,0.0061,-0.0607,1.4635,-0.06253,0.0302,-0.0660,-0.11610
558.1000,0.0044,-0.0599,1.4645,-0.06251,0.0276,-0.0651,-0.11606
558.2000,0.0028,-0.0592,1.4654,-0.06251,0.0250,-0.0644,-0.11607
558.3000,0.0013,-0.0585,1.4662,-0.06251,0.0218,-0.0638,-0.11607
558.4000,-0.0002,-0.0579,1.4669,-0.06252,0.0187,-0.0626,-0.11608
558.5000,-0.0015,-0.0573,1.4674,-0.06252,0.0153,-0.0609,-0.11608
558.6000,-0.0027,-0.0567,1.4679,-0.06251,0.0126,-0.0597,-0.11607
558.7000,-0.0038,-0.0562,1.4684,-0.06252,0.0108,-0.0588,-0.11609
558.8000,-0.0048,-0.0557,1.4687,-0.06252,0.0100,-0.0578,-0.11613
558.9000,-0.0056,-0.0553,1.4690,-0.06252,0.0102,-0.0571,-0.11618
559.0000,-0.0063,-0.0550,1.4691,-0.06252,0.0112,-0.0567,-0.11619
559.1000,-0.0068,-0.0547,1.4692,-0.06251,0.0122,-0.0565,-0.11619
559.2000,-0.0073,-0.0545,1.4692,-0.06250,0.0126,-0.0563,-0.11613
559.3000,-0.0082,-0.0542,1.4694,-0.06250,0.0125,-0.0560,-0.11612
559.4000,-0.0089,-0.0541,1.4696,-0.06251,0.0124,-0.0557,-0.11615
559.5000,-0.0096,-0.0540,1.4702,-0.06252,0.0121,-0.0557,-0.11615
559.6000,-0.0104,-0.0539,1.4710,-0.06253,0.0113,-0.0557,-0.11615
559.7000,-0.0115,-0.0538,1.4724,-0.06254,0.0102,-0.0558,-0.11618
559.8000,-0.0124,-0.0538,1.4737,-0.06255,0.0082,-0.0558,-0.11618
559.9000,-0.0133,-0.0538,1.4750,-0.06256,0.0055,-0.0554,-0.11617
560.0000,-0.0143,-0.0538,1.4764,-0.06257,0.0030,-0.0546,-0.11618
560.1000,-0.0155,-0.0537,1.4779,-0.06256,0.0002,-0.0535,-0.11615
560.2000,-0.0164,-0.0537,1.4790,-0.06256,-0.0020,-0.0524,-0.11612
560.3000,-0.0174,-0.0537,1.4800,-0.06257,-0.0048,-0.0511,-0.11604
560.4000,-0.0181,-0.0538,1.4808,-0.06259,-0.0078,-0.0503,-0.11605
560.5000,-0.0188,-0.0540,1.4814,-0.06262,-0.0111,-0.0501,-0.11607
560.6000,-0.0194,-0.0543,1.4820,-0.06265,-0.0142,-0.0510,-0.11615
560.7000,-0.0199,-0.0547,1.4823,-0.06269,-0.0172,-0.0522,-0.11623
560.8000,-0.0203,-0.0551,1.4823,-0.06271,-0.0191,-0.0534,-0.11626
560.9000,-0.0207,-0.0556,1.4820,-0.06271,-0.0205,-0.0548,-0.11630
561.0000,-0.0209,-0.0560,1.4814,-0.06271,-0.0213,-0.0559,-0.11632
561.1000,-0.0211,-0.0565,1.4801,-0.06270,-0.0217,-0.0568,-0.11627
561.2000,-0.0212,-0.0568,1.4786,-0.06270,-0.0220,-0.0573,-0.11627
561.3040,-0.0212,-0.0572,1.4767,-0.06272,-0.0223,-0.0579,-0.11629
561.4000,-0.0212,-0.0575,1.4747,-0.06273,-0.0226,-0.0587,-0.11633
561.5000,-0.0213,-0.0578,1.4726,-0.06274,-0.0232,-0.0599,-0.11636
561.6000,-0.0213,-0.0582,1.4707,-0.06275,-0.0239,-0.0613,-0.11637
561.7000,-0.0213,-0.0586,1.4684,-0.06277,-0.0244,-0.0632,-0.11640
561.8000,-0.0213,-0.0589,1.4665,-0.06278,-0.0246,-0.0650,-0.11644
561.9000,-0.0212,-0.0592,1.4649,-0.06278,-0.0245,-0.0671,-0.11644
562.0000,-0.0210,-0.0594,1.4634,-0.06279,-0.0245,-0.0690,-0.11650
562.1000,-0.0209,-0.0595,1.4621,-0.06278,-0.0251,-0.0710,-0.11650
562.2000,-0.0208,-0.0595,1.4609,-0.06278,-0.0264,-0.0726,-0.11652
562.3000,-0.0208,-0.0594,1.4599,-0.06277,-0.0282,-0.0734,-0.11650
562.4000,-0.0208,-0.0592,1.4590,-0.06278,-0.0303,-0.0740,-0.11648
562.5000,-0.0209,-0.0588,1.4585,-0.06278,-0.0324,-0.0738,-0.11643
562.6000,-0.0209,-0.0584,1.4584,-0.06278,-0.0338,-0.0733,-0.11638
562.7000,-0.0207,-0.0578,1.4584,-0.06279,-0.0344,-0.0731,-0.11639
562.8000,-0.0204,-0.0572,1.4586,-0.06280,-0.0347,-0.0735,-0.11642
562.9000,-0.0199,-0.0565,1.4589,-0.06280,-0.0345,-0.0743,-0.11641
563.0000,-0.0195,-0.0559,1.4591,-0.06280,-0.0339,-0.0751,-0.11646
563.1000,-0.0190,-0.0552,1.4592,-0.06281,-0.0330,-0.0761,-0.11652
563.2000,-0.0184,-0.0543,1.4590,-0.06279,-0.0322,-0.0766,-0.11654
563.3000,-0.0179,-0.0535,1.4588,-0.06276,-0.0317,-0.0760,-0.11651
563.4000,-0.0173,-0.0528,1.4585,-0.06273,-0.0311,-0.0749,-0.11646
563.5000,-0.0168,-0.0520,1.4581,-0.06271,-0.0304,-0.0732,-0.11643
563.6000,-0.0164,-0.0513,1.4578,-0.06269,-0.0293,-0.0718,-0.11642
563.7000,-0.0160,-0.0507,1.4575,-0.06267,-0.0283,-0.0706,-0.11640
563.8000,-0.0155,-0.0502,1.4573,-0.06267,-0.0277,-0.0703,-0.11642
563.9000,-0.0151,-0.0499,1.4570,-0.06266,-0.0271,-0.0707,-0.11644
564.0000,-0.0146,-0.0498,1.4567,-0.06267,-0.0268,-0.0721,-0.11642
564.1000,-0.0142,-0.0498,1.4563,-0.06269,-0.0262,-0.0742,-0.11645
564.2000,-0.0140,-0.0499,1.4559,-0.06271,-0.0258,-0.0759,-0.11650
564.3000,-0.0137,-0.0499,1.4554,-0.06272,-0.0250,-0.0771,-0.11651
564.4000,-0.0134,-0.0498,1.4548,-0.06272,-0.0239,-0.0772,-0.11655
564.5000,-0.0131,-0.0497,1.4542,-0.06270,-0.0229,-0.0764,-0.11658
564.6000,-0.0128,-0.0496,1.4534,-0.06268,-0.0227,-0.0754,-0.11658
564.7000,-0.0125,-0.0494,1.4526,-0.06266,-0.0228,-0.0734,-0.11655
564.8000,-0.0123,-0.0492,1.4517,-0.06265,-0.0234,-0.0712,-0.11653
564.9000,-0.0120,-0.0490,1.4508,-0.06264,-0.0248,-0.0690,-0.11649
565.0000,-0.0118,-0.0487,1.4499,-0.06265,-0.0268,-0.0671,-0.11652
565.1000,-0.0116,-0.0485,1.4489,-0.06266,-0.0290,-0.0650,-0.11651
565.2000,-0.0113,-0.0484,1.4479,-0.06267,-0.0308,-0.0631,-0.11652
565.3000,-0.0109,-0.0485,1.4470,-0.06268,-0.0322,-0.0614,-0.11654
565.4000,-0.0104,-0.0486,1.4462,-0.06270,-0.0328,-0.0605,-0.11655
565.5000,-0.0097,-0.0488,1.4455,-0.06271,-0.0324,-0.0593,-0.11661
565.6000,-0.0087,-0.0491,1.4451,-0.06271,-0.0303,-0.0572,-0.11664
565.7000,-0.0077,-0.0493,1.4448,-0.06271,-0.0274,-0.0542,-0.11669
565.8000,-0.0065,-0.0496,1.4448,-0.06271,-0.0240,-0.0503,-0.11672
565.9000,-0.0053,-0.0499,1.4452,-0.06272,-0.0208,-0.0463,-0.11674
566.0000,-0.0043,-0.0503,1.4457,-0.06272,-0.0175,-0.0419,-0.11678
566.1000,-0.0031,-0.0510,1.4467,-0.06274,-0.0150,-0.0378,-0.11678
566.2000,-0.0023,-0.0518,1.4477,-0.06277,-0.0130,-0.0344,-0.11682
566.3000,-0.0015,-0.0529,1.4490,-0.06279,-0.0121,-0.0318,-0.11689
566.4000,-0.0009,-0.0542,1.4501,-0.06281,-0.0119,-0.0300,-0.11694
566.5000,-0.0003,-0.0558,1.4513,-0.06283,-0.0122,-0.0295,-0.11702
566.6000,0.0002,-0.0576,1.4525,-0.06286,-0.0121,-0.0300,-0.11705
566.7000,0.0007,-0.0598,1.4539,-0.06290,-0.0113,-0.0315,-0.11704
566.8000,0.0011,-0.0619,1.4551,-0.06295,-0.0104,-0.0332,-0.11709
566.9000,0.0015,-0.0639,1.4563,-0.06298,-0.0097,-0.0361,-0.11713
567.0000,0.0019,-0.0667,1.4579,-0.06303,-0.0090,-0.0398,-0.11721
567.1000,0.0023,-0.0689,1.4591,-0.06306,-0.0086,-0.0439,-0.11724
567.2000,0.0026,-0.0714,1.4603,-0.06309,-0.0084,-0.0492,-0.11725
567.3000,0.0029,-0.0743,1.4615,-0.06313,-0.0083,-0.0553,-0.11726
567.4000,0.0032,-0.0769,1.4624,-0.06316,-0.0081,-0.0608,-0.11727
567.5000,0.0035,-0.0794,1.4631,-0.06318,-0.0076,-0.0665,-0.11726
567.6000,0.0038,-0.0818,1.4638,-0.06318,-0.0069,-0.0710,-0.11724
567.7000,0.0042,-0.0839,1.4643,-0.06318,-0.0060,-0.0753,-0.11726
567.8000,0.0045,-0.0864,1.4648,-0.06319,-0.0056,-0.0786,-0.11726
567.9000,0.0048,-0.0884,1.4649,-0.06319,-0.0055,-0.0819,-0.11726
568.0000,0.0051,-0.0903,1.4648,-0.06321,-0.0059,-0.0849,-0.11727
568.1000,0.0053,-0.0922,1.4644,-0.06322,-0.0066,-0.0875,-0.11723
568.2000,0.0055,-0.0939,1.4638,-0.06323,-0.0074,-0.0898,-0.11718
568.3000,0.0056,-0.0958,1.4629,-0.06326,-0.0076,-0.0912,-0.11713
568.4000,0.0058,-0.0972,1.4620,-0.06328,-0.0078,-0.0925,-0.11714
568.5000,0.0062,-0.0990,1.4608,-0.06330,-0.0074,-0.0932,-0.11719
568.6000,0.0066,-0.1004,1.4597,-0.06331,-0.0063,-0.0937,-0.11726
568.7000,0.0071,-0.1021,1.4584,-0.06332,-0.0050,-0.0945,-0.11732
568.8000,0.0076,-0.1035,1.4573,-0.06334,-0.0043,-0.0954,-0.11737
568.9000,0.0081,-0.1050,1.4562,-0.06336,-0.0039,-0.0955,-0.11738
569.0000,0.0087,-0.1065,1.4550,-0.06337,-0.0037,-0.0948,-0.11742
569.1000,0.0093,-0.1079,1.4538,-0.06338,-0.0036,-0.0939,-0.11740
569.2000,0.0099,-0.1095,1.4526,-0.06340,-0.0035,-0.0930,-0.11741
569.3000,0.0105,-0.1110,1.4515,-0.06342,-0.0038,-0.0926,-0.11745
569.4000,0.0111,-0.1126,1.4504,-0.06344,-0.0050,-0.0921,-0.11746
569.5000,0.0118,-0.1143,1.4494,-0.06345,-0.0067,-0.0916,-0.11741
569.6000,0.0126,-0.1165,1.4484,-0.06346,-0.0087,-0.0917,-0.11737
569.7000,0.0133,-0.1183,1.4476,-0.06347,-0.0103,-0.0924,-0.11731
569.8000,0.0142,-0.1202,1.4470,-0.06348,-0.0111,-0.0935,-0.11733
569.9000,0.0153,-0.1226,1.4464,-0.06349,-0.0108,-0.0952,-0.11740
570.0000,0.0165,-0.1247,1.4461,-0.06350,-0.0094,-0.0973,-0.11746
570.1000,0.0177,-0.1268,1.4459,-0.06351,-0.0077,-0.1002,-0.11755
570.2000,0.0190,-0.1289,1.4458,-0.06353,-0.0061,-0.1025,-0.11764
570.3000,0.0204,-0.1311,1.4457,-0.06353,-0.0049,-0.1046,-0.11771
570.4000,0.0217,-0.1332,1.4456,-0.06354,-0.0037,-0.1065,-0.11773
570.5000,0.0230,-0.1352,1.4454,-0.06354,-0.0021,-0.1082,-0.11777
570.6000,0.0242,-0.1372,1.4451,-0.06354,-0.0006,-0.1096,-0.11779
570.7000,0.0255,-0.1393,1.4448,-0.06355,0.0008,-0.1113,-0.11782
570.8000,0.0264,-0.1410,1.4446,-0.06357,0.0019,-0.1126,-0.11786
570.9000,0.0273,-0.1427,1.4444,-0.06357,0.0028,-0.1138,-0.11784
571.0000,0.0281,-0.1444,1.4443,-0.06356,0.0038,-0.1147,-0.11782
571.1000,0.0289,-0.1461,1.4443,-0.06355,0.0050,-0.1159,-0.11779
571.2000,0.0296,-0.1476,1.4446,-0.06355,0.0059,-0.1169,-0.11779
571.3000,0.0304,-0.1492,1.4450,-0.06354,0.0071,-0.1185,-0.11776
571.4000,0.0310,-0.1506,1.4455,-0.06354,0.0090,-0.1207,-0.11775
571.5000,0.0317,-0.1521,1.4459,-0.06355,0.0117,-0.1236,-0.11776
571.6000,0.0322,-0.1533,1.4462,-0.06355,0.0142,-0.1264,-0.11779
571.7000,0.0326,-0.1546,1.4462,-0.06354,0.0163,-0.1290,-0.11781
571.8000,0.0329,-0.1556,1.4459,-0.06353,0.0180,-0.1313,-0.11779
571.9000,0.0330,-0.1566,1.4453,-0.06352,0.0199,-0.1342,-0.11776
572.0000,0.0329,-0.1574,1.4444,-0.06350,0.0214,-0.1370,-0.11769
572.1000,0.0328,-0.1581,1.4429,-0.06349,0.0228,-0.1402,-0.11760
572.2000,0.0327,-0.1585,1.4416,-0.06348,0.0244,-0.1428,-0.11758
572.3000,0.0323,-0.1588,1.4397,-0.06349,0.0260,-0.1455,-0.11758
572.4000,0.0318,-0.1590,1.4378,-0.06349,0.0273,-0.1476,-0.11758
572.5000,0.0313,-0.1590,1.4356,-0.06347,0.0279,-0.1491,-0.11755
572.6000,0.0308,-0.1588,1.4335,-0.06344,0.0275,-0.1503,-0.11746
572.7000,0.0303,-0.1585,1.4313,-0.06341,0.0266,-0.1508,-0.11739
572.8000,0.0296,-0.1581,1.4291,-0.06337,0.0257,-0.1513,-0.11725
572.9000,0.0289,-0.1577,1.4268,-0.06335,0.0248,-0.1522,-0.11715
573.0000,0.0283,-0.1573,1.4248,-0.06335,0.0237,-0.1534,-0.11709
573.1000,0.0278,-0.1568,1.4229,-0.06335,0.0228,-0.1544,-0.11701
573.2000,0.0274,-0.1562,1.4212,-0.06336,0.0225,-0.1553,-0.11700
573.3000,0.0271,-0.1557,1.4198,-0.06336,0.0225,-0.1562,-0.11702
573.4000,0.0268,-0.1550,1.4183,-0.06335,0.0228,-0.1573,-0.11705
573.5000,0.0266,-0.1544,1.4169,-0.06333,0.0231,-0.1581,-0.11708
573.6000,0.0265,-0.1537,1.4155,-0.06331,0.0234,-0.1591,-0.11705
573.7000,0.0264,-0.1530,1.4140,-0.06330,0.0242,-0.1606,-0.11705
573.8000,0.0263,-0.1523,1.4125,-0.06330,0.0251,-0.1623,-0.11705
573.9000,0.0261,-0.1515,1.4110,-0.06330,0.0260,-0.1641,-0.11706
574.0000,0.0258,-0.1507,1.4093,-0.06328,0.0269,-0.1658,-0.11704
574.1000,0.0256,-0.1499,1.4077,-0.06327,0.0273,-0.1680,-0.11701
574.2000,0.0254,-0.1491,1.4060,-0.06327,0.0271,-0.1700,-0.11697
574.3000,0.0251,-0.1481,1.4043,-0.06328,0.0264,-0.1720,-0.11696
574.4000,0.0247,-0.1471,1.4024,-0.06327,0.0253,-0.1733,-0.11692
574.5000,0.0243,-0.1458,1.4005,-0.06328,0.0248,-0.1740,-0.11690
574.6000,0.0240,-0.1445,1.3990,-0.06327,0.0247,-0.1738,-0.11686
574.7000,0.0238,-0.1429,1.3975,-0.06325,0.0248,-0.1727,-0.11681
574.8000,0.0236,-0.1413,1.3962,-0.06323,0.0245,-0.1708,-0.11679
574.9000,0.0234,-0.1397,1.3953,-0.06321,0.0241,-0.1680,-0.11677
575.0000,0.0232,-0.1382,1.3946,-0.06319,0.0241,-0.1646,-0.11674
575.1000,0.0230,-0.1364,1.3938,-0.06318,0.0244,-0.1602,-0.11672
575.2000,0.0229,-0.1349,1.3932,-0.06316,0.0245,-0.1560,-0.11668
575.3000,0.0228,-0.1332,1.3925,-0.06314,0.0244,-0.1511,-0.11663
575.4000,0.0228,-0.1320,1.3919,-0.06311,0.0235,-0.1452,-0.11658
575.5000,0.0228,-0.1308,1.3913,-0.06309,0.0225,-0.1395,-0.11653
575.6000,0.0227,-0.1300,1.3907,-0.06307,0.0214,-0.1344,-0.11650
575.7000,0.0226,-0.1294,1.3902,-0.06306,0.0202,-0.1310,-0.11652
575.8000,0.0226,-0.1290,1.3897,-0.06309,0.0189,-0.1285,-0.11658
575.9000,0.0227,-0.1289,1.3894,-0.06312,0.0176,-0.1271,-0.11663
576.0000,0.0229,-0.1290,1.3893,-0.06315,0.0163,-0.1264,-0.11670
576.1000,0.0232,-0.1293,1.3895,-0.06318,0.0148,-0.1253,-0.11680
576.2000,0.0235,-0.1297,1.3900,-0.06319,0.0137,-0.1241,-0.11686
576.3000,0.0241,-0.1302,1.3906,-0.06320,0.0131,-0.1229,-0.11690
576.4000,0.0247,-0.1308,1.3915,-0.06320,0.0129,-0.1214,-0.11689
576.5000,0.0253,-0.1314,1.3924,-0.06319,0.0133,-0.1200,-0.11684
576.6000,0.0262,-0.1323,1.3934,-0.06320,0.0142,-0.1194,-0.11684
576.7000,0.0271,-0.1333,1.3943,-0.06323,0.0153,-0.1192,-0.11687
576.8000,0.0279,-0.1344,1.3954,-0.06327,0.0164,-0.1194,-0.11698
576.9000,0.0286,-0.1355,1.3963,-0.06331,0.0181,-0.1200,-0.11702
577.0000,0.0295,-0.1368,1.3974,-0.06335,0.0200,-0.1206,-0.11705
577.1000,0.0303,-0.1380,1.3983,-0.06339,0.0221,-0.1212,-0.11705
577.2000,0.0314,-0.1396,1.3996,-0.06342,0.0240,-0.1216,-0.11708
577.3000,0.0323,-0.1409,1.4007,-0.06345,0.0263,-0.1219,-0.11709
577.4000,0.0331,-0.1421,1.4018,-0.06348,0.0288,-0.1220,-0.11708
577.5000,0.0338,-0.1435,1.4030,-0.06352,0.0312,-0.1220,-0.11706
577.6000,0.0344,-0.1447,1.4042,-0.06356,0.0333,-0.1218,-0.11709
577.7000,0.0350,-0.1460,1.4056,-0.06358,0.0346,-0.1220,-0.11712
577.8000,0.0355,-0.1473,1.4071,-0.06361,0.0354,-0.1221,-0.11716
577.9000,0.0359,-0.1487,1.4086,-0.06364,0.0363,-0.1228,-0.11720
578.0000,0.0363,-0.1501,1.4101,-0.06367,0.0368,-0.1237,-0.11724
578.1000,0.0366,-0.1516,1.4116,-0.06370,0.0369,-0.1250,-0.11731
578.2000,0.0368,-0.1532,1.4132,-0.06372,0.0361,-0.1268,-0.11734
578.3000,0.0370,-0.1548,1.4145,-0.06373,0.0349,-0.1293,-0.11738
578.4000,0.0371,-0.1564,1.4156,-0.06376,0.0336,-0.1322,-0.11741
578.5000,0.0372,-0.1578,1.4164,-0.06379,0.0320,-0.1355,-0.11741
578.6000,0.0375,-0.1595,1.4172,-0.06383,0.0306,-0.1386,-0.11741
578.7000,0.0377,-0.1607,1.4177,-0.06386,0.0293,-0.1407,-0.11745
578.8000,0.0381,-0.1621,1.4183,-0.06388,0.0277,-0.1428,-0.11751
578.9000,0.0386,-0.1633,1.4188,-0.06390,0.0264,-0.1443,-0.11752
579.0000,0.0391,-0.1644,1.4193,-0.06390,0.0254,-0.1457,-0.11752
579.1000,0.0395,-0.1653,1.4197,-0.06391,0.0250,-0.1470,-0.11749
579.2000,0.0401,-0.1661,1.4202,-0.06392,0.0254,-0.1483,-0.11751
579.3000,0.0408,-0.1670,1.4207,-0.06394,0.0265,-0.1493,-0.11758
579.4000,0.0416,-0.1678,1.4212,-0.06395,0.0283,-0.1501,-0.11761
579.5000,0.0425,-0.1684,1.4217,-0.06396,0.0302,-0.1505,-0.11771
579.6000,0.0434,-0.1689,1.4223,-0.06397,0.0319,-0.1509,-0.11775
579.7000,0.0442,-0.1694,1.4228,-0.06398,0.0331,-0.1509,-0.11782
579.8000,0.0449,-0.1698,1.4232,-0.06397,0.0344,-0.1507,-0.11781
579.9000,0.0454,-0.1702,1.4236,-0.06396,0.0361,-0.1499,-0.11781
580.0000,0.0459,-0.1706,1.4241,-0.06396,0.0377,-0.1485,-0.11784
580.1000,0.0463,-0.1710,1.4248,-0.06396,0.0399,-0.1462,-0.11787
580.2000,0.0467,-0.1715,1.4256,-0.06395,0.0422,-0.1439,-0.11793
580.3000,0.0470,-0.1721,1.4267,-0.06395,0.0442,-0.1416,-0.11799
580.4000,0.0471,-0.1727,1.4279,-0.06395,0.0452,-0.1390,-0.11802
580.5000,0.0470,-0.1734,1.4293,-0.06395,0.0446,-0.1371,-0.11798
580.6000,0.0468,-0.1743,1.4308,-0.06397,0.0422,-0.1357,-0.11792
580.7000,0.0466,-0.1753,1.4325,-0.06400,0.0393,-0.1352,-0.11784
580.8000,0.0463,-0.1766,1.4343,-0.06405,0.0369,-0.1353,-0.11779
580.9000,0.0461,-0.1780,1.4363,-0.06408,0.0352,-0.1358,-0.11776
581.0000,0.0460,-0.1795,1.4385,-0.06411,0.0339,-0.1371,-0.11777
581.1000,0.0460,-0.1813,1.4410,-0.06411,0.0331,-0.1389,-0.11774
581.2000,0.0462,-0.1830,1.4435,-0.06412,0.0326,-0.1413,-0.11775
581.3000,0.0464,-0.1845,1.4457,-0.06413,0.0326,-0.1441,-0.11774
581.4000,0.0466,-0.1860,1.4480,-0.06414,0.0333,-0.1478,-0.11774
581.5000,0.0470,-0.1877,1.4508,-0.06417,0.0348,-0.1511,-0.11777
581.6000,0.0474,-0.1891,1.4534,-0.06419,0.0367,-0.1547,-0.11782
581.7000,0.0478,-0.1905,1.4561,-0.06420,0.0384,-0.1575,-0.11783
581.8000,0.0481,-0.1916,1.4588,-0.06421,0.0401,-0.1603,-0.11784
581.9000,0.0471,-0.1924,1.4612,-0.06423,0.0417,-0.1628,-0.11784
582.0000,0.0453,-0.1932,1.4639,-0.06433,0.0436,-0.1649,-0.11791
582.1000,0.0457,-0.1940,1.4667,-0.06467,0.0470,-0.1669,-0.11824
582.2000,0.0490,-0.1948,1.4688,-0.06501,0.0523,-0.1685,-0.11867
582.3000,0.0554,-0.1958,1.4709,-0.06531,0.0596,-0.1691,-0.11908
582.4000,0.0634,-0.1967,1.4725,-0.06556,0.0697,-0.1690,-0.11946
582.5000,0.0735,-0.1978,1.4739,-0.06581,0.0809,-0.1690,-0.11992
582.6000,0.0861,-0.1990,1.4751,-0.06603,0.0951,-0.1697,-0.12063
582.7000,0.1012,-0.2005,1.4761,-0.06634,0.1099,-0.1706,-0.12130
582.8000,0.1181,-0.2021,1.4768,-0.06688,0.1270,-0.1716,-0.12214
582.9000,0.1354,-0.2037,1.4773,-0.06753,0.1446,-0.1730,-0.12304
583.0000,0.1541,-0.2054,1.4776,-0.06835,0.1660,-0.1752,-0.12421
583.1000,0.1742,-0.2073,1.4775,-0.06924,0.1880,-0.1782,-0.12556
583.2000,0.1991,-0.2097,1.4773,-0.07037,0.2137,-0.1826,-0.12735
583.3000,0.2207,-0.2119,1.4770,-0.07140,0.2390,-0.1876,-0.12929
583.4000,0.2454,-0.2144,1.4766,-0.07257,0.2656,-0.1929,-0.13111
583.5000,0.2714,-0.2169,1.4762,-0.07382,0.2959,-0.1982,-0.13276
583.6000,0.2996,-0.2195,1.4760,-0.07512,0.3250,-0.2030,-0.13414
583.7000,0.3278,-0.2220,1.4758,-0.07623,0.3572,-0.2082,-0.13552
583.8000,0.3580,-0.2247,1.4757,-0.07727,0.3878,-0.2134,-0.13683
583.9000,0.3868,-0.2273,1.4757,-0.07817,0.4189,-0.2189,-0.13818
584.0000,0.4153,-0.2299,1.4758,-0.07896,0.4507,-0.2248,-0.13962
584.1000,0.4509,-0.2330,1.4758,-0.07993,0.4859,-0.2316,-0.14132
584.2000,0.4851,-0.2360,1.4757,-0.08091,0.5195,-0.2378,-0.14295
584.3000,0.5135,-0.2384,1.4757,-0.08171,0.5543,-0.2434,-0.14431
584.4000,0.5524,-0.2417,1.4757,-0.08294,0.5928,-0.2487,-0.14544
584.5000,0.5834,-0.2442,1.4757,-0.08416,0.6285,-0.2533,-0.14657
584.6000,0.6219,-0.2473,1.4758,-0.08584,0.6673,-0.2579,-0.14782
584.7000,0.6595,-0.2502,1.4759,-0.08753,0.6519,-0.3305,-0.19087
584.8000,0.6919,-0.2528,1.4761,-0.08891,0.6883,-0.3351,-0.19197
584.9000,0.7342,-0.2561,1.4763,-0.09007,0.7291,-0.3389,-0.19256
585.0000,0.7697,-0.2591,1.4764,-0.09031,0.7674,-0.3423,-0.19243
585.1000,0.8102,-0.2625,1.4765,-0.09012,0.8059,-0.3468,-0.19217
585.2000,0.8493,-0.2662,1.4764,-0.08985,0.8586,-0.3548,-0.19226
585.3000,0.8888,-0.2701,1.4763,-0.08960,0.8958,-0.3610,-0.19260
585.4000,0.9271,-0.2740,1.4753,-0.08939,0.9300,-0.3665,-0.19299
585.5000,0.9677,-0.2783,1.4718,-0.08915,0.9714,-0.3730,-0.19321
585.6000,1.0088,-0.2826,1.4655,-0.08880,1.0164,-0.3798,-0.19315
585.7000,1.0502,-0.2870,1.4567,-0.08819,1.0552,-0.3853,-0.19272
585.8000,1.0955,-0.2918,1.4452,-0.08738,1.0944,-0.3908,-0.19207
585.9000,1.1344,-0.2959,1.4343,-0.08671,1.1348,-0.3964,-0.19145
586.0000,1.1771,-0.3005,1.4219,-0.08608,1.1824,-0.4031,-0.19086
586.1000,1.2219,-0.3054,1.4090,-0.08570,1.2197,-0.4118,-0.19071
586.2000,1.2619,-0.3098,1.3979,-0.08559,1.2347,-0.4359,-0.19079
586.3000,1.3060,-0.3146,1.3864,-0.08561,1.2805,-0.4434,-0.19105
586.4000,1.3524,-0.3197,1.3752,-0.08558,1.3235,-0.4504,-0.19127
586.5040,1.4048,-0.3256,1.3638,-0.08532,1.3703,-0.4587,-0.19135
586.6000,1.4467,-0.3304,1.3556,-0.08507,1.4168,-0.4676,-0.19133
586.7000,1.4871,-0.3351,1.3485,-0.08487,1.4598,-0.4765,-0.19133
586.8000,1.5371,-0.3409,1.3408,-0.08473,1.4994,-0.4852,-0.19137
586.9000,1.5781,-0.3458,1.3352,-0.08463,1.5463,-0.4958,-0.19144
587.0000,1.6287,-0.3517,1.3292,-0.08447,1.5935,-0.5064,-0.19146
587.1000,1.6798,-0.3576,1.3242,-0.08416,1.6377,-0.5159,-0.19144
587.2000,1.7275,-0.3630,1.3203,-0.08371,1.6865,-0.5259,-0.19130
587.3000,1.7752,-0.3684,1.3171,-0.08311,1.7317,-0.5353,-0.19102
587.4000,1.8230,-0.3737,1.3143,-0.08244,1.7856,-0.5600,-0.18887
587.5000,1.8713,-0.3789,1.3120,-0.08171,1.8358,-0.5835,-0.18672
587.6000,1.9179,-0.3839,1.3102,-0.08094,1.8811,-0.5917,-0.18633
587.7000,1.9627,-0.3886,1.3087,-0.08010,1.9306,-0.5998,-0.18599
587.8000,2.0111,-0.3937,1.3074,-0.07940,1.9804,-0.6079,-0.18583
587.9000,2.0596,-0.3987,1.3064,-0.07927,2.0263,-0.6156,-0.18606
588.0000,2.1083,-0.4039,1.3058,-0.07949,2.0719,-0.6237,-0.18634
588.1000,2.1631,-0.4098,1.3054,-0.07975,2.1247,-0.6330,-0.18653
588.2000,2.2043,-0.4143,1.3053,-0.07989,2.1662,-0.6395,-0.18677
588.3000,2.2536,-0.4197,1.3053,-0.08011,2.2153,-0.6468,-0.18719
588.4000,2.3049,-0.4254,1.3056,-0.08050,2.2641,-0.6543,-0.18773
588.5000,2.3563,-0.4311,1.3060,-0.08097,2.3090,-0.6613,-0.18821
588.6000,2.4079,-0.4368,1.3067,-0.08136,2.3584,-0.6772,-0.18539
588.7000,2.4599,-0.4426,1.3075,-0.08143,2.4085,-0.6837,-0.18597
588.8000,2.5081,-0.4480,1.3084,-0.08122,2.4553,-0.6895,-0.18636
588.9000,2.5565,-0.4536,1.3094,-0.08084,2.5024,-0.6953,-0.18663
589.0000,2.6094,-0.4598,1.3108,-0.08035,2.5537,-0.7015,-0.18686
589.1000,2.6564,-0.4654,1.3121,-0.07991,2.6055,-0.7075,-0.18719
589.2000,2.7095,-0.4718,1.3137,-0.07949,2.6539,-0.7132,-0.18751
589.3000,2.7604,-0.4781,1.3153,-0.07917,2.7031,-0.7195,-0.18780
589.4000,2.8093,-0.4844,1.3168,-0.07878,2.7525,-0.7263,-0.18774
589.5000,2.8664,-0.4920,1.3187,-0.07815,2.8064,-0.7339,-0.18736
589.6000,2.9134,-0.4985,1.3203,-0.07752,2.8564,-0.7412,-0.18686
589.7000,2.9625,-0.5054,1.3220,-0.07671,2.9111,-0.7490,-0.18624
589.8000,3.0174,-0.5133,1.3241,-0.07570,2.9719,-0.8052,-0.18214
589.9000,3.0703,-0.5211,1.3263,-0.07475,3.0230,-0.8120,-0.18159
590.0000,3.1212,-0.5288,1.3286,-0.07378,3.0784,-0.8188,-0.18108
590.1000,3.1721,-0.5366,1.3312,-0.07250,3.1303,-0.8250,-0.18044
590.2000,3.2211,-0.5442,1.3339,-0.07106,3.1869,-0.8325,-0.17933
590.3000,3.2701,-0.5520,1.3368,-0.06978,3.2435,-0.8412,-0.17805
590.4000,3.3210,-0.5603,1.3398,-0.06898,3.2858,-0.8793,-0.17360
590.5000,3.3717,-0.5688,1.3428,-0.06853,3.3373,-0.8888,-0.17284
590.6000,3.4243,-0.5777,1.3459,-0.06801,3.3876,-0.8988,-0.17200
590.7000,3.4726,-0.5860,1.3488,-0.06724,3.4370,-0.9092,-0.17092
590.8000,3.5247,-0.5950,1.3519,-0.06616,3.4895,-0.9201,-0.16974
590.9000,3.5725,-0.6032,1.3547,-0.06498,3.5412,-0.9297,-0.16876
591.0000,3.6221,-0.6118,1.3577,-0.06361,3.5584,-0.9678,-0.16796
591.1000,3.6692,-0.6200,1.3607,-0.06223,3.6087,-0.9766,-0.16696
591.2000,3.7158,-0.6280,1.3637,-0.06095,3.6546,-0.9850,-0.16594
591.3000,3.7676,-0.6370,1.3670,-0.05939,3.7040,-0.9941,-0.16454
591.4000,3.8170,-0.6456,1.3704,-0.05759,3.7519,-1.0031,-0.16274
591.5000,3.8657,-0.6543,1.3738,-0.05557,3.7950,-1.0114,-0.16072
591.6000,3.9079,-0.6619,1.3769,-0.05374,3.8406,-1.0468,-0.15840
591.7000,3.9476,-0.6691,1.3798,-0.05183,3.8845,-1.0583,-0.15594
591.8000,4.0011,-0.6790,1.3837,-0.04867,3.9237,-1.0651,-0.15331
591.9000,4.0380,-0.6859,1.3864,-0.04599,3.9655,-1.0723,-0.14985
592.0000,4.0883,-0.6953,1.3901,-0.04174,4.0034,-1.0785,-0.14625
592.1000,4.1291,-0.7031,1.3932,-0.03785,4.0411,-1.0843,-0.14242
592.2000,4.1675,-0.7104,1.3961,-0.03381,4.0815,-1.0902,-0.13798
592.3000,4.2144,-0.7189,1.3997,-0.02933,4.1181,-1.0951,-0.13403
592.4040,4.2592,-0.7273,1.4034,-0.02590,4.1505,-1.0999,-0.13086
592.5000,4.2912,-0.7342,1.4065,-0.02388,4.1878,-1.1066,-0.12744
592.6000,4.3183,-0.7411,1.4094,-0.02249,4.2160,-1.1129,-0.12475
592.7000,4.3406,-0.7481,1.4119,-0.02161,4.2362,-1.1185,-0.12275
592.8000,4.3571,-0.7546,1.4139,-0.02114,4.2510,-1.1241,-0.12098
592.9000,4.3709,-0.7615,1.4158,-0.02089,4.2716,-1.1896,-0.11932
593.0000,4.3815,-0.7683,1.4175,-0.02080,4.2775,-1.1940,-0.11806
593.1000,4.3884,-0.7741,1.4188,-0.02080,4.2807,-1.1977,-0.11706
593.2000,4.3933,-0.7792,1.4198,-0.02085,4.2824,-1.2015,-0.11589
593.3000,4.3978,-0.7854,1.4210,-0.02096,4.2833,-1.2055,-0.11441
593.4000,4.4006,-0.7905,1.4219,-0.02105,4.2842,-1.2096,-0.11269
593.5000,4.4028,-0.7957,1.4227,-0.02116,4.2853,-1.2145,-0.11077
593.6000,4.4046,-0.8015,1.4237,-0.02129,4.2864,-1.2197,-0.10926
593.7000,4.4057,-0.8059,1.4244,-0.02139,4.2879,-1.2254,-0.10799
593.8000,4.4065,-0.8108,1.4252,-0.02151,4.2898,-1.2305,-0.10711
593.9000,4.4069,-0.8146,1.4258,-0.02161,4.2921,-1.2361,-0.10626
594.0000,4.4069,-0.8188,1.4265,-0.02170,4.2940,-1.2413,-0.10536
594.1000,4.4066,-0.8229,1.4270,-0.02179,4.2959,-1.2467,-0.10442
594.2000,4.4060,-0.8265,1.4274,-0.02185,4.2974,-1.2515,-0.10371
594.3000,4.4050,-0.8299,1.4277,-0.02187,4.2992,-1.2564,-0.10316
594.4000,4.4037,-0.8334,1.4279,-0.02187,4.3010,-1.2597,-0.10303
594.5000,4.4023,-0.8361,1.4280,-0.02188,4.3027,-1.2627,-0.10312
594.6000,4.4005,-0.8389,1.4282,-0.02189,4.3037,-1.2648,-0.10331
594.7000,4.3983,-0.8414,1.4283,-0.02192,4.3040,-1.2669,-0.10338
594.8000,4.3958,-0.8437,1.4284,-0.02195,4.3036,-1.2689,-0.10328
594.9000,4.3931,-0.8459,1.4286,-0.02198,4.3020,-1.2708,-0.10305
595.0000,4.3898,-0.8480,1.4288,-0.02201,4.2996,-1.2721,-0.10281
595.1000,4.3861,-0.8500,1.4291,-0.02200,4.2963,-1.2732,-0.10249
595.2000,4.3815,-0.8516,1.4296,-0.02184,4.2930,-1.2740,-0.10209
595.3000,4.3762,-0.8535,1.4305,-0.02105,4.2901,-1.2749,-0.10116
595.4000,4.3732,-0.8552,1.4313,-0.02006,4.2887,-1.2765,-0.10007
595.5000,4.3727,-0.8568,1.4321,-0.01914,4.2895,-1.2794,-0.09914
595.6000,4.3745,-0.8584,1.4328,-0.01837,4.2932,-1.2833,-0.09851
595.7000,4.3785,-0.8600,1.4336,-0.01759,4.2989,-1.2874,-0.09821
595.8000,4.3845,-0.8615,1.4342,-0.01685,4.3074,-1.2917,-0.09790
595.9000,4.3920,-0.8627,1.4348,-0.01611,4.3169,-1.2950,-0.09736
596.0000,4.4016,-0.8638,1.4355,-0.01522,4.3288,-1.2981,-0.09649
596.1000,4.4124,-0.8648,1.4362,-0.01416,4.3412,-1.3009,-0.09540
596.2000,4.4254,-0.8656,1.4372,-0.01284,4.3567,-1.3036,-0.09394
596.3000,4.4411,-0.8664,1.4384,-0.01121,4.3726,-1.3055,-0.09220
596.4000,4.4548,-0.8669,1.4396,-0.00976,4.3911,-1.3075,-0.09005
596.5000,4.4744,-0.8674,1.4414,-0.00780,4.4091,-1.3089,-0.08786
596.6000,4.4927,-0.8677,1.4430,-0.00617,4.4295,-1.3099,-0.08524
596.7000,4.5124,-0.8680,1.4447,-0.00454,4.4491,-1.3103,-0.08259
596.8000,4.5333,-0.8682,1.4465,-0.00293,4.4694,-1.3106,-0.07990
596.9000,4.5534,-0.8683,1.4482,-0.00153,4.4918,-1.3110,-0.07718
597.0000,4.5763,-0.8684,1.4500,-0.00017,4.5132,-1.3111,-0.07486
597.1000,4.6000,-0.8686,1.4518,0.00098,4.5372,-1.3110,-0.07258
597.2000,4.6257,-0.8687,1.4537,0.00200,4.5601,-1.3112,-0.07099
597.3000,4.6493,-0.8689,1.4554,0.00285,4.5838,-1.3112,-0.06968
597.4000,4.6772,-0.8693,1.4572,0.00391,4.6088,-1.3109,-0.06834
597.5000,4.7043,-0.8697,1.4586,0.00502,4.6355,-1.3107,-0.06679
597.6000,4.7346,-0.8701,1.4600,0.00634,4.6660,-1.3108,-0.06509
597.7000,4.7645,-0.8705,1.4612,0.00764,4.6954,-1.3115,-0.06366
597.8000,4.7927,-0.8709,1.4622,0.00890,4.7286,-1.3125,-0.06217
597.9000,4.8281,-0.8714,1.4633,0.01062,4.7598,-1.3136,-0.06060
598.0000,4.8606,-0.8719,1.4643,0.01239,4.7945,-1.3152,-0.05870
598.1000,4.8915,-0.8723,1.4652,0.01438,4.8200,-1.3382,-0.06859
598.2000,4.9301,-0.8728,1.4663,0.01760,4.8429,-1.3763,-0.08550
598.3000,4.9651,-0.8733,1.4673,0.02105,4.8772,-1.3798,-0.08228
598.4000,5.0004,-0.8736,1.4682,0.02472,4.9148,-1.3837,-0.07828
598.5000,5.0332,-0.8738,1.4689,0.02814,4.9544,-1.3878,-0.07385
598.6000,5.0708,-0.8739,1.4694,0.03212,4.9929,-1.3917,-0.06941
598.7000,5.1076,-0.8738,1.4697,0.03594,5.0260,-1.3949,-0.06566
598.8000,5.1449,-0.8736,1.4697,0.03979,5.0660,-1.3983,-0.06124
598.9000,5.1812,-0.8733,1.4696,0.04375,5.1069,-1.4013,-0.05649
599.0000,5.2193,-0.8729,1.4692,0.04822,5.1350,-1.4037,-0.05177
599.1000,5.2577,-0.8722,1.4687,0.05280,5.1763,-1.4058,-0.04647
599.2000,5.2965,-0.8714,1.4681,0.05741,5.2149,-1.4071,-0.04141
599.3000,5.3357,-0.8703,1.4676,0.06199,5.2532,-1.4086,-0.03650
599.4000,5.3736,-0.8692,1.4674,0.06637,5.2944,-1.4103,-0.03138
599.5000,5.4168,-0.8678,1.4674,0.07147,5.3320,-1.4119,-0.02659
599.6000,5.4543,-0.8664,1.4676,0.07584,5.3725,-1.4127,-0.02134
599.7000,5.5004,-0.8644,1.4681,0.08082,5.4092,-1.4123,-0.01661
599.8000,5.5411,-0.8625,1.4686,0.08482,5.4453,-1.4109,-0.01226
599.9000,5.5765,-0.8607,1.4692,0.08803,5.4866,-1.4092,-0.00771
600.0000,5.6154,-0.8586,1.4699,0.09133,5.5207,-1.4078,-0.00442
600.1000,5.6524,-0.8566,1.4707,0.09429,5.5563,-1.4066,-0.00156
600.2000,5.6904,-0.8545,1.4717,0.09716,5.5877,-1.4054,0.00047
600.3000,5.7243,-0.8527,1.4726,0.09956,5.6192,-1.4041,0.00196
600.4000,5.7543,-0.8512,1.4734,0.10149,5.6474,-1.4030,0.00281
600.5000,5.7804,-0.8499,1.4742,0.10300,5.6705,-1.4231,-0.00402
600.6000,5.8047,-0.8488,1.4750,0.10424,5.6926,-1.4223,-0.00436
600.7000,5.8247,-0.8480,1.4757,0.10510,5.7102,-1.4215,-0.00522
600.8000,5.8429,-0.8474,1.4764,0.10574,5.7258,-1.4208,-0.00644
600.9000,5.8606,-0.8472,1.4771,0.10621,5.7371,-1.4205,-0.00777
601.0000,5.8753,-0.8474,1.4778,0.10647,5.7464,-1.4199,-0.00945
601.1000,5.8852,-0.8478,1.4783,0.10658,5.7518,-1.4195,-0.01097
601.2000,5.8953,-0.8486,1.4788,0.10664,5.7559,-1.4190,-0.01286
601.3000,5.9017,-0.8496,1.4791,0.10664,5.7577,-1.4195,-0.01452
601.4000,5.9082,-0.8511,1.4795,0.10658,5.7585,-1.4213,-0.01581
601.5000,5.9130,-0.8528,1.4797,0.10652,5.7592,-1.4251,-0.01671
601.6000,5.9165,-0.8543,1.4798,0.10644,5.7597,-1.4295,-0.01719
601.7000,5.9202,-0.8565,1.4800,0.10633,5.7599,-1.4348,-0.01759
601.8000,5.9229,-0.8585,1.4802,0.10623,5.7600,-1.4393,-0.01801
601.9040,5.9259,-0.8610,1.4803,0.10613,5.7597,-1.4437,-0.01859
602.0000,5.9283,-0.8631,1.4803,0.10605,5.7588,-1.4478,-0.01905
602.1000,5.9303,-0.8651,1.4804,0.10596,5.7580,-1.4512,-0.01941
602.2000,5.9324,-0.8672,1.4804,0.10586,5.7579,-1.4548,-0.01955
602.3000,5.9344,-0.8691,1.4804,0.10576,5.7582,-1.4586,-0.01956
602.4000,5.9360,-0.8706,1.4805,0.10566,5.7595,-1.4617,-0.01955
602.5000,5.9381,-0.8725,1.4805,0.10555,5.7613,-1.4656,-0.01947
602.6000,5.9397,-0.8739,1.4804,0.10546,5.7626,-1.4693,-0.01940
602.7000,5.9414,-0.8755,1.4803,0.10536,5.7638,-1.4746,-0.01933
602.8000,5.9430,-0.8769,1.4802,0.10528,5.7648,-1.4792,-0.01925
602.9000,5.9444,-0.8780,1.4800,0.10521,5.7659,-1.4835,-0.01923
603.0000,5.9458,-0.8790,1.4796,0.10514,5.7672,-1.4866,-0.01934
603.1000,5.9471,-0.8798,1.4791,0.10509,5.7692,-1.4892,-0.01951
603.2000,5.9483,-0.8803,1.4784,0.10505,5.7714,-1.4912,-0.01968
603.3000,5.9495,-0.8806,1.4774,0.10502,5.7738,-1.4932,-0.01984
603.4000,5.9506,-0.8808,1.4764,0.10499,5.7764,-1.4951,-0.01997
603.5000,5.9515,-0.8808,1.4754,0.10496,5.7797,-1.4968,-0.02012
603.6000,5.9522,-0.8807,1.4745,0.10493,5.7833,-1.4985,-0.02027
603.7000,5.9529,-0.8805,1.4734,0.10491,5.7866,-1.4996,-0.02043
603.8000,5.9532,-0.8802,1.4725,0.10491,5.7897,-1.5001,-0.02061
603.9000,5.9533,-0.8796,1.4713,0.10493,5.7919,-1.5000,-0.02075
604.0000,5.9531,-0.8790,1.4702,0.10494,5.7933,-1.4993,-0.02086
604.1000,5.9526,-0.8782,1.4690,0.10495,5.7940,-1.4976,-0.02101
604.2000,5.9519,-0.8774,1.4680,0.10496,5.7942,-1.4960,-0.02111
604.3000,5.9511,-0.8767,1.4670,0.10495,5.7935,-1.4953,-0.02129
604.4000,5.9500,-0.8760,1.4660,0.10493,5.7915,-1.4952,-0.02152
604.5000,5.9491,-0.8754,1.4652,0.10493,5.7890,-1.4956,-0.02173
604.6000,5.9478,-0.8746,1.4641,0.10492,5.7865,-1.4963,-0.02195
604.7000,5.9466,-0.8739,1.4631,0.10492,5.7839,-1.4965,-0.02216
604.8000,5.9454,-0.8732,1.4619,0.10490,5.7810,-1.4957,-0.02233
604.9000,5.9444,-0.8725,1.4607,0.10490,5.7780,-1.4948,-0.02241
605.0000,5.9433,-0.8716,1.4590,0.10489,5.7749,-1.4944,-0.02256
605.1000,5.9421,-0.8707,1.4570,0.10488,5.7717,-1.4941,-0.02279
605.2000,5.9410,-0.8698,1.4549,0.10487,5.7688,-1.4937,-0.02297
605.3000,5.9401,-0.8690,1.4529,0.10488,5.7659,-1.4928,-0.02308
605.4000,5.9392,-0.8678,1.4505,0.10490,5.7641,-1.4916,-0.02310
605.5000,5.9385,-0.8669,1.4485,0.10491,5.7632,-1.4900,-0.02310
605.6000,5.9378,-0.8658,1.4462,0.10492,5.7634,-1.4885,-0.02306
605.7000,5.9371,-0.8646,1.4439,0.10492,5.7643,-1.4880,-0.02309
605.8000,5.9366,-0.8637,1.4420,0.10489,5.7651,-1.4879,-0.02327
605.9000,5.9359,-0.8627,1.4400,0.10485,5.7658,-1.4880,-0.02350
606.0000,5.9353,-0.8619,1.4385,0.10482,5.7660,-1.4875,-0.02371
606.1000,5.9345,-0.8610,1.4370,0.10479,5.7660,-1.4866,-0.02384
606.2000,5.9335,-0.8601,1.4356,0.10478,5.7655,-1.4853,-0.02399
606.3000,5.9323,-0.8593,1.4343,0.10478,5.7645,-1.4839,-0.02416
606.4000,5.9312,-0.8585,1.4332,0.10480,5.7630,-1.4823,-0.02432
606.5000,5.9299,-0.8577,1.4320,0.10481,5.7611,-1.4808,-0.02450
606.6000,5.9286,-0.8570,1.4309,0.10482,5.7581,-1.4787,-0.02463
606.7000,5.9274,-0.8563,1.4298,0.10482,5.7550,-1.4765,-0.02476
606.8000,5.9260,-0.8556,1.4286,0.10483,5.7519,-1.4741,-0.02478
606.9000,5.9247,-0.8548,1.4274,0.10484,5.7486,-1.4719,-0.02480
607.0000,5.9235,-0.8540,1.4260,0.10484,5.7460,-1.4700,-0.02485
607.1000,5.9225,-0.8534,1.4246,0.10484,5.7443,-1.4680,-0.02488
607.2000,5.9217,-0.8529,1.4235,0.10482,5.7431,-1.4658,-0.02487
607.3000,5.9212,-0.8525,1.4226,0.10481,5.7424,-1.4635,-0.02484
607.4000,5.9208,-0.8520,1.4218,0.10481,5.7424,-1.4610,-0.02475
607.5000,5.9204,-0.8516,1.4212,0.10480,5.7429,-1.4580,-0.02468
607.6000,5.9202,-0.8513,1.4209,0.10481,5.7444,-1.4545,-0.02466
607.7000,5.9201,-0.8512,1.4206,0.10480,5.7458,-1.4513,-0.02465
607.8000,5.9201,-0.8512,1.4188,0.10479,5.7468,-1.4486,-0.02470
607.9000,5.9199,-0.8514,1.4153,0.10477,5.7477,-1.4463,-0.02480
608.0000,5.9195,-0.8519,1.4101,0.10475,5.7487,-1.4450,-0.02501
608.1000,5.9191,-0.8526,1.4036,0.10471,5.7504,-1.4446,-0.02535
608.2000,5.9185,-0.8535,1.3961,0.10468,5.7525,-1.4444,-0.02569
608.3000,5.9178,-0.8545,1.3881,0.10466,5.7543,-1.4439,-0.02594
608.4000,5.9171,-0.8555,1.3806,0.10465,5.7552,-1.4430,-0.02605
608.5000,5.9163,-0.8567,1.3722,0.10464,5.7553,-1.4417,-0.02617
608.6000,5.9154,-0.8579,1.3647,0.10463,5.7548,-1.4403,-0.02625
608.7000,5.9143,-0.8593,1.3570,0.10461,5.7541,-1.4389,-0.02639
608.8040,5.9132,-0.8608,1.3501,0.10458,5.7532,-1.4380,-0.02656
608.9000,5.9122,-0.8623,1.3440,0.10455,5.7523,-1.4374,-0.02681
609.0040,5.9111,-0.8642,1.3383,0.10451,5.7519,-1.4370,-0.02709
609.1000,5.9101,-0.8660,1.3336,0.10447,5.7520,-1.4368,-0.02736
609.2040,5.9092,-0.8677,1.3302,0.10444,5.7524,-1.4371,-0.02762
609.3000,5.9082,-0.8697,1.3273,0.10439,5.7522,-1.4377,-0.02793
609.4000,5.9073,-0.8718,1.3253,0.10437,5.7519,-1.4382,-0.02818
609.5000,5.9061,-0.8741,1.3239,0.10436,5.7511,-1.4390,-0.02838
609.6000,5.9052,-0.8761,1.3233,0.10435,5.7500,-1.4404,-0.02859
609.7000,5.9041,-0.8781,1.3232,0.10435,5.7482,-1.4418,-0.02882
609.8000,5.9029,-0.8802,1.3234,0.10437,5.7456,-1.4426,-0.02896
609.9000,5.9019,-0.8819,1.3237,0.10438,5.7428,-1.4430,-0.02909
610.0000,5.9006,-0.8841,1.3242,0.10438,5.7400,-1.4434,-0.02919
610.1000,5.8995,-0.8862,1.3247,0.10438,5.7380,-1.4437,-0.02929
610.2000,5.8985,-0.8880,1.3251,0.10438,5.7358,-1.4445,-0.02940
610.3000,5.8974,-0.8901,1.3254,0.10436,5.7333,-1.4458,-0.02959
610.4000,5.8965,-0.8920,1.3257,0.10435,5.7312,-1.4477,-0.02978
610.5000,5.8955,-0.8942,1.3259,0.10432,5.7291,-1.4507,-0.03002
610.6000,5.8948,-0.8959,1.3261,0.10429,5.7279,-1.4544,-0.03030
610.7000,5.8941,-0.8978,1.3265,0.10427,5.7270,-1.4593,-0.03056
610.8000,5.8935,-0.8997,1.3272,0.10423,5.7266,-1.4637,-0.03081
610.9000,5.8931,-0.9011,1.3279,0.10421,5.7262,-1.4687,-0.03104
611.0000,5.8926,-0.9024,1.3290,0.10420,5.7253,-1.4738,-0.03122
611.1000,5.8921,-0.9035,1.3305,0.10419,5.7236,-1.4791,-0.03138
611.2000,5.8915,-0.9043,1.3321,0.10420,5.7213,-1.4844,-0.03144
611.3000,5.8910,-0.9048,1.3340,0.10421,5.7194,-1.4886,-0.03149
611.4000,5.8906,-0.9049,1.3358,0.10423,5.7174,-1.4921,-0.03148
611.5000,5.8902,-0.9049,1.3383,0.10425,5.7153,-1.4948,-0.03144
611.6000,5.8899,-0.9047,1.3405,0.10427,5.7132,-1.4971,-0.03139
611.7000,5.8897,-0.9043,1.3432,0.10431,5.7117,-1.4986,-0.03132
611.8000,5.8895,-0.9036,1.3460,0.10434,5.7109,-1.4994,-0.03126
611.9000,5.8895,-0.9029,1.3489,0.10438,5.7104,-1.4997,-0.03116
612.0000,5.8897,-0.9021,1.3516,0.10441,5.7102,-1.4995,-0.03107
612.1000,5.8900,-0.9010,1.3545,0.10444,5.7101,-1.4988,-0.03101
612.2000,5.8904,-0.8999,1.3574,0.10447,5.7103,-1.4972,-0.03091
612.3000,5.8910,-0.8988,1.3604,0.10451,5.7103,-1.4957,-0.03080
612.4000,5.8916,-0.8976,1.3634,0.10455,5.7108,-1.4947,-0.03080
612.5000,5.8923,-0.8965,1.3663,0.10458,5.7117,-1.4936,-0.03082
612.6000,5.8929,-0.8956,1.3687,0.10461,5.7129,-1.4923,-0.03084
612.7000,5.8936,-0.8945,1.3713,0.10463,5.7140,-1.4898,-0.03082
612.8000,5.8944,-0.8935,1.3739,0.10463,5.7149,-1.4871,-0.03080
612.9000,5.8952,-0.8924,1.3765,0.10464,5.7156,-1.4838,-0.03079
613.0000,5.8960,-0.8915,1.3787,0.10465,5.7165,-1.4798,-0.03075
613.1000,5.8968,-0.8906,1.3809,0.10466,5.7175,-1.4761,-0.03072
613.2000,5.8975,-0.8901,1.3827,0.10466,5.7187,-1.4734,-0.03078
613.3000,5.8984,-0.8895,1.3850,0.10466,5.7204,-1.4713,-0.03085
613.4000,5.8993,-0.8891,1.3871,0.10466,5.7223,-1.4702,-0.03098
613.5000,5.9002,-0.8890,1.3888,0.10464,5.7247,-1.4700,-0.03116
613.6000,5.9011,-0.8890,1.3909,0.10463,5.7266,-1.4702,-0.03136
613.7000,5.9018,-0.8891,1.3928,0.10462,5.7279,-1.4703,-0.03153
613.8000,5.9024,-0.8893,1.3947,0.10462,5.7293,-1.4700,-0.03167
613.9000,5.9029,-0.8894,1.3967,0.10463,5.7303,-1.4691,-0.03179
614.0000,5.9035,-0.8896,1.3990,0.10466,5.7313,-1.4682,-0.03185
614.1000,5.9040,-0.8897,1.4013,0.10469,5.7328,-1.4680,-0.03191
614.2000,5.9045,-0.8900,1.4039,0.10469,5.7338,-1.4688,-0.03204
614.3000,5.9050,-0.8904,1.4065,0.10469,5.7343,-1.4708,-0.03217
614.4000,5.9054,-0.8910,1.4089,0.10469,5.7336,-1.4733,-0.03230
614.5000,5.9056,-0.8914,1.4110,0.10469,5.7322,-1.4758,-0.03244
614.6000,5.9057,-0.8920,1.4136,0.10468,5.7306,-1.4780,-0.03256
614.7000,5.9058,-0.8925,1.4156,0.10467,5.7293,-1.4805,-0.03271
614.8000,5.9059,-0.8931,1.4180,0.10465,5.7284,-1.4824,-0.03283
614.9000,5.9060,-0.8936,1.4205,0.10463,5.7280,-1.4845,-0.03296
615.0000,5.9062,-0.8940,1.4227,0.10461,5.7275,-1.4864,-0.03305
615.1000,5.9064,-0.8943,1.4250,0.10462,5.7270,-1.4885,-0.03315
615.2000,5.9065,-0.8946,1.4272,0.10462,5.7269,-1.4908,-0.03322
615.3000,5.9068,-0.8948,1.4293,0.10461,5.7273,-1.4929,-0.03332
615.4000,5.9070,-0.8951,1.4314,0.10460,5.7276,-1.4949,-0.03339
615.5000,5.9072,-0.8954,1.4335,0.10459,5.7283,-1.4968,-0.03347
615.6000,5.9074,-0.8956,1.4357,0.10460,5.7298,-1.4986,-0.03350
615.7000,5.9077,-0.8957,1.4379,0.10460,5.7317,-1.4999,-0.03358
615.8000,5.9080,-0.8957,1.4400,0.10462,5.7335,-1.5008,-0.03361
615.9000,5.9081,-0.8956,1.4420,0.10463,5.7347,-1.5009,-0.03366
616.0000,5.9082,-0.8955,1.4432,0.10466,5.7351,-1.5008,-0.03368
616.1000,5.9081,-0.8954,1.4431,0.10467,5.7348,-1.5010,-0.03371
616.2000,5.9079,-0.8953,1.4420,0.10469,5.7341,-1.5018,-0.03376
616.3000,5.9076,-0.8951,1.4399,0.10470,5.7326,-1.5033,-0.03380
616.4000,5.9072,-0.8950,1.4371,0.10469,5.7307,-1.5046,-0.03387
616.5000,5.9068,-0.8949,1.4341,0.10467,5.7283,-1.5054,-0.03393
616.6000,5.9065,-0.8948,1.4313,0.10465,5.7267,-1.5053,-0.03401
616.7000,5.9062,-0.8945,1.4278,0.10464,5.7256,-1.5045,-0.03404
616.8000,5.9061,-0.8942,1.4251,0.10464,5.7247,-1.5032,-0.03404
616.9000,5.9060,-0.8938,1.4217,0.10465,5.7239,-1.5023,-0.03405
617.0000,5.9060,-0.8935,1.4188,0.10466,5.7230,-1.5020,-0.03402
617.1000,5.9062,-0.8932,1.4156,0.10463,5.7215,-1.5018,-0.03408
617.2000,5.9065,-0.8929,1.4129,0.10462,5.7204,-1.5018,-0.03413
617.3000,5.9070,-0.8928,1.4102,0.10461,5.7197,-1.5019,-0.03423
617.4000,5.9076,-0.8926,1.4076,0.10461,5.7195,-1.5017,-0.03426
617.5000,5.9083,-0.8924,1.4052,0.10461,5.7198,-1.5016,-0.03432
617.6000,5.9090,-0.8924,1.4031,0.10460,5.7214,-1.5012,-0.03442
617.7000,5.9100,-0.8923,1.4010,0.10460,5.7234,-1.5006,-0.03450
617.8000,5.9108,-0.8923,1.3993,0.10461,5.7260,-1.5003,-0.03456
617.9000,5.9119,-0.8923,1.3974,0.10463,5.7283,-1.5001,-0.03462
618.0000,5.9128,-0.8923,1.3960,0.10464,5.7301,-1.5001,-0.03469
618.1000,5.9135,-0.8924,1.3947,0.10465,5.7317,-1.5009,-0.03477
618.2000,5.9141,-0.8926,1.3935,0.10465,5.7332,-1.5023,-0.03488
618.3000,5.9146,-0.8928,1.3926,0.10465,5.7348,-1.5042,-0.03500
618.4000,5.9150,-0.8930,1.3918,0.10465,5.7363,-1.5067,-0.03511
618.5000,5.9153,-0.8932,1.3912,0.10465,5.7372,-1.5087,-0.03521
618.6000,5.9155,-0.8935,1.3909,0.10464,5.7380,-1.5101,-0.03532
618.7000,5.9157,-0.8936,1.3909,0.10463,5.7382,-1.5108,-0.03539
618.8000,5.9158,-0.8936,1.3910,0.10462,5.7378,-1.5116,-0.03544
618.9000,5.9158,-0.8935,1.3913,0.10461,5.7367,-1.5129,-0.03553
619.0000,5.9157,-0.8936,1.3916,0.10460,5.7349,-1.5144,-0.03563
619.1000,5.9157,-0.8936,1.3920,0.10459,5.7326,-1.5158,-0.03573
619.2000,5.9157,-0.8935,1.3922,0.10462,5.7299,-1.5166,-0.03580
619.3000,5.9157,-0.8933,1.3924,0.10465,5.7274,-1.5169,-0.03582
619.4000,5.9158,-0.8931,1.3925,0.10468,5.7253,-1.5170,-0.03583
619.5000,5.9159,-0.8928,1.3925,0.10471,5.7238,-1.5170,-0.03584
619.6000,5.9161,-0.8925,1.3925,0.10474,5.7230,-1.5171,-0.03587
619.7000,5.9163,-0.8921,1.3926,0.10476,5.7227,-1.5171,-0.03590
619.8000,5.9166,-0.8917,1.3929,0.10478,5.7220,-1.5168,-0.03588
619.9000,5.9170,-0.8911,1.3933,0.10480,5.7212,-1.5165,-0.03589
620.0000,5.9174,-0.8905,1.3939,0.10483,5.7205,-1.5163,-0.03591
620.1000,5.9178,-0.8900,1.3948,0.10485,5.7198,-1.5161,-0.03589
620.2000,5.9183,-0.8894,1.3961,0.10487,5.7187,-1.5159,-0.03587
620.3000,5.9188,-0.8888,1.3978,0.10487,5.7174,-1.5151,-0.03589
620.4000,5.9193,-0.8881,1.3997,0.10487,5.7165,-1.5136,-0.03589
620.5000,5.9199,-0.8875,1.4019,0.10487,5.7159,-1.5113,-0.03588
620.6000,5.9207,-0.8867,1.4048,0.10487,5.7162,-1.5090,-0.03593
620.7000,5.9216,-0.8861,1.4075,0.10487,5.7178,-1.5066,-0.03594
620.8000,5.9226,-0.8855,1.4106,0.10488,5.7202,-1.5046,-0.03596
620.9000,5.9236,-0.8850,1.4136,0.10489,5.7240,-1.5023,-0.03600
621.0040,5.9249,-0.8843,1.4175,0.10489,5.7271,-1.5000,-0.03605
621.1000,5.9261,-0.8838,1.4207,0.10488,5.7301,-1.4985,-0.03614
621.2000,5.9272,-0.8834,1.4236,0.10486,5.7335,-1.4980,-0.03624
621.3040,5.9282,-0.8830,1.4264,0.10484,5.7369,-1.4980,-0.03635
621.4000,5.9290,-0.8828,1.4283,0.10484,5.7399,-1.4977,-0.03643
621.5000,5.9298,-0.8825,1.4302,0.10485,5.7423,-1.4972,-0.03649
621.6000,5.9307,-0.8823,1.4318,0.10486,5.7445,-1.4963,-0.03652
621.7000,5.9312,-0.8820,1.4330,0.10487,5.7471,-1.4951,-0.03655
621.8000,5.9318,-0.8817,1.4344,0.10488,5.7498,-1.4935,-0.03659
621.9000,5.9323,-0.8815,1.4355,0.10489,5.7524,-1.4918,-0.03664
622.0000,5.9328,-0.8813,1.4370,0.10490,5.7545,-1.4900,-0.03668
622.1000,5.9331,-0.8811,1.4382,0.10491,5.7564,-1.4877,-0.03671
622.2000,5.9335,-0.8810,1.4399,0.10493,5.7574,-1.4854,-0.03672
622.3000,5.9337,-0.8810,1.4417,0.10495,5.7575,-1.4826,-0.03674
622.4000,5.9338,-0.8810,1.4435,0.10496,5.7576,-1.4801,-0.03677
622.5000,5.9338,-0.8813,1.4459,0.10496,5.7576,-1.4780,-0.03682
622.6000,5.9338,-0.8817,1.4482,0.10497,5.7576,-1.4768,-0.03688
622.7000,5.9339,-0.8822,1.4502,0.10496,5.7572,-1.4767,-0.03702
622.8000,5.9340,-0.8830,1.4525,0.10494,5.7563,-1.4773,-0.03717
622.9000,5.9341,-0.8839,1.4544,0.10492,5.7557,-1.4784,-0.03729
623.0000,5.9344,-0.8850,1.4563,0.10491,5.7556,-1.4795,-0.03739
623.1000,5.9346,-0.8861,1.4580,0.10490,5.7558,-1.4804,-0.03752
623.2000,5.9349,-0.8872,1.4597,0.10489,5.7563,-1.4810,-0.03762
623.3000,5.9352,-0.8883,1.4612,0.10488,5.7572,-1.4815,-0.03772
623.4000,5.9356,-0.8895,1.4629,0.10488,5.7583,-1.4827,-0.03780
623.5000,5.9360,-0.8906,1.4644,0.10487,5.7589,-1.4842,-0.03788
623.6000,5.9363,-0.8918,1.4658,0.10485,5.7587,-1.4870,-0.03799
623.7000,5.9365,-0.8929,1.4670,0.10485,5.7580,-1.4899,-0.03806
623.8000,5.9367,-0.8941,1.4682,0.10484,5.7565,-1.4928,-0.03814
623.9000,5.9369,-0.8951,1.4692,0.10484,5.7551,-1.4953,-0.03822
624.0000,5.9371,-0.8960,1.4703,0.10484,5.7543,-1.4971,-0.03827
624.1000,5.9372,-0.8967,1.4715,0.10485,5.7533,-1.4982,-0.03828
624.2000,5.9373,-0.8973,1.4726,0.10488,5.7526,-1.4986,-0.03826
624.3000,5.9376,-0.8978,1.4740,0.10492,5.7520,-1.4980,-0.03821
624.4000,5.9377,-0.8981,1.4749,0.10493,5.7514,-1.4974,-0.03815
624.5000,5.9379,-0.8985,1.4759,0.10496,5.7518,-1.4970,-0.03809
624.6000,5.9382,-0.8988,1.4767,0.10498,5.7527,-1.4970,-0.03809
624.7040,5.9384,-0.8992,1.4772,0.10499,5.7542,-1.4971,-0.03809
624.8000,5.9388,-0.8996,1.4775,0.10500,5.7556,-1.4969,-0.03812
624.9000,5.9391,-0.8999,1.4776,0.10500,5.7565,-1.4961,-0.03816
625.0000,5.9393,-0.9004,1.4775,0.10500,5.7574,-1.4952,-0.03820
625.1000,5.9395,-0.9009,1.4773,0.10502,5.7583,-1.4944,-0.03820
625.2000,5.9398,-0.9015,1.4769,0.10502,5.7588,-1.4936,-0.03823
625.3000,5.9401,-0.9022,1.4766,0.10502,5.7599,-1.4925,-0.03825
625.4000,5.9404,-0.9029,1.4762,0.10500,5.7610,-1.4919,-0.03830
625.5000,5.9407,-0.9039,1.4758,0.10499,5.7615,-1.4913,-0.03838
625.6000,5.9410,-0.9048,1.4755,0.10499,5.7617,-1.4907,-0.03843
625.7000,5.9413,-0.9059,1.4753,0.10499,5.7616,-1.4905,-0.03849
625.8000,5.9418,-0.9071,1.4752,0.10498,5.7611,-1.4906,-0.03856
625.9000,5.9422,-0.9084,1.4752,0.10497,5.7601,-1.4914,-0.03862
626.0000,5.9426,-0.9096,1.4754,0.10496,5.7587,-1.4928,-0.03871
626.1000,5.9432,-0.9110,1.4758,0.10494,5.7577,-1.4945,-0.03879
626.2000,5.9439,-0.9125,1.4763,0.10492,5.7566,-1.4963,-0.03886
626.3000,5.9446,-0.9140,1.4771,0.10490,5.7556,-1.4977,-0.03892
626.4000,5.9454,-0.9153,1.4778,0.10490,5.7553,-1.4990,-0.03901
626.5000,5.9462,-0.9166,1.4785,0.10489,5.7557,-1.5002,-0.03904
626.6000,5.9474,-0.9180,1.4789,0.10488,5.7565,-1.5017,-0.03913
626.7000,5.9485,-0.9192,1.4789,0.10488,5.7578,-1.5031,-0.03918
626.8000,5.9496,-0.9204,1.4787,0.10488,5.7596,-1.5046,-0.03925
626.9000,5.9506,-0.9217,1.4782,0.10487,5.7618,-1.5060,-0.03930
627.0000,5.9519,-0.9231,1.4775,0.10486,5.7640,-1.5071,-0.03934
627.1000,5.9529,-0.9243,1.4769,0.10484,5.7658,-1.5078,-0.03939
627.2000,5.9539,-0.9255,1.4763,0.10481,5.7671,-1.5082,-0.03944
627.3000,5.9549,-0.9267,1.4757,0.10477,5.7676,-1.5084,-0.03950
627.4000,5.9558,-0.9280,1.4750,0.10473,5.7677,-1.5087,-0.03958
627.5000,5.9567,-0.9291,1.4744,0.10472,5.7677,-1.5096,-0.03963
627.6000,5.9575,-0.9304,1.4737,0.10471,5.7670,-1.5110,-0.03968
627.7000,5.9583,-0.9315,1.4729,0.10471,5.7661,-1.5131,-0.03970
627.8000,5.9594,-0.9330,1.4717,0.10470,5.7652,-1.5158,-0.03976
627.9000,5.9603,-0.9342,1.4706,0.10469,5.7649,-1.5190,-0.03986
628.0000,5.9612,-0.9353,1.4697,0.10469,5.7654,-1.5233,-0.03997
628.1040,5.9625,-0.9366,1.4686,0.10471,5.7673,-1.5287,-0.04007
628.2000,5.9636,-0.9375,1.4677,0.10473,5.7698,-1.5334,-0.04017
628.3000,5.9650,-0.9383,1.4667,0.10475,5.7727,-1.5387,-0.04025
628.4000,5.9661,-0.9388,1.4656,0.10476,5.7748,-1.5433,-0.04030
628.5000,5.9670,-0.9391,1.4646,0.10477,5.7758,-1.5471,-0.04032
628.6000,5.9680,-0.9393,1.4633,0.10480,5.7768,-1.5515,-0.04030
628.7040,5.9690,-0.9391,1.4619,0.10482,5.7777,-1.5556,-0.04026
628.8000,5.9696,-0.9388,1.4607,0.10484,5.7786,-1.5588,-0.04024
628.9000,5.9703,-0.9381,1.4594,0.10487,5.7794,-1.5611,-0.04018
629.0000,5.9709,-0.9371,1.4579,0.10490,5.7803,-1.5627,-0.04013
629.1040,5.9714,-0.9360,1.4566,0.10493,5.7816,-1.5630,-0.04010
629.2000,5.9718,-0.9348,1.4553,0.10495,5.7827,-1.5616,-0.04006
629.3000,5.9721,-0.9332,1.4540,0.10499,5.7838,-1.5591,-0.03999
629.4000,5.9724,-0.9313,1.4525,0.10504,5.7845,-1.5564,-0.03991
629.5000,5.9726,-0.9296,1.4513,0.10507,5.7852,-1.5537,-0.03987
629.6000,5.9729,-0.9278,1.4503,0.10510,5.7859,-1.5507,-0.03978
629.7000,5.9732,-0.9261,1.4494,0.10512,5.7865,-1.5477,-0.03975
629.8000,5.9734,-0.9244,1.4487,0.10515,5.7872,-1.5450,-0.03974
629.9000,5.9736,-0.9229,1.4484,0.10518,5.7882,-1.5432,-0.03976
630.0000,5.9737,-0.9215,1.4481,0.10521,5.7895,-1.5415,-0.03980
630.1000,5.9738,-0.9203,1.4481,0.10523,5.7900,-1.5407,-0.03984
630.2000,5.9737,-0.9192,1.4482,0.10525,5.7899,-1.5404,-0.03987
630.3000,5.9736,-0.9181,1.4482,0.10527,5.7886,-1.5399,-0.03993
630.4000,5.9734,-0.9171,1.4481,0.10529,5.7875,-1.5394,-0.03999
630.5000,5.9732,-0.9160,1.4479,0.10533,5.7868,-1.5391,-0.04002
630.6000,5.9730,-0.9149,1.4476,0.10536,5.7865,-1.5390,-0.04009
630.7000,5.9728,-0.9138,1.4472,0.10538,5.7860,-1.5390,-0.04011
630.8000,5.9727,-0.9127,1.4467,0.10540,5.7852,-1.5385,-0.04015
630.9000,5.9726,-0.9116,1.4461,0.10543,5.7842,-1.5373,-0.04014
631.0000,5.9725,-0.9104,1.4454,0.10547,5.7837,-1.5349,-0.04012
631.1000,5.9725,-0.9088,1.4445,0.10555,5.7844,-1.5314,-0.04002
631.2000,5.9726,-0.9075,1.4437,0.10561,5.7857,-1.5278,-0.03994
631.3000,5.9727,-0.9058,1.4427,0.10568,5.7875,-1.5235,-0.03984
631.4000,5.9729,-0.9043,1.4416,0.10571,5.7893,-1.5189,-0.03981
631.5000,5.9731,-0.9030,1.4403,0.10574,5.7908,-1.5148,-0.03976
631.6000,5.9733,-0.9018,1.4388,0.10574,5.7925,-1.5100,-0.03972
631.7000,5.9735,-0.9010,1.4373,0.10571,5.7939,-1.5058,-0.03972
631.8000,5.9737,-0.9002,1.4357,0.10569,5.7955,-1.5020,-0.03975
631.9000,5.9739,-0.8998,1.4341,0.10567,5.7974,-1.4997,-0.03983
632.0000,5.9740,-0.8996,1.4325,0.10563,5.7989,-1.4978,-0.03995
632.1000,5.9740,-0.8996,1.4307,0.10559,5.8003,-1.4962,-0.04009
632.2000,5.9739,-0.8998,1.4292,0.10557,5.8018,-1.4956,-0.04022
632.3000,5.9737,-0.9003,1.4273,0.10552,5.8030,-1.4958,-0.04036
632.4040,5.9735,-0.9010,1.4252,0.10548,5.8041,-1.4967,-0.04051
632.5000,5.9731,-0.9017,1.4231,0.10543,5.8050,-1.4979,-0.04066
632.6000,5.9727,-0.9025,1.4210,0.10541,5.8058,-1.4991,-0.04077
632.7000,5.9723,-0.9032,1.4190,0.10539,5.8067,-1.5006,-0.04089
632.8000,5.9716,-0.9041,1.4167,0.10538,5.8073,-1.5025,-0.04101
632.9040,5.9709,-0.9049,1.4148,0.10538,5.8068,-1.5041,-0.04111
633.0000,5.9701,-0.9057,1.4129,0.10538,5.8056,-1.5053,-0.04117
633.1000,5.9693,-0.9063,1.4114,0.10538,5.8043,-1.5061,-0.04122
633.2000,5.9683,-0.9070,1.4101,0.10538,5.8033,-1.5065,-0.04125
633.3000,5.9673,-0.9076,1.4090,0.10537,5.8021,-1.5072,-0.04128
633.4000,5.9664,-0.9080,1.4084,0.10535,5.8011,-1.5078,-0.04131
633.5000,5.9656,-0.9085,1.4082,0.10533,5.7999,-1.5080,-0.04135
633.6000,5.9648,-0.9089,1.4082,0.10531,5.7987,-1.5078,-0.04138
633.7000,5.9641,-0.9092,1.4085,0.10529,5.7976,-1.5070,-0.04140
633.8000,5.9634,-0.9095,1.4090,0.10528,5.7968,-1.5055,-0.04141
633.9000,5.9627,-0.9097,1.4099,0.10526,5.7966,-1.5043,-0.04140
634.0000,5.9622,-0.9099,1.4107,0.10525,5.7971,-1.5036,-0.04142
634.1000,5.9616,-0.9102,1.4120,0.10524,5.7982,-1.5032,-0.04146
634.2000,5.9610,-0.9106,1.4135,0.10521,5.8001,-1.5028,-0.04150
634.3000,5.9603,-0.9110,1.4151,0.10517,5.8019,-1.5024,-0.04155
634.4000,5.9597,-0.9115,1.4166,0.10514,5.8033,-1.5017,-0.04158
634.5000,5.9590,-0.9121,1.4182,0.10510,5.8040,-1.5012,-0.04166
634.6000,5.9581,-0.9127,1.4198,0.10507,5.8038,-1.5013,-0.04174
634.7000,5.9572,-0.9135,1.4214,0.10505,5.8033,-1.5017,-0.04179
634.8000,5.9562,-0.9144,1.4233,0.10502,5.8019,-1.5022,-0.04182
634.9000,5.9552,-0.9153,1.4250,0.10499,5.8000,-1.5025,-0.04194
635.0000,5.9541,-0.9164,1.4268,0.10495,5.7981,-1.5034,-0.04202
635.1000,5.9531,-0.9175,1.4285,0.10492,5.7964,-1.5053,-0.04211
635.2000,5.9522,-0.9186,1.4302,0.10489,5.7953,-1.5076,-0.04221
635.3000,5.9512,-0.9199,1.4318,0.10485,5.7943,-1.5101,-0.04235
635.4000,5.9501,-0.9213,1.4336,0.10482,5.7936,-1.5123,-0.04242
635.5000,5.9491,-0.9225,1.4351,0.10478,5.7924,-1.5145,-0.04250
635.6000,5.9480,-0.9238,1.4370,0.10476,5.7908,-1.5159,-0.04257
635.7040,5.9472,-0.9247,1.4386,0.10476,5.7898,-1.5168,-0.04263
635.8000,5.9463,-0.9258,1.4408,0.10476,5.7893,-1.5175,-0.04266
635.9000,5.9456,-0.9267,1.4429,0.10477,5.7892,-1.5180,-0.04263
636.0000,5.9449,-0.9277,1.4456,0.10477,5.7891,-1.5188,-0.04265
636.1000,5.9443,-0.9286,1.4483,0.10477,5.7893,-1.5202,-0.04268
636.2000,5.9437,-0.9295,1.4510,0.10475,5.7898,-1.5219,-0.04273
636.3000,5.9431,-0.9306,1.4541,0.10473,5.7907,-1.5232,-0.04276
636.4000,5.9425,-0.9315,1.4570,0.10472,5.7918,-1.5238,-0.04281
636.5000,5.9419,-0.9323,1.4595,0.10472,5.7928,-1.5236,-0.04284
636.6000,5.9411,-0.9332,1.4619,0.10473,5.7933,-1.5229,-0.04281
636.7000,5.9403,-0.9341,1.4639,0.10475,5.7928,-1.5223,-0.04280
636.8000,5.9393,-0.9350,1.4657,0.10477,5.7916,-1.5219,-0.04279
636.9000,5.9384,-0.9359,1.4670,0.10478,5.7898,-1.5219,-0.04279
637.0000,5.9372,-0.9371,1.4682,0.10480,5.7880,-1.5221,-0.04281
637.1000,5.9362,-0.9380,1.4690,0.10482,5.7872,-1.5227,-0.04282
637.2000,5.9350,-0.9393,1.4697,0.10483,5.7870,-1.5242,-0.04285
637.3000,5.9338,-0.9406,1.4701,0.10485,5.7874,-1.5263,-0.04293
637.4000,5.9328,-0.9420,1.4704,0.10486,5.7878,-1.5282,-0.04299
637.5000,5.9319,-0.9431,1.4706,0.10489,5.7873,-1.5297,-0.04301
637.6000,5.9307,-0.9446,1.4708,0.10492,5.7860,-1.5311,-0.04301
637.7000,5.9295,-0.9459,1.4709,0.10494,5.7845,-1.5327,-0.04303
637.8000,5.9284,-0.9472,1.4710,0.10496,5.7831,-1.5340,-0.04306
637.9000,5.9274,-0.9484,1.4711,0.10497,5.7809,-1.5354,-0.04309
638.0000,5.9262,-0.9500,1.4712,0.10497,5.7786,-1.5370,-0.04311
638.1000,5.9252,-0.9513,1.4713,0.10496,5.7759,-1.5390,-0.04316
638.2000,5.9241,-0.9527,1.4714,0.10496,5.7728,-1.5414,-0.04320
638.3000,5.9232,-0.9540,1.4717,0.10496,5.7700,-1.5442,-0.04324
638.4000,5.9223,-0.9553,1.4722,0.10496,5.7674,-1.5479,-0.04326
638.5040,5.9217,-0.9564,1.4728,0.10495,5.7652,-1.5521,-0.04333
638.6000,5.9212,-0.9575,1.4734,0.10496,5.7631,-1.5563,-0.04335
638.7000,5.9207,-0.9586,1.4743,0.10497,5.7611,-1.5594,-0.04334
638.8000,5.9204,-0.9594,1.4753,0.10501,5.7591,-1.5610,-0.04330
638.9000,5.9202,-0.9600,1.4763,0.10503,5.7567,-1.5621,-0.04323
639.0000,5.9200,-0.9605,1.4775,0.10506,5.7544,-1.5625,-0.04316
639.1000,5.9200,-0.9608,1.4784,0.10508,5.7523,-1.5623,-0.04306
639.2000,5.9201,-0.9611,1.4792,0.10510,5.7511,-1.5614,-0.04298
639.3000,5.9203,-0.9613,1.4795,0.10511,5.7509,-1.5600,-0.04293
639.4000,5.9207,-0.9616,1.4796,0.10512,5.7518,-1.5590,-0.04294
639.5000,5.9211,-0.9619,1.4795,0.10512,5.7539,-1.5581,-0.04298
639.6000,5.9216,-0.9622,1.4792,0.10512,5.7562,-1.5574,-0.04301
639.7000,5.9221,-0.9626,1.4790,0.10512,5.7586,-1.5562,-0.04304
639.8000,5.9226,-0.9630,1.4787,0.10511,5.7604,-1.5550,-0.04307
639.9000,5.9231,-0.9637,1.4784,0.10510,5.7618,-1.5537,-0.04311
640.0000,5.9234,-0.9643,1.4780,0.10511,5.7631,-1.5519,-0.04313
640.1000,5.9236,-0.9650,1.4776,0.10511,5.7636,-1.5509,-0.04314
640.2000,5.9239,-0.9658,1.4770,0.10510,5.7637,-1.5509,-0.04320
640.3000,5.9241,-0.9668,1.4763,0.10509,5.7630,-1.5513,-0.04329
640.4000,5.9243,-0.9678,1.4753,0.10507,5.7618,-1.5516,-0.04335
640.5000,5.9246,-0.9689,1.4741,0.10506,5.7606,-1.5518,-0.04341
640.6000,5.9249,-0.9699,1.4729,0.10506,5.7593,-1.5519,-0.04345
640.7000,5.9253,-0.9710,1.4712,0.10508,5.7578,-1.5526,-0.04348
640.8000,5.9256,-0.9719,1.4694,0.10509,5.7560,-1.5538,-0.04351
640.9000,5.9259,-0.9731,1.4670,0.10510,5.7540,-1.5551,-0.04350
641.0000,5.9263,-0.9742,1.4646,0.10511,5.7518,-1.5571,-0.04351
641.1000,5.9268,-0.9754,1.4622,0.10508,5.7497,-1.5602,-0.04356
641.2000,5.9274,-0.9765,1.4597,0.10506,5.7478,-1.5647,-0.04364
641.3000,5.9282,-0.9775,1.4572,0.10505,5.7461,-1.5694,-0.04370
641.4000,5.9289,-0.9784,1.4550,0.10504,5.7448,-1.5741,-0.04373
641.5000,5.9298,-0.9791,1.4529,0.10504,5.7439,-1.5785,-0.04376
641.6000,5.9310,-0.9797,1.4506,0.10504,5.7436,-1.5814,-0.04375
641.7000,5.9323,-0.9799,1.4487,0.10505,5.7432,-1.5833,-0.04377
641.8000,5.9334,-0.9799,1.4471,0.10508,5.7427,-1.5847,-0.04371
641.9000,5.9346,-0.9797,1.4458,0.10510,5.7421,-1.5859,-0.04363
642.0000,5.9357,-0.9794,1.4448,0.10512,5.7420,-1.5869,-0.04354
642.1000,5.9370,-0.9789,1.4439,0.10513,5.7421,-1.5874,-0.04351
642.2000,5.9382,-0.9783,1.4433,0.10514,5.7424,-1.5879,-0.04347
642.3000,5.9398,-0.9775,1.4430,0.10515,5.7434,-1.5887,-0.04344
642.4000,5.9413,-0.9767,1.4429,0.10515,5.7450,-1.5899,-0.04344
642.5000,5.9429,-0.9759,1.4430,0.10516,5.7472,-1.5911,-0.04346
642.6000,5.9444,-0.9750,1.4432,0.10517,5.7500,-1.5922,-0.04346
642.7000,5.9458,-0.9740,1.4436,0.10519,5.7521,-1.5930,-0.04346
642.8000,5.9473,-0.9729,1.4441,0.10519,5.7540,-1.5932,-0.04346
642.9000,5.9487,-0.9715,1.4447,0.10522,5.7552,-1.5927,-0.04342
643.0000,5.9500,-0.9700,1.4455,0.10525,5.7557,-1.5913,-0.04336
643.1000,5.9512,-0.9683,1.4463,0.10527,5.7555,-1.5887,-0.04329
643.2000,5.9523,-0.9668,1.4471,0.10529,5.7550,-1.5855,-0.04322
643.3000,5.9533,-0.9653,1.4480,0.10532,5.7554,-1.5819,-0.04313
643.4000,5.9545,-0.9636,1.4489,0.10537,5.7566,-1.5787,-0.04308
643.5000,5.9556,-0.9623,1.4497,0.10540,5.7590,-1.5755,-0.04309
643.6000,5.9568,-0.9610,1.4506,0.10542,5.7616,-1.5730,-0.04309
643.7000,5.9578,-0.9600,1.4513,0.10542,5.7643,-1.5708,-0.04311
643.8000,5.9590,-0.9589,1.4522,0.10541,5.7675,-1.5687,-0.04317
643.9000,5.9598,-0.9582,1.4530,0.10539,5.7712,-1.5670,-0.04327
644.0000,5.9608,-0.9576,1.4540,0.10538,5.7749,-1.5658,-0.04334
644.1000,5.9616,-0.9572,1.4550,0.10537,5.7792,-1.5644,-0.04345
644.2000,5.9623,-0.9570,1.4560,0.10535,5.7831,-1.5622,-0.04356
644.3000,5.9629,-0.9568,1.4570,0.10535,5.7861,-1.5596,-0.04360
644.4000,5.9632,-0.9567,1.4579,0.10536,5.7885,-1.5568,-0.04362
644.5000,5.9633,-0.9568,1.4588,0.10536,5.7905,-1.5539,-0.04367
644.6000,5.9631,-0.9572,1.4596,0.10537,5.7925,-1.5514,-0.04368
644.7000,5.9629,-0.9577,1.4600,0.10535,5.7941,-1.5494,-0.04375
644.8000,5.9625,-0.9585,1.4604,0.10531,5.7953,-1.5482,-0.04384
644.9000,5.9621,-0.9593,1.4606,0.10527,5.7957,-1.5486,-0.04400
645.0000,5.9614,-0.9607,1.4609,0.10522,5.7958,-1.5498,-0.04411
645.1000,5.9607,-0.9620,1.4612,0.10516,5.7957,-1.5510,-0.04423
645.2000,5.9598,-0.9635,1.4614,0.10512,5.7948,-1.5524,-0.04439
645.3000,5.9588,-0.9650,1.4618,0.10513,5.7937,-1.5540,-0.04445
645.4000,5.9579,-0.9662,1.4623,0.10515,5.7922,-1.5558,-0.04447
645.5000,5.9570,-0.9677,1.4629,0.10515,5.7911,-1.5571,-0.04450
645.6000,5.9561,-0.9689,1.4635,0.10514,5.7904,-1.5584,-0.04452
645.7000,5.9552,-0.9701,1.4641,0.10514,5.7898,-1.5601,-0.04456
645.8040,5.9542,-0.9714,1.4650,0.10514,5.7888,-1.5620,-0.04456
645.9000,5.9534,-0.9724,1.4658,0.10514,5.7872,-1.5641,-0.04456
646.0000,5.9525,-0.9733,1.4666,0.10513,5.7857,-1.5665,-0.04455
646.1000,5.9516,-0.9742,1.4675,0.10512,5.7843,-1.5690,-0.04456
646.2000,5.9507,-0.9751,1.4684,0.10510,5.7826,-1.5712,-0.04458
646.3000,5.9498,-0.9758,1.4692,0.10508,5.7803,-1.5730,-0.04460
646.4000,5.9487,-0.9766,1.4701,0.10509,5.7778,-1.5737,-0.04459
646.5000,5.9479,-0.9772,1.4707,0.10510,5.7758,-1.5740,-0.04454
646.6000,5.9470,-0.9777,1.4712,0.10511,5.7740,-1.5741,-0.04452
646.7000,5.9463,-0.9782,1.4715,0.10512,5.7726,-1.5746,-0.04454
646.8000,5.9457,-0.9787,1.4717,0.10512,5.7715,-1.5756,-0.04453
646.9000,5.9453,-0.9792,1.4718,0.10512,5.7705,-1.5772,-0.04457
647.0000,5.9450,-0.9797,1.4719,0.10511,5.7701,-1.5793,-0.04460
647.1000,5.9449,-0.9802,1.4720,0.10510,5.7699,-1.5809,-0.04462
647.2000,5.9447,-0.9807,1.4721,0.10510,5.7693,-1.5816,-0.04464
647.3000,5.9446,-0.9812,1.4722,0.10509,5.7686,-1.5817,-0.04461
647.4000,5.9446,-0.9816,1.4724,0.10509,5.7682,-1.5816,-0.04464
647.5000,5.9445,-0.9821,1.4724,0.10510,5.7678,-1.5810,-0.04463
647.6000,5.9445,-0.9826,1.4723,0.10510,5.7670,-1.5800,-0.04461
647.7000,5.9445,-0.9831,1.4721,0.10509,5.7658,-1.5788,-0.04458
647.8000,5.9444,-0.9837,1.4716,0.10510,5.7640,-1.5771,-0.04453
647.9000,5.9445,-0.9845,1.4710,0.10509,5.7623,-1.5757,-0.04453
648.0000,5.9446,-0.9854,1.4704,0.10508,5.7610,-1.5750,-0.04454
648.1000,5.9448,-0.9865,1.4700,0.10505,5.7605,-1.5754,-0.04462
648.2000,5.9450,-0.9877,1.4697,0.10502,5.7607,-1.5766,-0.04473
648.3000,5.9454,-0.9891,1.4696,0.10498,5.7612,-1.5782,-0.04483
648.4000,5.9459,-0.9905,1.4697,0.10493,5.7616,-1.5803,-0.04495
648.5000,5.9463,-0.9918,1.4701,0.10491,5.7614,-1.5828,-0.04507
648.6000,5.9467,-0.9934,1.4706,0.10488,5.7605,-1.5862,-0.04516
648.7000,5.9470,-0.9949,1.4713,0.10485,5.7592,-1.5892,-0.04524
648.8000,5.9474,-0.9963,1.4720,0.10482,5.7578,-1.5922,-0.04528
648.9000,5.9477,-0.9976,1.4727,0.10480,5.7568,-1.5956,-0.04533
649.0000,5.9481,-0.9990,1.4732,0.10480,5.7568,-1.5986,-0.04536
649.1000,5.9486,-1.0002,1.4736,0.10479,5.7574,-1.6016,-0.04539
649.2000,5.9491,-1.0011,1.4739,0.10478,5.7587,-1.6052,-0.04544
649.3000,5.9497,-1.0023,1.4741,0.10477,5.7601,-1.6086,-0.04549
649.4000,5.9502,-1.0031,1.4744,0.10475,5.7623,-1.6129,-0.04556
649.5000,5.9508,-1.0039,1.4748,0.10475,5.7640,-1.6163,-0.04560
649.6000,5.9513,-1.0045,1.4754,0.10474,5.7653,-1.6190,-0.04561
649.7000,5.9518,-1.0050,1.4764,0.10475,5.7669,-1.6211,-0.04561
649.8000,5.9521,-1.0052,1.4774,0.10476,5.7691,-1.6231,-0.04564
649.9000,5.9525,-1.0054,1.4790,0.10476,5.7712,-1.6247,-0.04565
650.0000,5.9527,-1.0053,1.4805,0.10478,5.7725,-1.6257,-0.04560
650.1000,5.9528,-1.0052,1.4820,0.10479,5.7733,-1.6264,-0.04553
650.2000,5.9529,-1.0048,1.4837,0.10481,5.7740,-1.6271,-0.04549
650.3000,5.9529,-1.0044,1.4855,0.10480,5.7747,-1.6279,-0.04550
650.4000,5.9528,-1.0040,1.4867,0.10481,5.7746,-1.6283,-0.04548
650.5000,5.9527,-1.0035,1.4881,0.10482,5.7741,-1.6280,-0.04540
650.6000,5.9525,-1.0029,1.4894,0.10482,5.7733,-1.6268,-0.04536
650.7000,5.9522,-1.0023,1.4908,0.10482,5.7720,-1.6250,-0.04531
650.8000,5.9520,-1.0015,1.4923,0.10483,5.7704,-1.6234,-0.04526
650.9000,5.9518,-1.0007,1.4937,0.10484,5.7685,-1.6216,-0.04522
651.0000,5.9517,-1.0000,1.4953,0.10485,5.7666,-1.6200,-0.04516
651.1000,5.9518,-0.9994,1.4967,0.10485,5.7644,-1.6187,-0.04515
651.2000,5.9519,-0.9987,1.4983,0.10488,5.7617,-1.6174,-0.04512
651.3000,5.9521,-0.9980,1.4997,0.10490,5.7594,-1.6165,-0.04508
651.4000,5.9525,-0.9975,1.5010,0.10490,5.7578,-1.6157,-0.04506
651.5000,5.9530,-0.9969,1.5021,0.10489,5.7575,-1.6152,-0.04510
651.6000,5.9539,-0.9963,1.5031,0.10488,5.7579,-1.6153,-0.04512
651.7000,5.9548,-0.9957,1.5040,0.10488,5.7587,-1.6158,-0.04518
651.8000,5.9558,-0.9952,1.5046,0.10487,5.7598,-1.6157,-0.04521
651.9000,5.9569,-0.9946,1.5051,0.10488,5.7611,-1.6150,-0.04521
652.0000,5.9581,-0.9939,1.5054,0.10489,5.7628,-1.6141,-0.04521
652.1000,5.9593,-0.9931,1.5053,0.10490,5.7648,-1.6127,-0.04518
652.2000,5.9602,-0.9924,1.5051,0.10491,5.7666,-1.6110,-0.04518
652.3000,5.9613,-0.9916,1.5045,0.10494,5.7679,-1.6091,-0.04514
652.4000,5.9621,-0.9910,1.5038,0.10496,5.7691,-1.6072,-0.04508
652.5000,5.9630,-0.9904,1.5029,0.10498,5.7701,-1.6049,-0.04504
652.6000,5.9639,-0.9899,1.5020,0.10500,5.7708,-1.6026,-0.04502
652.7000,5.9648,-0.9895,1.5011,0.10500,5.7715,-1.6007,-0.04500
652.8000,5.9656,-0.9893,1.5002,0.10499,5.7722,-1.5994,-0.04507
652.9000,5.9663,-0.9893,1.4991,0.10498,5.7727,-1.5995,-0.04515
653.0000,5.9670,-0.9894,1.4980,0.10496,5.7730,-1.6006,-0.04522
653.1000,5.9676,-0.9897,1.4968,0.10495,5.7731,-1.6026,-0.04533
653.2000,5.9684,-0.9901,1.4953,0.10493,5.7733,-1.6053,-0.04541
653.3000,5.9691,-0.9904,1.4938,0.10494,5.7735,-1.6082,-0.04548
653.4000,5.9698,-0.9907,1.4922,0.10496,5.7734,-1.6110,-0.04548
653.5000,5.9705,-0.9908,1.4905,0.10499,5.7732,-1.6131,-0.04550
653.6000,5.9713,-0.9909,1.4886,0.10501,5.7728,-1.6146,-0.04543
653.7000,5.9721,-0.9908,1.4866,0.10505,5.7723,-1.6152,-0.04539
653.8040,5.9729,-0.9906,1.4846,0.10507,5.7717,-1.6154,-0.04535
653.9000,5.9736,-0.9904,1.4830,0.10507,5.7716,-1.6157,-0.04530
654.0000,5.9745,-0.9901,1.4814,0.10507,5.7719,-1.6165,-0.04531
654.1000,5.9755,-0.9898,1.4798,0.10504,5.7724,-1.6174,-0.04534
654.2000,5.9763,-0.9896,1.4789,0.10501,5.7732,-1.6185,-0.04536
654.3000,5.9774,-0.9893,1.4781,0.10499,5.7743,-1.6193,-0.04540
654.4000,5.9785,-0.9889,1.4776,0.10498,5.7756,-1.6199,-0.04542
654.5000,5.9794,-0.9885,1.4774,0.10500,5.7767,-1.6203,-0.04543
654.6000,5.9806,-0.9878,1.4772,0.10501,5.7773,-1.6200,-0.04543
654.7000,5.9815,-0.9871,1.4771,0.10503,5.7773,-1.6190,-0.04540
654.8000,5.9825,-0.9863,1.4771,0.10506,5.7774,-1.6163,-0.04534
654.9000,5.9835,-0.9854,1.4771,0.10509,5.7779,-1.6131,-0.04528
655.0040,5.9846,-0.9844,1.4771,0.10512,5.7788,-1.6098,-0.04520
655.1000,5.9856,-0.9836,1.4771,0.10515,5.7803,-1.6066,-0.04514
655.2000,5.9869,-0.9827,1.4771,0.10520,5.7821,-1.6033,-0.04511
655.3000,5.9880,-0.9821,1.4772,0.10523,5.7840,-1.6003,-0.04511
655.4000,5.9890,-0.9816,1.4773,0.10524,5.7864,-1.5976,-0.04515
655.5000,5.9904,-0.9812,1.4775,0.10524,5.7885,-1.5955,-0.04518
655.6000,5.9917,-0.9810,1.4777,0.10522,5.7904,-1.5940,-0.04527
655.7000,5.9929,-0.9809,1.4780,0.10522,5.7923,-1.5930,-0.04535
655.8000,5.9941,-0.9809,1.4782,0.10522,5.7947,-1.5921,-0.04539
655.9000,5.9954,-0.9810,1.4785,0.10523,5.7971,-1.5915,-0.04545
656.0000,5.9965,-0.9811,1.4786,0.10524,5.7998,-1.5911,-0.04549
656.1000,5.9974,-0.9814,1.4786,0.10524,5.8022,-1.5909,-0.04552
656.2000,5.9985,-0.9817,1.4786,0.10524,5.8050,-1.5915,-0.04556
656.3000,5.9994,-0.9821,1.4784,0.10522,5.8074,-1.5931,-0.04563
656.4000,6.0002,-0.9825,1.4782,0.10519,5.8098,-1.5961,-0.04569
656.5000,6.0011,-0.9832,1.4778,0.10515,5.8118,-1.5993,-0.04575
656.6000,6.0017,-0.9837,1.4774,0.10512,5.8133,-1.6027,-0.04581
656.7000,6.0023,-0.9843,1.4770,0.10507,5.8140,-1.6054,-0.04591
656.8000,6.0026,-0.9848,1.4766,0.10504,5.8144,-1.6070,-0.04597
656.9000,6.0029,-0.9853,1.4763,0.10503,5.8148,-1.6075,-0.04601
657.0000,6.0031,-0.9857,1.4762,0.10503,5.8159,-1.6073,-0.04598
657.1000,6.0033,-0.9860,1.4763,0.10504,5.8173,-1.6066,-0.04598
657.2000,6.0035,-0.9863,1.4765,0.10505,5.8186,-1.6053,-0.04595
657.3000,6.0036,-0.9866,1.4769,0.10505,5.8197,-1.6042,-0.04596
657.4000,6.0038,-0.9871,1.4775,0.10503,5.8208,-1.6028,-0.04595
657.5000,6.0039,-0.9876,1.4782,0.10501,5.8217,-1.6018,-0.04598
657.6000,6.0041,-0.9883,1.4792,0.10498,5.8223,-1.6013,-0.04598
657.7000,6.0041,-0.9890,1.4803,0.10494,5.8229,-1.6011,-0.04605
657.8000,6.0042,-0.9897,1.4812,0.10491,5.8232,-1.6008,-0.04613
657.9000,6.0043,-0.9906,1.4825,0.10486,5.8230,-1.6005,-0.04619
658.0000,6.0044,-0.9914,1.4835,0.10481,5.8222,-1.6004,-0.04626
658.1000,6.0045,-0.9922,1.4846,0.10477,5.8214,-1.6006,-0.04634
658.2000,6.0046,-0.9929,1.4857,0.10474,5.8207,-1.6015,-0.04640
658.3000,6.0048,-0.9937,1.4869,0.10472,5.8205,-1.6028,-0.04644
658.4000,6.0049,-0.9945,1.4877,0.10470,5.8208,-1.6049,-0.04648
658.5000,6.0051,-0.9954,1.4885,0.10467,5.8213,-1.6077,-0.04654
658.6000,6.0053,-0.9962,1.4889,0.10466,5.8217,-1.6111,-0.04657
658.7000,6.0055,-0.9969,1.4891,0.10465,5.8223,-1.6150,-0.04664
658.8000,6.0058,-0.9975,1.4891,0.10463,5.8229,-1.6186,-0.04667
658.9000,6.0060,-0.9980,1.4889,0.10461,5.8227,-1.6216,-0.04669
659.0040,6.0062,-0.9982,1.4886,0.10461,5.8218,-1.6246,-0.04671
659.1000,6.0064,-0.9983,1.4881,0.10461,5.8204,-1.6268,-0.04667
659.2000,6.0067,-0.9983,1.4874,0.10461,5.8189,-1.6285,-0.04662
659.3000,6.0071,-0.9979,1.4863,0.10461,5.8181,-1.6292,-0.04657
659.4000,6.0075,-0.9973,1.4852,0.10462,5.8182,-1.6290,-0.04655
659.5000,6.0079,-0.9966,1.4840,0.10463,5.8191,-1.6283,-0.04650
659.6000,6.0084,-0.9958,1.4826,0.10465,5.8206,-1.6274,-0.04647
659.7000,6.0090,-0.9949,1.4810,0.10467,5.8229,-1.6262,-0.04642
659.8000,6.0097,-0.9938,1.4795,0.10469,5.8254,-1.6250,-0.04641
659.9000,6.0103,-0.9928,1.4780,0.10472,5.8281,-1.6237,-0.04638
660.0000,6.0109,-0.9916,1.4763,0.10474,5.8303,-1.6222,-0.04636
660.1000,6.0114,-0.9906,1.4749,0.10474,5.8322,-1.6207,-0.04636
660.2000,6.0117,-0.9896,1.4737,0.10475,5.8331,-1.6191,-0.04636
660.3000,6.0120,-0.9886,1.4726,0.10475,5.8330,-1.6170,-0.04635
660.4000,6.0122,-0.9876,1.4716,0.10476,5.8321,-1.6147,-0.04629
660.5000,6.0123,-0.9867,1.4709,0.10476,5.8310,-1.6122,-0.04629
660.6000,6.0124,-0.9857,1.4702,0.10476,5.8299,-1.6097,-0.04626
660.7000,6.0125,-0.9848,1.4697,0.10477,5.8287,-1.6070,-0.04627
660.8000,6.0126,-0.9840,1.4694,0.10477,5.8276,-1.6049,-0.04624
660.9000,6.0126,-0.9832,1.4692,0.10476,5.8261,-1.6030,-0.04625
661.0000,6.0128,-0.9825,1.4692,0.10475,5.8249,-1.6021,-0.04630
661.1000,6.0130,-0.9818,1.4694,0.10472,5.8242,-1.6020,-0.04635
661.2000,6.0132,-0.9813,1.4698,0.10469,5.8245,-1.6025,-0.04644
661.3000,6.0135,-0.9809,1.4703,0.10467,5.8260,-1.6034,-0.04651
661.4000,6.0138,-0.9805,1.4708,0.10467,5.8288,-1.6046,-0.04658
661.5000,6.0143,-0.9799,1.4714,0.10467,5.8318,-1.6055,-0.04662
661.6000,6.0146,-0.9794,1.4719,0.10468,5.8345,-1.6049,-0.04663
661.7000,6.0148,-0.9788,1.4724,0.10470,5.8375,-1.6034,-0.04662
661.8000,6.0149,-0.9780,1.4730,0.10474,5.8398,-1.6016,-0.04657
661.9000,6.0147,-0.9773,1.4733,0.10477,5.8411,-1.6004,-0.04652
662.0000,6.0144,-0.9765,1.4734,0.10479,5.8420,-1.5996,-0.04648
662.1000,6.0139,-0.9759,1.4733,0.10480,5.8423,-1.5989,-0.04645
662.2000,6.0132,-0.9753,1.4730,0.10478,5.8424,-1.5989,-0.04644
662.3000,6.0126,-0.9748,1.4726,0.10476,5.8423,-1.5997,-0.04648
662.4000,6.0118,-0.9743,1.4720,0.10471,5.8430,-1.6006,-0.04652
662.5000,6.0110,-0.9737,1.4714,0.10467,5.8447,-1.6008,-0.04659
662.6000,6.0104,-0.9733,1.4709,0.10464,5.8467,-1.6005,-0.04664
662.7000,6.0095,-0.9727,1.4703,0.10462,5.8480,-1.5999,-0.04669
662.8000,6.0083,-0.9720,1.4697,0.10461,5.8482,-1.5992,-0.04672
662.9000,6.0072,-0.9713,1.4693,0.10464,5.8477,-1.5982,-0.04669
663.0000,6.0060,-0.9706,1.4688,0.10466,5.8467,-1.5967,-0.04667
663.1000,6.0048,-0.9700,1.4684,0.10467,5.8458,-1.5953,-0.04664
663.2000,6.0035,-0.9695,1.4679,0.10466,5.8443,-1.5935,-0.04662
663.3000,6.0019,-0.9687,1.4671,0.10464,5.8427,-1.5912,-0.04663
663.4000,6.0005,-0.9681,1.4662,0.10462,5.8408,-1.5884,-0.04662
663.5000,5.9992,-0.9675,1.4652,0.10461,5.8389,-1.5855,-0.04662
663.6000,5.9976,-0.9669,1.4637,0.10459,5.8365,-1.5826,-0.04668
663.7000,5.9964,-0.9665,1.4625,0.10459,5.8338,-1.5807,-0.04667
663.8000,5.9950,-0.9661,1.4609,0.10458,5.8309,-1.5796,-0.04672
663.9000,5.9938,-0.9659,1.4594,0.10457,5.8283,-1.5793,-0.04675
664.0000,5.9927,-0.9658,1.4578,0.10455,5.8256,-1.5800,-0.04679
664.1000,5.9917,-0.9659,1.4564,0.10453,5.8236,-1.5809,-0.04687
664.2000,5.9908,-0.9659,1.4552,0.10453,5.8217,-1.5824,-0.04693
664.3000,5.9899,-0.9659,1.4539,0.10451,5.8204,-1.5837,-0.04697
664.4000,5.9892,-0.9659,1.4530,0.10452,5.8196,-1.5847,-0.04702
664.5000,5.9886,-0.9659,1.4524,0.10453,5.8186,-1.5849,-0.04705
664.6000,5.9880,-0.9657,1.4518,0.10456,5.8175,-1.5847,-0.04701
664.7000,5.9875,-0.9655,1.4514,0.10457,5.8162,-1.5843,-0.04699
664.8000,5.9870,-0.9653,1.4510,0.10455,5.8141,-1.5839,-0.04697
664.9000,5.9864,-0.9650,1.4505,0.10453,5.8123,-1.5834,-0.04699
665.0000,5.9861,-0.9647,1.4502,0.10452,5.8108,-1.5827,-0.04702
665.1000,5.9858,-0.9645,1.4499,0.10453,5.8091,-1.5820,-0.04697
665.2000,5.9855,-0.9641,1.4494,0.10457,5.8069,-1.5809,-0.04694
665.3000,5.9853,-0.9639,1.4490,0.10459,5.8049,-1.5801,-0.04691
665.4000,5.9851,-0.9636,1.4485,0.10460,5.8027,-1.5800,-0.04692
665.5000,5.9851,-0.9635,1.4480,0.10460,5.8010,-1.5804,-0.04691
665.6000,5.9851,-0.9635,1.4475,0.10460,5.8002,-1.5810,-0.04695
665.7000,5.9853,-0.9634,1.4469,0.10459,5.8002,-1.5811,-0.04697
665.8000,5.9857,-0.9634,1.4465,0.10457,5.8006,-1.5810,-0.04699
665.9000,5.9862,-0.9634,1.4461,0.10453,5.8011,-1.5812,-0.04707
666.0000,5.9868,-0.9634,1.4458,0.10451,5.8018,-1.5810,-0.04710
666.1000,5.9876,-0.9634,1.4455,0.10449,5.8027,-1.5803,-0.04712
666.2000,5.9883,-0.9633,1.4452,0.10448,5.8037,-1.5791,-0.04713
666.3000,5.9890,-0.9632,1.4448,0.10447,5.8045,-1.5779,-0.04709
666.4000,5.9896,-0.9632,1.4445,0.10445,5.8051,-1.5770,-0.04709
666.5000,5.9902,-0.9633,1.4439,0.10442,5.8050,-1.5763,-0.04712
666.6000,5.9907,-0.9634,1.4433,0.10440,5.8047,-1.5753,-0.04715
666.7000,5.9912,-0.9635,1.4427,0.10440,5.8045,-1.5745,-0.04713
666.8000,5.9920,-0.9638,1.4419,0.10438,5.8040,-1.5739,-0.04715
666.9000,5.9925,-0.9641,1.4411,0.10435,5.8038,-1.5741,-0.04719
667.0000,5.9932,-0.9646,1.4402,0.10430,5.8040,-1.5746,-0.04727
667.1000,5.9938,-0.9649,1.4395,0.10427,5.8044,-1.5750,-0.04733
667.2000,5.9944,-0.9654,1.4387,0.10424,5.8057,-1.5749,-0.04739
667.3000,5.9950,-0.9658,1.4379,0.10421,5.8075,-1.5744,-0.04746
667.4000,5.9957,-0.9662,1.4370,0.10420,5.8099,-1.5737,-0.04749
667.5000,5.9963,-0.9666,1.4360,0.10419,5.8122,-1.5727,-0.04755
667.6000,5.9969,-0.9671,1.4350,0.10420,5.8147,-1.5713,-0.04754
667.7000,5.9973,-0.9676,1.4341,0.10420,5.8166,-1.5697,-0.04753
667.8000,5.9976,-0.9682,1.4333,0.10419,5.8177,-1.5680,-0.04755
667.9000,5.9979,-0.9688,1.4326,0.10419,5.8181,-1.5668,-0.04756
668.0000,5.9981,-0.9696,1.4321,0.10419,5.8184,-1.5667,-0.04758
668.1000,5.9982,-0.9705,1.4319,0.10419,5.8189,-1.5674,-0.04760
668.2000,5.9983,-0.9716,1.4319,0.10418,5.8193,-1.5688,-0.04766
668.3000,5.9984,-0.9725,1.4321,0.10417,5.8192,-1.5711,-0.04768
668.4000,5.9986,-0.9738,1.4326,0.10415,5.8190,-1.5738,-0.04772
668.5000,5.9987,-0.9748,1.4331,0.10413,5.8186,-1.5766,-0.04777
668.6000,5.9988,-0.9758,1.4339,0.10411,5.8181,-1.5790,-0.04780
668.7000,5.9990,-0.9768,1.4349,0.10410,5.8176,-1.5813,-0.04784
668.8000,5.9992,-0.9775,1.4357,0.10411,5.8171,-1.5835,-0.04786
668.9000,5.9993,-0.9781,1.4368,0.10410,5.8160,-1.5865,-0.04785
669.0000,5.9995,-0.9786,1.4381,0.10410,5.8146,-1.5898,-0.04784
669.1000,5.9997,-0.9790,1.4395,0.10409,5.8135,-1.5937,-0.04785
669.2000,6.0000,-0.9793,1.4413,0.10409,5.8128,-1.5977,-0.04785
669.3000,6.0003,-0.9794,1.4430,0.10412,5.8128,-1.6012,-0.04782
669.4000,6.0007,-0.9793,1.4446,0.10415,5.8127,-1.6049,-0.04778
669.5000,6.0012,-0.9789,1.4464,0.10418,5.8128,-1.6078,-0.04778
669.6000,6.0017,-0.9785,1.4480,0.10420,5.8136,-1.6104,-0.04772
669.7000,6.0021,-0.9778,1.4499,0.10423,5.8146,-1.6118,-0.04767
669.8000,6.0025,-0.9771,1.4513,0.10425,5.8156,-1.6125,-0.04765
669.9000,6.0028,-0.9760,1.4528,0.10429,5.8166,-1.6123,-0.04761
670.0000,6.0030,-0.9748,1.4541,0.10433,5.8177,-1.6109,-0.04753
670.1000,6.0032,-0.9737,1.4551,0.10436,5.8192,-1.6087,-0.04745
670.2000,6.0033,-0.9726,1.4560,0.10438,5.8213,-1.6057,-0.04743
670.3000,6.0034,-0.9715,1.4569,0.10441,5.8236,-1.6024,-0.04742
670.4000,6.0035,-0.9705,1.4579,0.10444,5.8258,-1.5992,-0.04743
670.5000,6.0034,-0.9696,1.4588,0.10445,5.8281,-1.5960,-0.04745
670.6000,6.0032,-0.9691,1.4595,0.10445,5.8300,-1.5939,-0.04749
670.7000,6.0029,-0.9686,1.4602,0.10443,5.8313,-1.5914,-0.04753
670.8000,6.0024,-0.9683,1.4610,0.10442,5.8321,-1.5888,-0.04756
670.9000,6.0020,-0.9682,1.4615,0.10441,5.8329,-1.5860,-0.04760
671.0000,6.0015,-0.9682,1.4621,0.10439,5.8334,-1.5842,-0.04766
671.1000,6.0008,-0.9684,1.4626,0.10436,5.8338,-1.5834,-0.04771
671.2000,6.0001,-0.9687,1.4629,0.10432,5.8344,-1.5839,-0.04778
671.3000,5.9994,-0.9690,1.4633,0.10429,5.8351,-1.5852,-0.04787
671.4000,5.9987,-0.9694,1.4636,0.10425,5.8351,-1.5868,-0.04793
671.5000,5.9977,-0.9699,1.4639,0.10422,5.8346,-1.5887,-0.04801
671.6000,5.9968,-0.9702,1.4644,0.10423,5.8340,-1.5899,-0.04801
671.7000,5.9959,-0.9704,1.4649,0.10424,5.8325,-1.5902,-0.04800
671.8000,5.9950,-0.9705,1.4655,0.10424,5.8304,-1.5894,-0.04797
671.9000,5.9940,-0.9706,1.4660,0.10426,5.8275,-1.5880,-0.04793
672.0000,5.9931,-0.9707,1.4665,0.10427,5.8248,-1.5871,-0.04789
672.1000,5.9921,-0.9707,1.4672,0.10427,5.8221,-1.5864,-0.04783
672.2000,5.9913,-0.9709,1.4677,0.10427,5.8195,-1.5857,-0.04781
672.3000,5.9906,-0.9711,1.4683,0.10427,5.8170,-1.5849,-0.04781
672.4000,5.9900,-0.9714,1.4689,0.10426,5.8150,-1.5844,-0.04784
672.5000,5.9897,-0.9718,1.4695,0.10424,5.8134,-1.5842,-0.04784
672.6000,5.9895,-0.9722,1.4702,0.10422,5.8116,-1.5843,-0.04790
672.7000,5.9894,-0.9728,1.4709,0.10420,5.8098,-1.5849,-0.04793
672.8000,5.9895,-0.9733,1.4717,0.10418,5.8080,-1.5853,-0.04800
672.9000,5.9897,-0.9739,1.4723,0.10416,5.8070,-1.5857,-0.04805
673.0000,5.9900,-0.9745,1.4730,0.10416,5.8064,-1.5857,-0.04810
673.1000,5.9903,-0.9750,1.4735,0.10416,5.8060,-1.5853,-0.04809
673.2000,5.9907,-0.9755,1.4740,0.10415,5.8059,-1.5850,-0.04811
673.3000,5.9911,-0.9760,1.4744,0.10413,5.8058,-1.5847,-0.04812
673.4000,5.9916,-0.9766,1.4748,0.10411,5.8054,-1.5843,-0.04813
673.5000,5.9922,-0.9770,1.4750,0.10410,5.8051,-1.5840,-0.04812
673.6000,5.9928,-0.9774,1.4751,0.10409,5.8057,-1.5845,-0.04812
673.7000,5.9935,-0.9779,1.4750,0.10406,5.8075,-1.5854,-0.04819
673.8000,5.9945,-0.9784,1.4747,0.10402,5.8102,-1.5868,-0.04825
673.9000,5.9953,-0.9788,1.4744,0.10399,5.8136,-1.5880,-0.04833
674.0000,5.9962,-0.9792,1.4738,0.10396,5.8163,-1.5886,-0.04839
674.1000,5.9971,-0.9796,1.4728,0.10395,5.8185,-1.5895,-0.04843
674.2000,5.9976,-0.9799,1.4718,0.10394,5.8201,-1.5904,-0.04848
674.3000,5.9981,-0.9802,1.4701,0.10393,5.8209,-1.5911,-0.04848
674.4000,5.9984,-0.9804,1.4684,0.10392,5.8213,-1.5913,-0.04848
674.5000,5.9985,-0.9806,1.4666,0.10392,5.8217,-1.5918,-0.04848
674.6000,5.9986,-0.9807,1.4642,0.10392,5.8227,-1.5924,-0.04849
674.7000,5.9986,-0.9807,1.4621,0.10393,5.8240,-1.5921,-0.04846
674.8000,5.9985,-0.9807,1.4599,0.10394,5.8252,-1.5915,-0.04846
674.9000,5.9984,-0.9807,1.4580,0.10395,5.8262,-1.5906,-0.04848
675.0000,5.9983,-0.9807,1.4561,0.10396,5.8265,-1.5895,-0.04846
675.1000,5.9981,-0.9807,1.4544,0.10397,5.8263,-1.5885,-0.04844
675.2000,5.9977,-0.9806,1.4529,0.10398,5.8260,-1.5875,-0.04842
675.3000,5.9973,-0.9805,1.4515,0.10399,5.8252,-1.5868,-0.04844
675.4000,5.9968,-0.9805,1.4504,0.10400,5.8234,-1.5863,-0.04841
675.5000,5.9962,-0.9805,1.4493,0.10400,5.8214,-1.5866,-0.04839
675.6000,5.9957,-0.9805,1.4480,0.10399,5.8187,-1.5877,-0.04836
675.7000,5.9952,-0.9805,1.4469,0.10398,5.8158,-1.5884,-0.04836
675.8000,5.9946,-0.9806,1.4456,0.10397,5.8124,-1.5887,-0.04836
675.9000,5.9941,-0.9807,1.4445,0.10396,5.8096,-1.5885,-0.04836
676.0000,5.9938,-0.9806,1.4434,0.10396,5.8077,-1.5874,-0.04836
676.1000,5.9935,-0.9805,1.4423,0.10396,5.8064,-1.5862,-0.04835
676.2000,5.9932,-0.9804,1.4409,0.10398,5.8054,-1.5851,-0.04836
676.3000,5.9931,-0.9803,1.4396,0.10399,5.8046,-1.5835,-0.04839
676.4000,5.9930,-0.9801,1.4383,0.10400,5.8043,-1.5806,-0.04840
676.5000,5.9930,-0.9799,1.4370,0.10401,5.8047,-1.5768,-0.04840
676.6000,5.9932,-0.9797,1.4358,0.10404,5.8056,-1.5728,-0.04835
676.7000,5.9934,-0.9796,1.4346,0.10406,5.8064,-1.5702,-0.04834
676.8000,5.9936,-0.9797,1.4334,0.10405,5.8072,-1.5688,-0.04835
676.9000,5.9939,-0.9800,1.4324,0.10403,5.8078,-1.5683,-0.04841
677.0000,5.9942,-0.9805,1.4315,0.10400,5.8080,-1.5677,-0.04846
677.1000,5.9946,-0.9811,1.4307,0.10398,5.8079,-1.5676,-0.04850
677.2000,5.9950,-0.9821,1.4300,0.10397,5.8074,-1.5681,-0.04856
677.3000,5.9953,-0.9830,1.4295,0.10396,5.8070,-1.5696,-0.04862
677.4000,5.9956,-0.9842,1.4291,0.10393,5.8066,-1.5717,-0.04867
677.5000,5.9961,-0.9854,1.4288,0.10390,5.8062,-1.5749,-0.04879
677.6000,5.9965,-0.9867,1.4286,0.10386,5.8052,-1.5787,-0.04889
677.7000,5.9970,-0.9879,1.4284,0.10384,5.8035,-1.5830,-0.04899
677.8000,5.9974,-0.9890,1.4281,0.10383,5.8013,-1.5871,-0.04904
677.9000,5.9979,-0.9901,1.4278,0.10384,5.7994,-1.5903,-0.04906
678.0000,5.9984,-0.9909,1.4274,0.10385,5.7983,-1.5928,-0.04906
678.1000,5.9990,-0.9917,1.4269,0.10387,5.7983,-1.5947,-0.04902
678.2000,5.9997,-0.9922,1.4264,0.10389,5.7998,-1.5961,-0.04898
678.3000,6.0007,-0.9926,1.4257,0.10391,5.8027,-1.5979,-0.04897
678.4000,6.0016,-0.9929,1.4250,0.10391,5.8069,-1.6002,-0.04899
678.5000,6.0027,-0.9931,1.4241,0.10390,5.8114,-1.6027,-0.04904
678.6000,6.0037,-0.9932,1.4232,0.10389,5.8163,-1.6050,-0.04906
678.7000,6.0043,-0.9932,1.4225,0.10388,5.8207,-1.6074,-0.04909
678.8000,6.0049,-0.9931,1.4218,0.10386,5.8250,-1.6100,-0.04913
678.9000,6.0051,-0.9929,1.4213,0.10385,5.8287,-1.6124,-0.04916
679.0000,6.0051,-0.9925,1.4212,0.10384,5.8322,-1.6139,-0.04916
679.1000,6.0049,-0.9919,1.4214,0.10383,5.8342,-1.6147,-0.04913
679.2000,6.0045,-0.9913,1.4217,0.10382,5.8352,-1.6147,-0.04909
679.3000,6.0037,-0.9905,1.4222,0.10380,5.8356,-1.6145,-0.04908
679.4000,6.0026,-0.9896,1.4229,0.10377,5.8357,-1.6145,-0.04904
679.5000,6.0017,-0.9890,1.4234,0.10375,5.8359,-1.6147,-0.04906
679.6000,6.0004,-0.9881,1.4241,0.10375,5.8364,-1.6148,-0.04905
679.7000,5.9992,-0.9875,1.4248,0.10376,5.8369,-1.6146,-0.04905
679.8000,5.9977,-0.9867,1.4257,0.10378,5.8369,-1.6143,-0.04904
679.9000,5.9962,-0.9860,1.4267,0.10379,5.8358,-1.6138,-0.04903
680.0000,5.9947,-0.9854,1.4277,0.10379,5.8339,-1.6134,-0.04900
680.1000,5.9932,-0.9848,1.4287,0.10379,5.8318,-1.6135,-0.04898
680.2000,5.9915,-0.9843,1.4297,0.10378,5.8289,-1.6140,-0.04897
680.3000,5.9897,-0.9837,1.4305,0.10377,5.8257,-1.6148,-0.04897
680.4000,5.9880,-0.9832,1.4312,0.10377,5.8227,-1.6155,-0.04896
680.5000,5.9864,-0.9826,1.4319,0.10377,5.8199,-1.6160,-0.04898
680.6000,5.9852,-0.9821,1.4323,0.10378,5.8178,-1.6156,-0.04899
680.7000,5.9836,-0.9814,1.4328,0.10381,5.8158,-1.6145,-0.04898
680.8000,5.9825,-0.9808,1.4329,0.10383,5.8137,-1.6128,-0.04895
680.9000,5.9815,-0.9802,1.4328,0.10385,5.8117,-1.6109,-0.04892
681.0000,5.9804,-0.9794,1.4324,0.10387,5.8097,-1.6093,-0.04892
681.1000,5.9796,-0.9788,1.4318,0.10388,5.8077,-1.6084,-0.04887
681.2000,5.9787,-0.9782,1.4310,0.10388,5.8056,-1.6081,-0.04889
681.3000,5.9780,-0.9776,1.4300,0.10387,5.8030,-1.6083,-0.04889
681.4000,5.9774,-0.9772,1.4292,0.10387,5.8008,-1.6088,-0.04892
681.5000,5.9770,-0.9768,1.4284,0.10389,5.7992,-1.6094,-0.04892
681.6000,5.9767,-0.9764,1.4277,0.10391,5.7983,-1.6095,-0.04891
681.7000,5.9766,-0.9761,1.4273,0.10392,5.7972,-1.6090,-0.04890
681.8000,5.9767,-0.9756,1.4271,0.10394,5.7958,-1.6080,-0.04887
681.9000,5.9768,-0.9752,1.4272,0.10395,5.7949,-1.6063,-0.04884
682.0000,5.9770,-0.9749,1.4274,0.10397,5.7943,-1.6044,-0.04882
682.1000,5.9773,-0.9746,1.4279,0.10397,5.7941,-1.6034,-0.04882
682.2000,5.9777,-0.9745,1.4289,0.10396,5.7940,-1.6031,-0.04888
682.3000,5.9782,-0.9744,1.4301,0.10394,5.7935,-1.6034,-0.04891
682.4000,5.9788,-0.9745,1.4316,0.10392,5.7926,-1.6035,-0.04896
682.5000,5.9795,-0.9746,1.4334,0.10390,5.7913,-1.6033,-0.04900
682.6000,5.9801,-0.9746,1.4353,0.10389,5.7898,-1.6033,-0.04900
682.7000,5.9808,-0.9748,1.4378,0.10387,5.7889,-1.6038,-0.04902
682.8000,5.9816,-0.9749,1.4399,0.10386,5.7886,-1.6045,-0.04907
682.9000,5.9824,-0.9750,1.4418,0.10384,5.7888,-1.6048,-0.04911
683.0000,5.9833,-0.9752,1.4438,0.10383,5.7894,-1.6042,-0.04912
683.1000,5.9844,-0.9753,1.4459,0.10383,5.7901,-1.6031,-0.04912
683.2000,5.9855,-0.9754,1.4477,0.10383,5.7903,-1.6016,-0.04912
683.3000,5.9865,-0.9755,1.4493,0.10383,5.7904,-1.6000,-0.04913
683.4000,5.9877,-0.9756,1.4509,0.10383,5.7911,-1.5984,-0.04911
683.5000,5.9888,-0.9759,1.4526,0.10383,5.7921,-1.5975,-0.04909
683.6000,5.9901,-0.9762,1.4544,0.10380,5.7929,-1.5973,-0.04913
683.7000,5.9913,-0.9767,1.4561,0.10378,5.7933,-1.5979,-0.04916
683.8000,5.9928,-0.9774,1.4580,0.10375,5.7941,-1.5992,-0.04923
683.9000,5.9941,-0.9780,1.4596,0.10373,5.7954,-1.6007,-0.04930
684.0000,5.9957,-0.9788,1.4615,0.10371,5.7971,-1.6024,-0.04938
684.1000,5.9971,-0.9796,1.4631,0.10370,5.7989,-1.6044,-0.04942
684.2000,5.9984,-0.9803,1.4647,0.10368,5.8005,-1.6075,-0.04947
684.3000,5.9996,-0.9810,1.4664,0.10366,5.8019,-1.6116,-0.04952
684.4000,6.0008,-0.9817,1.4682,0.10364,5.8035,-1.6162,-0.04959
684.5000,6.0019,-0.9822,1.4700,0.10361,5.8056,-1.6205,-0.04964
684.6000,6.0030,-0.9827,1.4721,0.10359,5.8078,-1.6243,-0.04973
684.7000,6.0041,-0.9829,1.4745,0.10357,5.8096,-1.6268,-0.04975
684.8000,6.0050,-0.9829,1.4771,0.10357,5.8106,-1.6277,-0.04975
684.9000,6.0058,-0.9825,1.4803,0.10359,5.8116,-1.6272,-0.04967
685.0000,6.0065,-0.9821,1.4830,0.10361,5.8122,-1.6255,-0.04962
685.1000,6.0071,-0.9815,1.4857,0.10362,5.8124,-1.6225,-0.04953
685.2000,6.0076,-0.9808,1.4881,0.10364,5.8129,-1.6182,-0.04943
685.3000,6.0081,-0.9802,1.4904,0.10365,5.8133,-1.6140,-0.04938
685.4000,6.0085,-0.9796,1.4924,0.10364,5.8131,-1.6110,-0.04937
685.5000,6.0090,-0.9792,1.4940,0.10363,5.8124,-1.6090,-0.04936
685.6000,6.0094,-0.9789,1.4952,0.10360,5.8115,-1.6079,-0.04940
685.7000,6.0100,-0.9787,1.4963,0.10357,5.8105,-1.6072,-0.04945
685.8000,6.0106,-0.9787,1.4969,0.10355,5.8097,-1.6076,-0.04950
685.9000,6.0112,-0.9787,1.4974,0.10353,5.8096,-1.6086,-0.04955
686.0000,6.0118,-0.9788,1.4977,0.10352,5.8100,-1.6094,-0.04962
686.1000,6.0125,-0.9787,1.4978,0.10353,5.8107,-1.6091,-0.04962
686.2000,6.0134,-0.9786,1.4979,0.10356,5.8116,-1.6078,-0.04959
686.3000,6.0141,-0.9783,1.4978,0.10360,5.8131,-1.6058,-0.04956
686.4000,6.0149,-0.9780,1.4976,0.10364,5.8153,-1.6032,-0.04951
686.5000,6.0157,-0.9777,1.4971,0.10367,5.8176,-1.6007,-0.04947
686.6000,6.0164,-0.9775,1.4965,0.10369,5.8199,-1.5979,-0.04943
686.7000,6.0171,-0.9774,1.4955,0.10371,5.8217,-1.5953,-0.04942
686.8000,6.0177,-0.9774,1.4944,0.10371,5.8231,-1.5929,-0.04943
686.9000,6.0182,-0.9776,1.4932,0.10370,5.8239,-1.5917,-0.04941
687.0000,6.0188,-0.9778,1.4921,0.10368,5.8243,-1.5913,-0.04945
687.1000,6.0192,-0.9783,1.4909,0.10365,5.8245,-1.5920,-0.04951
687.2000,6.0196,-0.9788,1.4898,0.10364,5.8246,-1.5936,-0.04957
687.3000,6.0201,-0.9794,1.4888,0.10361,5.8245,-1.5957,-0.04958
687.4000,6.0206,-0.9801,1.4879,0.10359,5.8247,-1.5983,-0.04964
687.5000,6.0212,-0.9806,1.4873,0.10357,5.8256,-1.6008,-0.04968
687.6000,6.0218,-0.9811,1.4867,0.10356,5.8273,-1.6039,-0.04970
687.7000,6.0225,-0.9816,1.4860,0.10355,5.8292,-1.6070,-0.04974
687.8000,6.0231,-0.9818,1.4853,0.10354,5.8312,-1.6088,-0.04977
687.9000,6.0236,-0.9819,1.4845,0.10354,5.8334,-1.6098,-0.04973
688.0000,6.0240,-0.9819,1.4836,0.10355,5.8357,-1.6101,-0.04973
688.1000,6.0244,-0.9818,1.4827,0.10355,5.8376,-1.6102,-0.04972
688.2000,6.0247,-0.9816,1.4815,0.10356,5.8390,-1.6105,-0.04970
688.3000,6.0248,-0.9815,1.4806,0.10354,5.8402,-1.6111,-0.04970
688.4000,6.0247,-0.9813,1.4798,0.10353,5.8414,-1.6119,-0.04972
688.5000,6.0246,-0.9811,1.4791,0.10352,5.8427,-1.6130,-0.04975
688.6000,6.0245,-0.9809,1.4786,0.10352,5.8445,-1.6144,-0.04977
688.7000,6.0243,-0.9807,1.4781,0.10353,5.8464,-1.6155,-0.04978
688.8000,6.0240,-0.9803,1.4775,0.10354,5.8484,-1.6168,-0.04979
688.9000,6.0235,-0.9801,1.4770,0.10355,5.8499,-1.6181,-0.04979
689.0000,6.0228,-0.9798,1.4764,0.10355,5.8507,-1.6190,-0.04982
689.1000,6.0220,-0.9796,1.4758,0.10356,5.8512,-1.6196,-0.04983
689.2000,6.0210,-0.9793,1.4751,0.10357,5.8518,-1.6202,-0.04982
689.3000,6.0197,-0.9790,1.4742,0.10359,5.8520,-1.6199,-0.04983
689.4000,6.0186,-0.9787,1.4735,0.10360,5.8516,-1.6180,-0.04982
689.5000,6.0168,-0.9782,1.4727,0.10361,5.8507,-1.6150,-0.04978
689.6000,6.0153,-0.9779,1.4722,0.10363,5.8495,-1.6115,-0.04973
689.7000,6.0139,-0.9775,1.4719,0.10365,5.8488,-1.6078,-0.04970
689.8000,6.0123,-0.9773,1.4717,0.10365,5.8478,-1.6035,-0.04973
689.9000,6.0106,-0.9772,1.4717,0.10364,5.8471,-1.5994,-0.04974
690.0000,6.0089,-0.9773,1.4718,0.10364,5.8466,-1.5961,-0.04974
690.1000,6.0073,-0.9776,1.4720,0.10361,5.8463,-1.5942,-0.04980
690.2000,6.0059,-0.9781,1.4723,0.10358,5.8463,-1.5932,-0.04988
690.3000,6.0045,-0.9788,1.4727,0.10356,5.8466,-1.5931,-0.04997
690.4000,6.0031,-0.9796,1.4731,0.10354,5.8472,-1.5938,-0.05001
690.5040,6.0014,-0.9808,1.4735,0.10352,5.8474,-1.5954,-0.05008
690.6000,6.0000,-0.9818,1.4738,0.10349,5.8473,-1.5971,-0.05015
690.7000,5.9985,-0.9828,1.4740,0.10346,5.8467,-1.5986,-0.05020
690.8000,5.9969,-0.9838,1.4742,0.10345,5.8456,-1.6003,-0.05025
690.9000,5.9954,-0.9847,1.4741,0.10345,5.8445,-1.6021,-0.05030
691.0000,5.9935,-0.9858,1.4737,0.10345,5.8431,-1.6042,-0.05032
691.1000,5.9919,-0.9866,1.4733,0.10347,5.8414,-1.6061,-0.05033
691.2000,5.9902,-0.9873,1.4727,0.10348,5.8394,-1.6074,-0.05029
691.3000,5.9885,-0.9878,1.4719,0.10349,5.8374,-1.6082,-0.05030
691.4000,5.9869,-0.9883,1.4711,0.10349,5.8351,-1.6083,-0.05025
691.5000,5.9854,-0.9886,1.4702,0.10351,5.8321,-1.6073,-0.05021
691.6000,5.9835,-0.9889,1.4690,0.10352,5.8285,-1.6054,-0.05016
691.7000,5.9822,-0.9891,1.4679,0.10353,5.8251,-1.6032,-0.05009
691.8000,5.9810,-0.9893,1.4668,0.10352,5.8216,-1.6010,-0.05006
691.9000,5.9798,-0.9896,1.4656,0.10352,5.8187,-1.5991,-0.05006
692.0000,5.9786,-0.9900,1.4644,0.10350,5.8161,-1.5972,-0.05010
692.1000,5.9778,-0.9904,1.4635,0.10350,5.8143,-1.5960,-0.05014
692.2000,5.9772,-0.9909,1.4627,0.10350,5.8127,-1.5958,-0.05017
692.3000,5.9767,-0.9915,1.4621,0.10349,5.8112,-1.5957,-0.05020
692.4000,5.9764,-0.9921,1.4615,0.10349,5.8096,-1.5958,-0.05021
692.5000,5.9762,-0.9926,1.4610,0.10348,5.8082,-1.5958,-0.05020
692.6000,5.9760,-0.9932,1.4604,0.10347,5.8073,-1.5952,-0.05024
692.7000,5.9759,-0.9937,1.4597,0.10346,5.8066,-1.5946,-0.05026
692.8000,5.9758,-0.9943,1.4588,0.10344,5.8068,-1.5944,-0.05031
692.9000,5.9760,-0.9947,1.4580,0.10343,5.8073,-1.5946,-0.05031
693.0000,5.9762,-0.9953,1.4568,0.10340,5.8079,-1.5949,-0.05036
693.1000,5.9765,-0.9957,1.4558,0.10338,5.8084,-1.5946,-0.05042
693.2000,5.9766,-0.9961,1.4549,0.10337,5.8086,-1.5938,-0.05044
693.3000,5.9768,-0.9964,1.4541,0.10337,5.8084,-1.5928,-0.05046
693.4000,5.9769,-0.9967,1.4534,0.10338,5.8076,-1.5919,-0.05042
693.5000,5.9771,-0.9970,1.4528,0.10339,5.8063,-1.5914,-0.05041
693.6000,5.9772,-0.9974,1.4523,0.10339,5.8048,-1.5919,-0.05038
693.7000,5.9774,-0.9977,1.4520,0.10338,5.8035,-1.5930,-0.05037
693.8000,5.9776,-0.9980,1.4517,0.10336,5.8026,-1.5939,-0.05034
693.9000,5.9779,-0.9982,1.4514,0.10333,5.8018,-1.5946,-0.05038
694.0000,5.9782,-0.9985,1.4511,0.10330,5.8010,-1.5953,-0.05043
694.1000,5.9786,-0.9988,1.4509,0.10328,5.8003,-1.5961,-0.05043
694.2000,5.9789,-0.9991,1.4507,0.10325,5.7993,-1.5963,-0.05045
694.3000,5.9793,-0.9992,1.4505,0.10323,5.7979,-1.5957,-0.05045
694.4000,5.9796,-0.9992,1.4504,0.10323,5.7962,-1.5942,-0.05041
694.5000,5.9800,-0.9992,1.4503,0.10321,5.7945,-1.5917,-0.05038
694.6000,5.9805,-0.9990,1.4503,0.10320,5.7937,-1.5892,-0.05036
694.7000,5.9813,-0.9989,1.4503,0.10318,5.7932,-1.5869,-0.05035
694.8000,5.9820,-0.9988,1.4504,0.10317,5.7926,-1.5847,-0.05035
694.9000,5.9829,-0.9988,1.4504,0.10316,5.7922,-1.5833,-0.05038
695.0000,5.9841,-0.9989,1.4504,0.10315,5.7926,-1.5821,-0.05040
695.1000,5.9851,-0.9990,1.4504,0.10314,5.7939,-1.5816,-0.05042
695.2000,5.9865,-0.9992,1.4503,0.10312,5.7957,-1.5812,-0.05047
695.3000,5.9878,-0.9995,1.4500,0.10310,5.7977,-1.5807,-0.05054
695.4000,5.9894,-0.9998,1.4494,0.10308,5.7999,-1.5795,-0.05058
695.5000,5.9909,-1.0000,1.4486,0.10308,5.8019,-1.5779,-0.05063
695.6000,5.9922,-1.0002,1.4479,0.10309,5.8041,-1.5762,-0.05061
695.7000,5.9936,-1.0005,1.4472,0.10309,5.8064,-1.5751,-0.05060
695.8000,5.9953,-1.0010,1.4464,0.10308,5.8088,-1.5742,-0.05062
695.9000,5.9968,-1.0016,1.4459,0.10307,5.8110,-1.5735,-0.05066
696.0000,5.9985,-1.0023,1.4455,0.10306,5.8136,-1.5729,-0.05069
696.1000,6.0000,-1.0031,1.4453,0.10305,5.8162,-1.5719,-0.05073
696.2000,6.0013,-1.0039,1.4453,0.10304,5.8189,-1.5706,-0.05076
696.3000,6.0029,-1.0050,1.4454,0.10302,5.8214,-1.5696,-0.05079
696.4000,6.0043,-1.0061,1.4455,0.10299,5.8243,-1.5689,-0.05083
696.5000,6.0058,-1.0074,1.4456,0.10298,5.8268,-1.5682,-0.05086
696.6000,6.0069,-1.0085,1.4459,0.10298,5.8289,-1.5678,-0.05088
696.7000,6.0083,-1.0100,1.4463,0.10299,5.8310,-1.5679,-0.05088
696.8000,6.0095,-1.0116,1.4469,0.10298,5.8330,-1.5685,-0.05091
696.9000,6.0107,-1.0133,1.4477,0.10296,5.8353,-1.5694,-0.05096
697.0000,6.0117,-1.0150,1.4486,0.10295,5.8374,-1.5704,-0.05101
697.1000,6.0127,-1.0169,1.4496,0.10295,5.8389,-1.5716,-0.05106
697.2000,6.0135,-1.0185,1.4504,0.10294,5.8402,-1.5734,-0.05105
697.3000,6.0143,-1.0203,1.4514,0.10292,5.8408,-1.5756,-0.05108
697.4000,6.0150,-1.0220,1.4525,0.10290,5.8408,-1.5778,-0.05114
697.5000,6.0157,-1.0239,1.4539,0.10287,5.8404,-1.5804,-0.05117
697.6040,6.0163,-1.0257,1.4552,0.10286,5.8402,-1.5836,-0.05117
697.7000,6.0170,-1.0275,1.4567,0.10284,5.8404,-1.5869,-0.05123
697.8000,6.0177,-1.0292,1.4580,0.10283,5.8406,-1.5905,-0.05125
697.9000,6.0183,-1.0309,1.4592,0.10281,5.8405,-1.5934,-0.05128
698.0000,6.0191,-1.0326,1.4602,0.10282,5.8406,-1.5961,-0.05130
698.1000,6.0197,-1.0339,1.4608,0.10285,5.8414,-1.5991,-0.05127
698.2000,6.0202,-1.0351,1.4612,0.10287,5.8434,-1.6023,-0.05126
698.3000,6.0207,-1.0362,1.4614,0.10289,5.8459,-1.6055,-0.05125
698.4000,6.0212,-1.0372,1.4615,0.10291,5.8491,-1.6095,-0.05126
698.5000,6.0217,-1.0381,1.4616,0.10292,5.8520,-1.6129,-0.05127
698.6000,6.0220,-1.0388,1.4616,0.10294,5.8548,-1.6159,-0.05126
698.7000,6.0222,-1.0393,1.4616,0.10294,5.8575,-1.6192,-0.05127
698.8000,6.0221,-1.0397,1.4616,0.10294,5.8596,-1.6221,-0.05126
698.9000,6.0218,-1.0399,1.4618,0.10295,5.8619,-1.6246,-0.05127
699.0000,6.0214,-1.0399,1.4621,0.10296,5.8633,-1.6265,-0.05125
699.1000,6.0208,-1.0397,1.4626,0.10297,5.8639,-1.6281,-0.05124
699.2000,6.0199,-1.0393,1.4633,0.10301,5.8637,-1.6285,-0.05120
699.3000,6.0189,-1.0389,1.4642,0.10304,5.8631,-1.6282,-0.05113
699.4000,6.0177,-1.0383,1.4651,0.10309,5.8625,-1.6284,-0.05105
699.5000,6.0164,-1.0377,1.4660,0.10312,5.8618,-1.6295,-0.05099
699.6000,6.0152,-1.0372,1.4670,0.10314,5.8610,-1.6309,-0.05096
699.7000,6.0138,-1.0367,1.4680,0.10313,5.8597,-1.6323,-0.05096
699.8000,6.0124,-1.0362,1.4690,0.10312,5.8577,-1.6336,-0.05094
699.9000,6.0107,-1.0355,1.4702,0.10312,5.8549,-1.6351,-0.05090
700.0000,6.0093,-1.0349,1.4711,0.10312,5.8520,-1.6363,-0.05091
700.1000,6.0075,-1.0342,1.4722,0.10316,5.8485,-1.6377,-0.05089
700.2000,6.0060,-1.0336,1.4729,0.10320,5.8452,-1.6391,-0.05084
700.3000,6.0045,-1.0328,1.4735,0.10324,5.8423,-1.6403,-0.05077
700.4000,6.0027,-1.0317,1.4738,0.10326,5.8393,-1.6411,-0.05072
700.5000,6.0013,-1.0308,1.4738,0.10328,5.8361,-1.6412,-0.05067
700.6000,5.9999,-1.0297,1.4735,0.10330,5.8337,-1.6404,-0.05064
700.7000,5.9984,-1.0283,1.4729,0.10333,5.8310,-1.6387,-0.05058
700.8000,5.9970,-1.0268,1.4721,0.10336,5.8293,-1.6367,-0.05051
700.9000,5.9958,-1.0254,1.4712,0.10337,5.8286,-1.6344,-0.05047
701.0000,5.9946,-1.0238,1.4700,0.10337,5.8287,-1.6322,-0.05049
701.1000,5.9936,-1.0223,1.4689,0.10336,5.8290,-1.6297,-0.05051
701.2000,5.9927,-1.0210,1.4679,0.10336,5.8291,-1.6277,-0.05054
701.3000,5.9916,-1.0194,1.4667,0.10337,5.8288,-1.6250,-0.05053
701.4000,5.9905,-1.0180,1.4655,0.10339,5.8282,-1.6230,-0.05050
701.5000,5.9894,-1.0167,1.4644,0.10342,5.8272,-1.6216,-0.05047
701.6000,5.9883,-1.0153,1.4633,0.10344,5.8260,-1.6207,-0.05047
701.7000,5.9872,-1.0142,1.4622,0.10345,5.8246,-1.6201,-0.05046
701.8000,5.9861,-1.0130,1.4611,0.10345,5.8227,-1.6199,-0.05047
701.9000,5.9850,-1.0118,1.4598,0.10346,5.8210,-1.6192,-0.05048
702.0000,5.9839,-1.0106,1.4585,0.10347,5.8196,-1.6176,-0.05045
702.1000,5.9829,-1.0094,1.4571,0.10348,5.8185,-1.6153,-0.05041
702.2000,5.9820,-1.0081,1.4555,0.10349,5.8178,-1.6131,-0.05039
702.3000,5.9811,-1.0068,1.4536,0.10349,5.8173,-1.6113,-0.05035
702.4000,5.9804,-1.0058,1.4521,0.10348,5.8174,-1.6097,-0.05037
702.5000,5.9797,-1.0046,1.4502,0.10345,5.8173,-1.6087,-0.05042
702.6000,5.9791,-1.0038,1.4489,0.10343,5.8165,-1.6082,-0.05048
702.7000,5.9784,-1.0030,1.4477,0.10341,5.8149,-1.6078,-0.05053
702.8000,5.9776,-1.0022,1.4466,0.10340,5.8125,-1.6068,-0.05053
702.9000,5.9769,-1.0016,1.4457,0.10340,5.8102,-1.6054,-0.05055
703.0000,5.9762,-1.0009,1.4449,0.10339,5.8079,-1.6034,-0.05054
703.1000,5.9756,-1.0002,1.4441,0.10339,5.8063,-1.6013,-0.05054
703.2000,5.9752,-0.9997,1.4433,0.10339,5.8049,-1.5985,-0.05053
703.3000,5.9748,-0.9991,1.4424,0.10338,5.8040,-1.5963,-0.05057
703.4000,5.9744,-0.9987,1.4415,0.10336,5.8033,-1.5949,-0.05061
703.5000,5.9742,-0.9984,1.4405,0.10333,5.8028,-1.5943,-0.05066
703.6000,5.9740,-0.9983,1.4394,0.10330,5.8021,-1.5940,-0.05075
703.7000,5.9739,-0.9982,1.4384,0.10327,5.8017,-1.5940,-0.05078
703.8000,5.9738,-0.9982,1.4375,0.10327,5.8016,-1.5945,-0.05082
703.9000,5.9738,-0.9983,1.4368,0.10326,5.8021,-1.5954,-0.05083
704.0000,5.9740,-0.9983,1.4361,0.10326,5.8031,-1.5969,-0.05089
704.1000,5.9742,-0.9983,1.4356,0.10327,5.8044,-1.5985,-0.05093
704.2000,5.9744,-0.9983,1.4351,0.10328,5.8053,-1.6000,-0.05093
704.3000,5.9746,-0.9983,1.4348,0.10327,5.8061,-1.6014,-0.05094
704.4000,5.9748,-0.9983,1.4345,0.10326,5.8065,-1.6023,-0.05093
704.5000,5.9748,-0.9982,1.4342,0.10324,5.8062,-1.6034,-0.05095
704.6000,5.9748,-0.9982,1.4339,0.10322,5.8053,-1.6053,-0.05099
704.7000,5.9747,-0.9982,1.4336,0.10320,5.8040,-1.6072,-0.05103
704.8000,5.9746,-0.9982,1.4335,0.10319,5.8026,-1.6089,-0.05102
704.9000,5.9745,-0.9981,1.4335,0.10319,5.8016,-1.6104,-0.05100
705.0000,5.9744,-0.9980,1.4338,0.10319,5.8010,-1.6121,-0.05099
705.1000,5.9744,-0.9978,1.4341,0.10319,5.8005,-1.6134,-0.05100
705.2000,5.9744,-0.9974,1.4347,0.10318,5.7994,-1.6148,-0.05098
705.3000,5.9745,-0.9970,1.4352,0.10319,5.7976,-1.6168,-0.05096
705.4000,5.9746,-0.9966,1.4357,0.10320,5.7960,-1.6183,-0.05094
705.5000,5.9747,-0.9960,1.4363,0.10321,5.7945,-1.6190,-0.05091
705.6080,5.9749,-0.9952,1.4370,0.10321,5.7937,-1.6192,-0.05089
705.7000,5.9752,-0.9945,1.4375,0.10320,5.7929,-1.6191,-0.05089
705.8000,5.9755,-0.9936,1.4382,0.10318,5.7923,-1.6187,-0.05092
705.9040,5.9759,-0.9927,1.4389,0.10317,5.7915,-1.6178,-0.05092
706.0000,5.9763,-0.9917,1.4396,0.10316,5.7904,-1.6168,-0.05092
706.1000,5.9768,-0.9907,1.4403,0.10316,5.7895,-1.6160,-0.05090
706.2000,5.9774,-0.9898,1.4410,0.10316,5.7894,-1.6157,-0.05091
706.3000,5.9781,-0.9889,1.4417,0.10314,5.7898,-1.6159,-0.05097
706.4000,5.9787,-0.9881,1.4422,0.10312,5.7905,-1.6164,-0.05102
706.5000,5.9794,-0.9872,1.4428,0.10309,5.7919,-1.6166,-0.05108
706.6000,5.9802,-0.9865,1.4432,0.10306,5.7933,-1.6161,-0.05111
706.7000,5.9810,-0.9857,1.4435,0.10305,5.7947,-1.6146,-0.05115
706.8000,5.9818,-0.9848,1.4438,0.10306,5.7964,-1.6134,-0.05117
706.9000,5.9826,-0.9840,1.4440,0.10305,5.7987,-1.6125,-0.05118
707.0000,5.9834,-0.9833,1.4441,0.10303,5.8008,-1.6111,-0.05122
707.1000,5.9840,-0.9824,1.4443,0.10301,5.8026,-1.6092,-0.05127
707.2000,5.9845,-0.9816,1.4445,0.10300,5.8041,-1.6068,-0.05128
707.3000,5.9848,-0.9807,1.4447,0.10299,5.8057,-1.6048,-0.05131
707.4000,5.9850,-0.9800,1.4449,0.10300,5.8074,-1.6035,-0.05133
707.5000,5.9852,-0.9792,1.4452,0.10300,5.8085,-1.6032,-0.05134
707.6000,5.9852,-0.9787,1.4454,0.10301,5.8104,-1.6027,-0.05134
707.7000,5.9851,-0.9782,1.4456,0.10300,5.8116,-1.6019,-0.05135
707.8000,5.9848,-0.9778,1.4457,0.10301,5.8123,-1.6010,-0.05134
707.9000,5.9843,-0.9773,1.4459,0.10301,5.8125,-1.5995,-0.05133
708.0000,5.9838,-0.9770,1.4461,0.10302,5.8120,-1.5974,-0.05132
708.1000,5.9830,-0.9766,1.4464,0.10303,5.8111,-1.5955,-0.05131
708.2000,5.9824,-0.9763,1.4467,0.10304,5.8104,-1.5937,-0.05132
708.3000,5.9817,-0.9760,1.4470,0.10303,5.8093,-1.5920,-0.05130
708.4000,5.9809,-0.9758,1.4475,0.10302,5.8079,-1.5905,-0.05133
708.5000,5.9802,-0.9757,1.4478,0.10301,5.8063,-1.5895,-0.05133
708.6000,5.9795,-0.9756,1.4480,0.10300,5.8048,-1.5886,-0.05135
708.7000,5.9788,-0.9756,1.4481,0.10299,5.8035,-1.5879,-0.05135
708.8000,5.9782,-0.9756,1.4480,0.10296,5.8020,-1.5874,-0.05139
708.9000,5.9777,-0.9756,1.4478,0.10293,5.8006,-1.5872,-0.05139
709.0000,5.9772,-0.9757,1.4474,0.10288,5.7989,-1.5874,-0.05144
709.1000,5.9769,-0.9757,1.4470,0.10284,5.7979,-1.5878,-0.05147
709.2000,5.9767,-0.9758,1.4465,0.10279,5.7976,-1.5879,-0.05149
709.3000,5.9766,-0.9758,1.4461,0.10276,5.7978,-1.5870,-0.05157
709.4000,5.9765,-0.9757,1.4458,0.10276,5.7989,-1.5858,-0.05159
709.5000,5.9765,-0.9756,1.4456,0.10277,5.8009,-1.5852,-0.05159
709.6000,5.9766,-0.9755,1.4455,0.10279,5.8030,-1.5852,-0.05161
709.7000,5.9766,-0.9755,1.4455,0.10281,5.8050,-1.5854,-0.05160
709.8000,5.9767,-0.9754,1.4455,0.10283,5.8071,-1.5859,-0.05158
709.9000,5.9767,-0.9755,1.4454,0.10285,5.8094,-1.5870,-0.05159
710.0000,5.9765,-0.9755,1.4453,0.10286,5.8113,-1.5882,-0.05157
710.1000,5.9762,-0.9756,1.4452,0.10286,5.8127,-1.5893,-0.05157
710.2000,5.9756,-0.9757,1.4450,0.10285,5.8136,-1.5905,-0.05157
710.3000,5.9750,-0.9758,1.4449,0.10284,5.8143,-1.5920,-0.05157
710.4000,5.9743,-0.9759,1.4449,0.10282,5.8142,-1.5930,-0.05158
710.5000,5.9736,-0.9760,1.4449,0.10280,5.8134,-1.5933,-0.05156
710.6000,5.9727,-0.9761,1.4450,0.10275,5.8123,-1.5934,-0.05157
710.7000,5.9720,-0.9762,1.4451,0.10272,5.8106,-1.5932,-0.05157
710.8000,5.9711,-0.9763,1.4453,0.10269,5.8082,-1.5927,-0.05158
710.9000,5.9703,-0.9764,1.4457,0.10269,5.8056,-1.5920,-0.05159
711.0000,5.9696,-0.9766,1.4463,0.10268,5.8031,-1.5914,-0.05158
711.1000,5.9690,-0.9768,1.4469,0.10269,5.8010,-1.5911,-0.05160
711.2000,5.9685,-0.9771,1.4475,0.10271,5.8001,-1.5912,-0.05158
711.3000,5.9682,-0.9776,1.4483,0.10271,5.8000,-1.5914,-0.05159
711.4000,5.9680,-0.9782,1.4489,0.10270,5.7999,-1.5917,-0.05166
711.5000,5.9678,-0.9788,1.4495,0.10270,5.7995,-1.5919,-0.05168
711.6000,5.9677,-0.9794,1.4499,0.10271,5.7991,-1.5919,-0.05170
711.7000,5.9676,-0.9800,1.4503,0.10272,5.7990,-1.5915,-0.05170
711.8000,5.9674,-0.9807,1.4506,0.10271,5.7993,-1.5910,-0.05173
711.9000,5.9674,-0.9814,1.4506,0.10269,5.7999,-1.5904,-0.05174
712.0000,5.9673,-0.9819,1.4505,0.10266,5.8011,-1.5901,-0.05176
712.1000,5.9673,-0.9825,1.4503,0.10263,5.8024,-1.5904,-0.05180
712.2000,5.9674,-0.9832,1.4500,0.10257,5.8026,-1.5917,-0.05189
712.3000,5.9674,-0.9840,1.4496,0.10252,5.8021,-1.5939,-0.05198
712.4000,5.9674,-0.9847,1.4492,0.10246,5.8012,-1.5959,-0.05203
712.5000,5.9673,-0.9855,1.4487,0.10242,5.7998,-1.5981,-0.05211
712.6000,5.9672,-0.9861,1.4482,0.10239,5.7982,-1.6000,-0.05211
712.7000,5.9671,-0.9866,1.4478,0.10237,5.7973,-1.6015,-0.05213
712.8000,5.9670,-0.9869,1.4475,0.10238,5.7971,-1.6022,-0.05211
712.9000,5.9671,-0.9870,1.4474,0.10239,5.7967,-1.6025,-0.05211
713.0000,5.9672,-0.9870,1.4475,0.10240,5.7960,-1.6026,-0.05208
713.1000,5.9674,-0.9870,1.4477,0.10241,5.7948,-1.6027,-0.05202
713.2000,5.9677,-0.9869,1.4481,0.10240,5.7933,-1.6021,-0.05199
713.3000,5.9680,-0.9867,1.4485,0.10238,5.7922,-1.6006,-0.05197
713.4000,5.9685,-0.9865,1.4488,0.10238,5.7925,-1.5990,-0.05196
713.5000,5.9691,-0.9863,1.4492,0.10239,5.7940,-1.5974,-0.05196
713.6000,5.9700,-0.9860,1.4495,0.10241,5.7962,-1.5962,-0.05200
713.7000,5.9707,-0.9858,1.4498,0.10243,5.7988,-1.5955,-0.05200
713.8000,5.9714,-0.9857,1.4501,0.10245,5.8012,-1.5955,-0.05201
713.9000,5.9721,-0.9857,1.4505,0.10247,5.8029,-1.5958,-0.05199
714.0000,5.9728,-0.9857,1.4508,0.10248,5.8041,-1.5964,-0.05198
714.1000,5.9735,-0.9858,1.4513,0.10247,5.8046,-1.5970,-0.05199
714.2000,5.9741,-0.9860,1.4519,0.10246,5.8047,-1.5970,-0.05201
714.3000,5.9747,-0.9861,1.4525,0.10247,5.8042,-1.5971,-0.05203
714.4000,5.9754,-0.9863,1.4532,0.10247,5.8030,-1.5969,-0.05199
714.5000,5.9761,-0.9865,1.4538,0.10247,5.8018,-1.5964,-0.05194
714.6000,5.9767,-0.9867,1.4544,0.10246,5.8006,-1.5959,-0.05193
714.7000,5.9775,-0.9869,1.4551,0.10246,5.7999,-1.5955,-0.05194
714.8000,5.9783,-0.9872,1.4556,0.10246,5.8000,-1.5944,-0.05197
714.9000,5.9791,-0.9874,1.4560,0.10247,5.8000,-1.5927,-0.05197
715.0000,5.9801,-0.9877,1.4566,0.10248,5.7997,-1.5906,-0.05195
715.1000,5.9812,-0.9881,1.4571,0.10249,5.7997,-1.5888,-0.05193
715.2000,5.9824,-0.9885,1.4576,0.10247,5.8004,-1.5871,-0.05194
715.3000,5.9834,-0.9890,1.4580,0.10246,5.8014,-1.5862,-0.05199
715.4000,5.9849,-0.9898,1.4584,0.10242,5.8019,-1.5868,-0.05207
715.5000,5.9862,-0.9907,1.4586,0.10238,5.8023,-1.5890,-0.05217
715.6000,5.9876,-0.9917,1.4587,0.10235,5.8027,-1.5917,-0.05224
715.7000,5.9890,-0.9927,1.4588,0.10231,5.8036,-1.5952,-0.05232
715.8000,5.9908,-0.9938,1.4587,0.10229,5.8045,-1.5983,-0.05237
715.9000,5.9922,-0.9947,1.4586,0.10229,5.8056,-1.6012,-0.05237
716.0000,5.9935,-0.9953,1.4584,0.10229,5.8065,-1.6034,-0.05236
716.1000,5.9951,-0.9960,1.4581,0.10231,5.8067,-1.6055,-0.05232
716.2000,5.9965,-0.9964,1.4576,0.10233,5.8062,-1.6072,-0.05224
716.3000,5.9978,-0.9967,1.4569,0.10233,5.8059,-1.6086,-0.05221
716.4000,5.9990,-0.9970,1.4560,0.10234,5.8065,-1.6095,-0.05218
716.5000,6.0004,-0.9972,1.4546,0.10235,5.8078,-1.6100,-0.05216
716.6000,6.0018,-0.9973,1.4529,0.10234,5.8090,-1.6100,-0.05215
716.7000,6.0031,-0.9974,1.4511,0.10234,5.8099,-1.6095,-0.05215
716.8000,6.0043,-0.9976,1.4495,0.10235,5.8109,-1.6086,-0.05216
716.9000,6.0056,-0.9977,1.4475,0.10235,5.8124,-1.6074,-0.05218
717.0000,6.0068,-0.9979,1.4458,0.10237,5.8137,-1.6063,-0.05217
717.1000,6.0082,-0.9982,1.4441,0.10237,5.8152,-1.6058,-0.05215
717.2000,6.0096,-0.9985,1.4426,0.10236,5.8162,-1.6057,-0.05216
717.3000,6.0111,-0.9990,1.4411,0.10234,5.8170,-1.6061,-0.05218
717.4000,6.0125,-0.9995,1.4399,0.10230,5.8176,-1.6069,-0.05219
717.5000,6.0139,-1.0000,1.4389,0.10227,5.8184,-1.6081,-0.05223
717.6000,6.0152,-1.0006,1.4381,0.10223,5.8194,-1.6093,-0.05229
717.7000,6.0166,-1.0012,1.4374,0.10219,5.8207,-1.6102,-0.05233
717.8000,6.0178,-1.0017,1.4370,0.10217,5.8229,-1.6111,-0.05237
717.9000,6.0192,-1.0022,1.4367,0.10216,5.8250,-1.6120,-0.05239
718.0000,6.0206,-1.0026,1.4364,0.10216,5.8274,-1.6131,-0.05241
718.1000,6.0219,-1.0030,1.4363,0.10215,5.8291,-1.6137,-0.05245
718.2000,6.0233,-1.0034,1.4362,0.10215,5.8307,-1.6138,-0.05245
718.3000,6.0245,-1.0036,1.4361,0.10215,5.8323,-1.6132,-0.05246
718.4040,6.0258,-1.0038,1.4360,0.10215,5.8347,-1.6124,-0.05252
718.5000,6.0269,-1.0039,1.4359,0.10215,5.8376,-1.6116,-0.05253
718.6000,6.0277,-1.0041,1.4359,0.10214,5.8398,-1.6115,-0.05254
718.7000,6.0287,-1.0042,1.4358,0.10213,5.8416,-1.6124,-0.05255
718.8000,6.0293,-1.0044,1.4358,0.10212,5.8427,-1.6135,-0.05259
718.9000,6.0300,-1.0047,1.4358,0.10211,5.8436,-1.6145,-0.05260
719.0000,6.0305,-1.0049,1.4358,0.10211,5.8441,-1.6149,-0.05261
719.1040,6.0307,-1.0050,1.4358,0.10212,5.8439,-1.6148,-0.05258
719.2000,6.0309,-1.0050,1.4358,0.10213,5.8433,-1.6145,-0.05258
719.3000,6.0309,-1.0049,1.4358,0.10214,5.8429,-1.6140,-0.05259
719.4000,6.0309,-1.0048,1.4358,0.10216,5.8432,-1.6132,-0.05255
719.5000,6.0310,-1.0045,1.4360,0.10217,5.8437,-1.6122,-0.05252
719.6000,6.0311,-1.0043,1.4363,0.10218,5.8441,-1.6113,-0.05248
719.7000,6.0311,-1.0041,1.4366,0.10219,5.8445,-1.6105,-0.05246
719.8000,6.0312,-1.0038,1.4370,0.10219,5.8447,-1.6096,-0.05247
719.9000,6.0312,-1.0036,1.4374,0.10220,5.8445,-1.6086,-0.05243
720.0000,6.0312,-1.0034,1.4378,0.10220,5.8445,-1.6073,-0.05242
720.1000,6.0312,-1.0031,1.4382,0.10221,5.8450,-1.6065,-0.05243
720.2000,6.0312,-1.0028,1.4385,0.10223,5.8462,-1.6061,-0.05244
720.3000,6.0311,-1.0025,1.4389,0.10224,5.8470,-1.6058,-0.05244
720.4000,6.0309,-1.0024,1.4393,0.10225,5.8472,-1.6057,-0.05244
720.5000,6.0306,-1.0022,1.4395,0.10226,5.8471,-1.6058,-0.05241
720.6000,6.0303,-1.0021,1.4399,0.10226,5.8473,-1.6065,-0.05243
720.7000,6.0298,-1.0021,1.4403,0.10226,5.8476,-1.6077,-0.05242
720.8000,6.0293,-1.0021,1.4408,0.10225,5.8487,-1.6098,-0.05243
720.9000,6.0290,-1.0020,1.4413,0.10223,5.8507,-1.6124,-0.05247
721.0000,6.0286,-1.0020,1.4420,0.10221,5.8527,-1.6148,-0.05253
721.1000,6.0282,-1.0019,1.4428,0.10221,5.8547,-1.6172,-0.05255
721.2000,6.0276,-1.0017,1.4438,0.10221,5.8560,-1.6194,-0.05255
721.3000,6.0268,-1.0013,1.4448,0.10224,5.8565,-1.6218,-0.05254
721.4000,6.0260,-1.0009,1.4458,0.10226,5.8566,-1.6240,-0.05248
721.5000,6.0250,-1.0002,1.4469,0.10227,5.8564,-1.6256,-0.05247
721.6000,6.0241,-0.9995,1.4480,0.10229,5.8558,-1.6271,-0.05244
721.7000,6.0229,-0.9985,1.4493,0.10233,5.8548,-1.6275,-0.05238
721.8000,6.0218,-0.9976,1.4504,0.10237,5.8527,-1.6268,-0.05227
721.9000,6.0204,-0.9962,1.4518,0.10243,5.8500,-1.6253,-0.05216
722.0000,6.0194,-0.9952,1.4528,0.10247,5.8470,-1.6232,-0.05202
722.1000,6.0181,-0.9938,1.4541,0.10251,5.8436,-1.6211,-0.05191
722.2000,6.0169,-0.9925,1.4551,0.10252,5.8394,-1.6187,-0.05186
722.3000,6.0159,-0.9912,1.4560,0.10251,5.8350,-1.6165,-0.05182
722.4000,6.0150,-0.9899,1.4569,0.10250,5.8312,-1.6155,-0.05182
722.5000,6.0145,-0.9887,1.4577,0.10248,5.8283,-1.6155,-0.05183
722.6000,6.0141,-0.9876,1.4586,0.10246,5.8260,-1.6160,-0.05190
722.7000,6.0139,-0.9866,1.4593,0.10245,5.8247,-1.6163,-0.05196
722.8000,6.0138,-0.9854,1.4603,0.10244,5.8239,-1.6166,-0.05199
722.9000,6.0139,-0.9842,1.4612,0.10243,5.8230,-1.6169,-0.05200
723.0000,6.0142,-0.9830,1.4622,0.10241,5.8225,-1.6170,-0.05201
723.1000,6.0146,-0.9817,1.4633,0.10238,5.8223,-1.6169,-0.05204
723.2000,6.0150,-0.9803,1.4644,0.10236,5.8224,-1.6167,-0.05203
723.3000,6.0157,-0.9787,1.4654,0.10236,5.8230,-1.6164,-0.05203
723.4000,6.0162,-0.9771,1.4663,0.10236,5.8245,-1.6157,-0.05204
723.5000,6.0169,-0.9755,1.4670,0.10237,5.8263,-1.6147,-0.05200
723.6000,6.0176,-0.9738,1.4674,0.10238,5.8284,-1.6131,-0.05199
723.7000,6.0183,-0.9721,1.4677,0.10239,5.8301,-1.6114,-0.05195
723.8000,6.0190,-0.9705,1.4679,0.10239,5.8322,-1.6095,-0.05191
723.9000,6.0197,-0.9689,1.4680,0.10236,5.8342,-1.6079,-0.05196
724.0000,6.0204,-0.9673,1.4679,0.10234,5.8360,-1.6059,-0.05200
724.1040,6.0210,-0.9657,1.4677,0.10233,5.8373,-1.6034,-0.05202
724.2000,6.0216,-0.9643,1.4674,0.10233,5.8385,-1.6004,-0.05200
724.3000,6.0221,-0.9628,1.4671,0.10233,5.8399,-1.5975,-0.05201
724.4000,6.0224,-0.9614,1.4668,0.10233,5.8416,-1.5945,-0.05203
724.5040,6.0227,-0.9600,1.4666,0.10234,5.8434,-1.5914,-0.05203
724.6000,6.0230,-0.9587,1.4664,0.10236,5.8449,-1.5881,-0.05204
724.7000,6.0232,-0.9575,1.4663,0.10238,5.8461,-1.5853,-0.05203
724.8000,6.0233,-0.9565,1.4662,0.10239,5.8471,-1.5825,-0.05200
724.9000,6.0234,-0.9555,1.4661,0.10238,5.8476,-1.5801,-0.05198
725.0000,6.0234,-0.9547,1.4659,0.10238,5.8481,-1.5772,-0.05199
725.1000,6.0233,-0.9538,1.4657,0.10238,5.8485,-1.5742,-0.05200
725.2000,6.0230,-0.9529,1.4653,0.10239,5.8494,-1.5706,-0.05199
725.3000,6.0229,-0.9522,1.4649,0.10240,5.8507,-1.5671,-0.05198
725.4000,6.0227,-0.9515,1.4644,0.10238,5.8522,-1.5627,-0.05199
725.5000,6.0224,-0.9508,1.4637,0.10236,5.8529,-1.5586,-0.05203
725.6000,6.0220,-0.9503,1.4629,0.10234,5.8525,-1.5537,-0.05205
725.7000,6.0217,-0.9500,1.4621,0.10232,5.8515,-1.5495,-0.05209
725.8000,6.0212,-0.9498,1.4611,0.10231,5.8499,-1.5453,-0.05210
725.9000,6.0206,-0.9498,1.4599,0.10228,5.8480,-1.5422,-0.05212
726.0000,6.0201,-0.9500,1.4588,0.10225,5.8463,-1.5400,-0.05217
726.1000,6.0196,-0.9505,1.4577,0.10221,5.8455,-1.5389,-0.05225
726.2000,6.0191,-0.9511,1.4565,0.10217,5.8455,-1.5382,-0.05236
726.3000,6.0188,-0.9519,1.4554,0.10213,5.8456,-1.5385,-0.05243
726.4000,6.0184,-0.9527,1.4543,0.10209,5.8459,-1.5401,-0.05253
726.5000,6.0182,-0.9535,1.4534,0.10207,5.8467,-1.5420,-0.05258
726.6000,6.0179,-0.9545,1.4524,0.10206,5.8475,-1.5435,-0.05260
726.7000,6.0177,-0.9555,1.4516,0.10206,5.8478,-1.5445,-0.05260
726.8000,6.0175,-0.9563,1.4510,0.10206,5.8475,-1.5453,-0.05260
726.9000,6.0172,-0.9570,1.4505,0.10206,5.8468,-1.5454,-0.05260
727.0000,6.0168,-0.9579,1.4501,0.10206,5.8463,-1.5456,-0.05260
727.1000,6.0165,-0.9586,1.4496,0.10204,5.8466,-1.5456,-0.05261
727.2000,6.0162,-0.9592,1.4492,0.10203,5.8477,-1.5455,-0.05263
727.3000,6.0159,-0.9600,1.4488,0.10200,5.8496,-1.5458,-0.05267
727.4000,6.0157,-0.9607,1.4485,0.10197,5.8512,-1.5464,-0.05266
727.5000,6.0154,-0.9614,1.4482,0.10193,5.8529,-1.5471,-0.05271
727.6000,6.0150,-0.9623,1.4479,0.10187,5.8545,-1.5484,-0.05279
727.7000,6.0145,-0.9632,1.4475,0.10184,5.8556,-1.5505,-0.05284
727.8000,6.0139,-0.9641,1.4470,0.10180,5.8565,-1.5530,-0.05288
727.9000,6.0132,-0.9651,1.4461,0.10176,5.8572,-1.5560,-0.05295
728.0000,6.0124,-0.9660,1.4452,0.10174,5.8578,-1.5592,-0.05300
728.1000,6.0113,-0.9670,1.4440,0.10172,5.8580,-1.5623,-0.05304
728.2000,6.0101,-0.9679,1.4427,0.10170,5.8580,-1.5648,-0.05305
728.3000,6.0088,-0.9687,1.4414,0.10168,5.8584,-1.5670,-0.05306
728.4000,6.0072,-0.9695,1.4400,0.10165,5.8588,-1.5695,-0.05305
728.5000,6.0056,-0.9702,1.4388,0.10163,5.8589,-1.5722,-0.05305
728.6000,6.0039,-0.9708,1.4377,0.10161,5.8584,-1.5750,-0.05305
728.7000,6.0022,-0.9712,1.4369,0.10159,5.8572,-1.5775,-0.05308
728.8000,6.0001,-0.9717,1.4363,0.10158,5.8558,-1.5793,-0.05307
728.9000,5.9981,-0.9720,1.4358,0.10157,5.8540,-1.5811,-0.05305
729.0000,5.9957,-0.9724,1.4356,0.10155,5.8520,-1.5829,-0.05304
729.1000,5.9937,-0.9726,1.4355,0.10154,5.8488,-1.5848,-0.05303
729.2000,5.9911,-0.9729,1.4357,0.10152,5.8452,-1.5870,-0.05303
729.3000,5.9888,-0.9730,1.4359,0.10152,5.8405,-1.5898,-0.05300
729.4000,5.9868,-0.9732,1.4361,0.10152,5.8363,-1.5923,-0.05300
729.5000,5.9846,-0.9732,1.4364,0.10153,5.8323,-1.5946,-0.05293
729.6000,5.9828,-0.9731,1.4367,0.10154,5.8280,-1.5961,-0.05292
729.7000,5.9807,-0.9729,1.4372,0.10156,5.8240,-1.5972,-0.05286
729.8000,5.9786,-0.9724,1.4380,0.10158,5.8212,-1.5980,-0.05282
729.9000,5.9772,-0.9719,1.4387,0.10159,5.8191,-1.5980,-0.05282
730.0000,5.9754,-0.9711,1.4398,0.10161,5.8165,-1.5977,-0.05276
730.1000,5.9738,-0.9702,1.4408,0.10161,5.8125,-1.5971,-0.05269
730.2000,5.9723,-0.9693,1.4418,0.10161,5.8082,-1.5963,-0.05262
730.3000,5.9708,-0.9684,1.4428,0.10159,5.8034,-1.5952,-0.05258
730.4000,5.9696,-0.9676,1.4436,0.10159,5.7983,-1.5940,-0.05257
730.5000,5.9683,-0.9666,1.4445,0.10160,5.7934,-1.5930,-0.05249
730.6000,5.9671,-0.9654,1.4456,0.10162,5.7883,-1.5914,-0.05240
730.7000,5.9662,-0.9644,1.4464,0.10164,5.7837,-1.5893,-0.05233
730.8000,5.9657,-0.9635,1.4472,0.10165,5.7806,-1.5874,-0.05228
730.9000,5.9654,-0.9622,1.4482,0.10168,5.7783,-1.5857,-0.05225
731.0000,5.9654,-0.9613,1.4490,0.10169,5.7771,-1.5842,-0.05226
731.1000,5.9657,-0.9603,1.4497,0.10170,5.7769,-1.5830,-0.05228
731.2000,5.9662,-0.9592,1.4503,0.10169,5.7773,-1.5821,-0.05233
731.3000,5.9670,-0.9581,1.4508,0.10168,5.7782,-1.5816,-0.05237
731.4000,5.9678,-0.9571,1.4510,0.10168,5.7797,-1.5819,-0.05243
731.5000,5.9686,-0.9562,1.4510,0.10167,5.7820,-1.5827,-0.05245
731.6000,5.9695,-0.9552,1.4508,0.10167,5.7847,-1.5840,-0.05253
731.7000,5.9705,-0.9542,1.4505,0.10165,5.7876,-1.5852,-0.05258
731.8000,5.9716,-0.9530,1.4501,0.10164,5.7903,-1.5855,-0.05258
731.9000,5.9725,-0.9518,1.4496,0.10165,5.7927,-1.5849,-0.05258
732.0000,5.9731,-0.9507,1.4492,0.10167,5.7951,-1.5832,-0.05253
732.1000,5.9737,-0.9494,1.4488,0.10169,5.7971,-1.5809,-0.05249
732.2000,5.9742,-0.9481,1.4484,0.10170,5.7988,-1.5786,-0.05244
732.3000,5.9746,-0.9467,1.4479,0.10170,5.7998,-1.5771,-0.05240
732.4000,5.9748,-0.9456,1.4474,0.10168,5.8009,-1.5762,-0.05242
732.5000,5.9750,-0.9446,1.4467,0.10167,5.8024,-1.5758,-0.05244
732.6000,5.9753,-0.9434,1.4459,0.10164,5.8039,-1.5756,-0.05246
732.7000,5.9755,-0.9425,1.4452,0.10162,5.8054,-1.5752,-0.05250
732.8000,5.9757,-0.9415,1.4443,0.10160,5.8075,-1.5741,-0.05254
732.9000,5.9758,-0.9404,1.4434,0.10160,5.8093,-1.5728,-0.05254
733.0000,5.9758,-0.9395,1.4426,0.10159,5.8111,-1.5712,-0.05256
733.1000,5.9757,-0.9387,1.4417,0.10157,5.8129,-1.5700,-0.05260
733.2000,5.9754,-0.9378,1.4408,0.10155,5.8145,-1.5688,-0.05260
733.3000,5.9751,-0.9369,1.4399,0.10154,5.8156,-1.5671,-0.05264
733.4000,5.9747,-0.9361,1.4389,0.10154,5.8163,-1.5647,-0.05264
733.5000,5.9743,-0.9355,1.4381,0.10155,5.8163,-1.5616,-0.05265
733.6000,5.9737,-0.9347,1.4370,0.10155,5.8154,-1.5587,-0.05263
733.7000,5.9731,-0.9340,1.4357,0.10155,5.8141,-1.5560,-0.05261
733.8000,5.9726,-0.9336,1.4345,0.10156,5.8125,-1.5539,-0.05261
733.9000,5.9721,-0.9332,1.4327,0.10156,5.8108,-1.5523,-0.05262
734.0000,5.9716,-0.9329,1.4307,0.10155,5.8097,-1.5514,-0.05265
734.1000,5.9712,-0.9328,1.4289,0.10154,5.8092,-1.5508,-0.05267
734.2000,5.9709,-0.9326,1.4268,0.10153,5.8097,-1.5502,-0.05274
734.3000,5.9707,-0.9325,1.4250,0.10153,5.8106,-1.5496,-0.05275
734.4000,5.9705,-0.9324,1.4228,0.10152,5.8123,-1.5488,-0.05281
734.5000,5.9704,-0.9323,1.4212,0.10152,5.8139,-1.5485,-0.05285
734.6000,5.9702,-0.9323,1.4197,0.10151,5.8159,-1.5490,-0.05288
734.7000,5.9700,-0.9324,1.4182,0.10149,5.8185,-1.5502,-0.05292
734.8000,5.9698,-0.9325,1.4170,0.10146,5.8207,-1.5516,-0.05299
734.9000,5.9694,-0.9327,1.4156,0.10142,5.8227,-1.5525,-0.05304
735.0000,5.9689,-0.9329,1.4145,0.10140,5.8235,-1.5526,-0.05309
735.1000,5.9681,-0.9330,1.4133,0.10139,5.8236,-1.5515,-0.05310
735.2000,5.9671,-0.9332,1.4121,0.10140,5.8233,-1.5500,-0.05307
735.3000,5.9662,-0.9334,1.4113,0.10138,5.8225,-1.5488,-0.05309
735.4000,5.9649,-0.9337,1.4104,0.10137,5.8208,-1.5481,-0.05308
735.5000,5.9637,-0.9341,1.4098,0.10135,5.8184,-1.5477,-0.05310
735.6000,5.9623,-0.9346,1.4092,0.10132,5.8150,-1.5478,-0.05310
735.7000,5.9609,-0.9352,1.4088,0.10128,5.8118,-1.5482,-0.05314
735.8000,5.9597,-0.9358,1.4085,0.10125,5.8083,-1.5490,-0.05315
735.9000,5.9583,-0.9366,1.4084,0.10122,5.8044,-1.5501,-0.05317
736.0000,5.9572,-0.9373,1.4083,0.10120,5.8005,-1.5510,-0.05318
736.1000,5.9561,-0.9382,1.4083,0.10117,5.7968,-1.5513,-0.05322
736.2000,5.9554,-0.9388,1.4084,0.10114,5.7929,-1.5516,-0.05325
736.3000,5.9546,-0.9397,1.4088,0.10111,5.7885,-1.5521,-0.05328
736.4000,5.9540,-0.9405,1.4093,0.10108,5.7848,-1.5526,-0.05330
736.5000,5.9537,-0.9412,1.4098,0.10106,5.7818,-1.5530,-0.05334
736.6000,5.9537,-0.9419,1.4103,0.10104,5.7795,-1.5534,-0.05336
736.7000,5.9539,-0.9425,1.4107,0.10104,5.7778,-1.5539,-0.05338
736.8000,5.9543,-0.9431,1.4113,0.10102,5.7768,-1.5540,-0.05343
736.9000,5.9548,-0.9437,1.4117,0.10102,5.7760,-1.5541,-0.05347
737.0000,5.9554,-0.9441,1.4121,0.10102,5.7756,-1.5542,-0.05348
737.1000,5.9562,-0.9447,1.4125,0.10102,5.7764,-1.5545,-0.05349
737.2000,5.9571,-0.9451,1.4130,0.10101,5.7780,-1.5550,-0.05353
737.3000,5.9580,-0.9456,1.4135,0.10099,5.7796,-1.5556,-0.05360
737.4000,5.9591,-0.9460,1.4142,0.10098,5.7814,-1.5560,-0.05360
737.5000,5.9601,-0.9464,1.4148,0.10098,5.7834,-1.5558,-0.05363
737.6000,5.9613,-0.9468,1.4156,0.10098,5.7853,-1.5555,-0.05365
737.7000,5.9622,-0.9471,1.4164,0.10099,5.7874,-1.5556,-0.05366
737.8000,5.9631,-0.9474,1.4172,0.10099,5.7900,-1.5556,-0.05364
737.9000,5.9642,-0.9478,1.4184,0.10098,5.7931,-1.5551,-0.05369
738.0000,5.9650,-0.9480,1.4194,0.10097,5.7966,-1.5541,-0.05371
738.1000,5.9659,-0.9483,1.4205,0.10096,5.7996,-1.5533,-0.05372
738.2000,5.9666,-0.9485,1.4217,0.10097,5.8022,-1.5523,-0.05372
738.3000,5.9670,-0.9487,1.4227,0.10097,5.8047,-1.5517,-0.05370
738.4000,5.9673,-0.9490,1.4235,0.10097,5.8067,-1.5514,-0.05371
738.5000,5.9676,-0.9495,1.4243,0.10095,5.8080,-1.5513,-0.05371
738.6000,5.9676,-0.9500,1.4249,0.10093,5.8084,-1.5510,-0.05371
738.7000,5.9676,-0.9506,1.4254,0.10091,5.8079,-1.5505,-0.05372
738.8000,5.9675,-0.9512,1.4258,0.10090,5.8063,-1.5500,-0.05368
738.9000,5.9673,-0.9517,1.4261,0.10089,5.8039,-1.5499,-0.05366
739.0000,5.9669,-0.9525,1.4266,0.10088,5.8015,-1.5503,-0.05363
739.1000,5.9667,-0.9531,1.4269,0.10086,5.7998,-1.5510,-0.05366
739.2000,5.9666,-0.9540,1.4273,0.10084,5.7990,-1.5516,-0.05371
739.3000,5.9665,-0.9547,1.4277,0.10083,5.7987,-1.5529,-0.05372
739.4000,5.9667,-0.9557,1.4281,0.10081,5.7991,-1.5548,-0.05375
739.5000,5.9670,-0.9565,1.4284,0.10081,5.8000,-1.5571,-0.05379
739.6000,5.9672,-0.9574,1.4286,0.10080,5.8012,-1.5598,-0.05383
739.7000,5.9675,-0.9583,1.4287,0.10079,5.8019,-1.5625,-0.05387
739.8000,5.9679,-0.9593,1.4287,0.10077,5.8021,-1.5651,-0.05389
739.9000,5.9683,-0.9603,1.4287,0.10076,5.8021,-1.5674,-0.05390
740.0000,5.9686,-0.9611,1.4287,0.10074,5.8018,-1.5691,-0.05391
740.1000,5.9689,-0.9618,1.4286,0.10071,5.8013,-1.5705,-0.05392
740.2000,5.9693,-0.9627,1.4286,0.10068,5.8004,-1.5712,-0.05396
740.3000,5.9696,-0.9633,1.4287,0.10067,5.7992,-1.5717,-0.05396
740.4000,5.9700,-0.9638,1.4289,0.10068,5.7988,-1.5723,-0.05395
740.5000,5.9705,-0.9643,1.4292,0.10069,5.7990,-1.5731,-0.05390
740.6000,5.9710,-0.9648,1.4296,0.10067,5.8000,-1.5739,-0.05394
740.7000,5.9716,-0.9652,1.4300,0.10066,5.8014,-1.5742,-0.05397
740.8000,5.9723,-0.9656,1.4304,0.10066,5.8033,-1.5746,-0.05397
740.9000,5.9730,-0.9660,1.4308,0.10066,5.8048,-1.5754,-0.05398
741.0000,5.9735,-0.9664,1.4312,0.10066,5.8060,-1.5768,-0.05400
741.1000,5.9740,-0.9668,1.4317,0.10065,5.8071,-1.5778,-0.05401
741.2000,5.9744,-0.9672,1.4323,0.10067,5.8084,-1.5787,-0.05400
741.3000,5.9747,-0.9676,1.4328,0.10067,5.8099,-1.5795,-0.05399
741.4000,5.9750,-0.9680,1.4336,0.10068,5.8122,-1.5801,-0.05400
741.5000,5.9752,-0.9684,1.4344,0.10069,5.8149,-1.5810,-0.05404
741.6000,5.9754,-0.9689,1.4353,0.10069,5.8180,-1.5821,-0.05406
741.7000,5.9756,-0.9694,1.4364,0.10069,5.8223,-1.5828,-0.05408
741.8000,5.9756,-0.9697,1.4372,0.10069,5.8262,-1.5827,-0.05414
741.9000,5.9753,-0.9702,1.4382,0.10070,5.8296,-1.5824,-0.05417
742.0000,5.9748,-0.9706,1.4391,0.10072,5.8332,-1.5824,-0.05415
742.1000,5.9740,-0.9711,1.4401,0.10072,5.8356,-1.5827,-0.05414
742.2000,5.9729,-0.9716,1.4410,0.10072,5.8370,-1.5833,-0.05415
742.3000,5.9715,-0.9722,1.4419,0.10071,5.8375,-1.5846,-0.05416
742.4000,5.9700,-0.9728,1.4429,0.10071,5.8374,-1.5867,-0.05420
742.5000,5.9686,-0.9734,1.4439,0.10072,5.8370,-1.5893,-0.05417
742.6000,5.9667,-0.9741,1.4450,0.10073,5.8363,-1.5917,-0.05414
742.7000,5.9648,-0.9747,1.4460,0.10074,5.8346,-1.5937,-0.05412
742.8000,5.9627,-0.9751,1.4470,0.10075,5.8323,-1.5949,-0.05409
742.9000,5.9604,-0.9755,1.4479,0.10078,5.8300,-1.5958,-0.05403
743.0000,5.9584,-0.9758,1.4487,0.10080,5.8276,-1.5962,-0.05400
743.1000,5.9561,-0.9760,1.4495,0.10082,5.8253,-1.5961,-0.05396
743.2000,5.9538,-0.9761,1.4501,0.10083,5.8228,-1.5954,-0.05394
743.3000,5.9516,-0.9762,1.4506,0.10084,5.8200,-1.5941,-0.05393
743.4000,5.9492,-0.9763,1.4509,0.10085,5.8168,-1.5916,-0.05391
743.5000,5.9469,-0.9764,1.4510,0.10085,5.8130,-1.5877,-0.05389
743.6000,5.9448,-0.9765,1.4510,0.10086,5.8093,-1.5834,-0.05388
743.7000,5.9428,-0.9768,1.4509,0.10086,5.8055,-1.5797,-0.05384
743.8000,5.9409,-0.9772,1.4507,0.10084,5.8020,-1.5772,-0.05388
743.9000,5.9392,-0.9777,1.4504,0.10082,5.7985,-1.5759,-0.05390
744.0000,5.9376,-0.9785,1.4484,0.10080,5.7954,-1.5760,-0.05394
744.1000,5.9360,-0.9794,1.4439,0.10077,5.7920,-1.5768,-0.05398
744.2000,5.9346,-0.9803,1.4377,0.10075,5.7878,-1.5782,-0.05408
744.3000,5.9329,-0.9814,1.4282,0.10073,5.7837,-1.5797,-0.05413
744.4000,5.9316,-0.9824,1.4194,0.10071,5.7796,-1.5815,-0.05414
744.5000,5.9301,-0.9834,1.4081,0.10069,5.7756,-1.5834,-0.05419
744.6000,5.9290,-0.9844,1.3971,0.10068,5.7722,-1.5849,-0.05420
744.7000,5.9280,-0.9853,1.3850,0.10068,5.7694,-1.5861,-0.05424
744.8000,5.9276,-0.9859,1.3758,0.10068,5.7678,-1.5872,-0.05423
744.9000,5.9274,-0.9866,1.3665,0.10068,5.7667,-1.5883,-0.05425
745.0000,5.9273,-0.9871,1.3574,0.10067,5.7663,-1.5894,-0.05427
745.1000,5.9275,-0.9876,1.3492,0.10067,5.7668,-1.5905,-0.05427
745.2000,5.9278,-0.9881,1.3411,0.10066,5.7678,-1.5918,-0.05426
745.3000,5.9281,-0.9885,1.3354,0.10063,5.7686,-1.5925,-0.05427
745.4000,5.9286,-0.9889,1.3294,0.10061,5.7687,-1.5925,-0.05429
745.5000,5.9290,-0.9892,1.3241,0.10059,5.7682,-1.5921,-0.05429
745.6000,5.9292,-0.9896,1.3194,0.10057,5.7671,-1.5921,-0.05425
745.7000,5.9295,-0.9900,1.3153,0.10055,5.7653,-1.5923,-0.05423
745.8000,5.9296,-0.9904,1.3123,0.10051,5.7630,-1.5925,-0.05428
745.9000,5.9299,-0.9909,1.3092,0.10049,5.7608,-1.5928,-0.05427
746.0000,5.9301,-0.9915,1.3068,0.10047,5.7583,-1.5933,-0.05430
746.1000,5.9304,-0.9920,1.3050,0.10047,5.7565,-1.5948,-0.05431
746.2000,5.9309,-0.9925,1.3038,0.10048,5.7551,-1.5974,-0.05431
746.3000,5.9315,-0.9930,1.3031,0.10047,5.7544,-1.5994,-0.05433
746.4000,5.9321,-0.9935,1.3030,0.10046,5.7540,-1.6012,-0.05434
746.5000,5.9330,-0.9940,1.3033,0.10045,5.7539,-1.6025,-0.05436
746.6000,5.9339,-0.9943,1.3038,0.10046,5.7537,-1.6030,-0.05438
746.7000,5.9347,-0.9944,1.3043,0.10048,5.7533,-1.6023,-0.05434
746.8000,5.9358,-0.9944,1.3050,0.10051,5.7535,-1.6005,-0.05429
746.9000,5.9369,-0.9944,1.3056,0.10052,5.7547,-1.5984,-0.05426
747.0000,5.9380,-0.9943,1.3062,0.10053,5.7568,-1.5956,-0.05427
747.1000,5.9390,-0.9942,1.3067,0.10054,5.7589,-1.5926,-0.05424
747.2000,5.9399,-0.9941,1.3074,0.10053,5.7613,-1.5893,-0.05423
747.3000,5.9410,-0.9941,1.3082,0.10050,5.7642,-1.5869,-0.05427
747.4040,5.9421,-0.9943,1.3093,0.10047,5.7671,-1.5852,-0.05430
747.5000,5.9430,-0.9945,1.3106,0.10043,5.7708,-1.5835,-0.05436
747.6000,5.9439,-0.9949,1.3122,0.10038,5.7739,-1.5818,-0.05444
747.7000,5.9446,-0.9953,1.3140,0.10036,5.7761,-1.5802,-0.05450
747.8000,5.9452,-0.9957,1.3162,0.10034,5.7778,-1.5785,-0.05452
747.9000,5.9457,-0.9963,1.3186,0.10032,5.7790,-1.5773,-0.05457
748.0000,5.9460,-0.9969,1.3209,0.10029,5.7796,-1.5768,-0.05463
748.1000,5.9462,-0.9977,1.3236,0.10028,5.7800,-1.5771,-0.05464
748.2000,5.9463,-0.9985,1.3262,0.10027,5.7805,-1.5783,-0.05468
748.3000,5.9462,-0.9993,1.3284,0.10025,5.7808,-1.5801,-0.05469
748.4000,5.9460,-1.0001,1.3307,0.10023,5.7803,-1.5820,-0.05471
748.5000,5.9457,-1.0010,1.3333,0.10021,5.7795,-1.5839,-0.05472
748.6000,5.9453,-1.0016,1.3352,0.10021,5.7785,-1.5855,-0.05473
748.7000,5.9448,-1.0023,1.3374,0.10021,5.7775,-1.5866,-0.05473
748.8000,5.9444,-1.0027,1.3392,0.10021,5.7772,-1.5864,-0.05470
748.9000,5.9439,-1.0030,1.3411,0.10023,5.7775,-1.5848,-0.05468
749.0000,5.9435,-1.0033,1.3429,0.10025,5.7783,-1.5830,-0.05466
749.1000,5.9431,-1.0034,1.3445,0.10027,5.7794,-1.5814,-0.05467
749.2000,5.9426,-1.0036,1.3463,0.10028,5.7810,-1.5802,-0.05464
749.3000,5.9420,-1.0039,1.3483,0.10027,5.7831,-1.5803,-0.05468
749.4000,5.9414,-1.0043,1.3501,0.10025,5.7850,-1.5812,-0.05473
749.5000,5.9408,-1.0047,1.3519,0.10023,5.7861,-1.5819,-0.05474
749.6000,5.9398,-1.0052,1.3537,0.10021,5.7859,-1.5830,-0.05475
749.7000,5.9388,-1.0057,1.3552,0.10020,5.7838,-1.5842,-0.05476
749.8000,5.9374,-1.0063,1.3565,0.10018,5.7794,-1.5852,-0.05476
749.9000,5.9359,-1.0069,1.3575,0.10017,5.7741,-1.5858,-0.05475
750.0000,5.9344,-1.0075,1.3582,0.10016,5.7684,-1.5858,-0.05472
750.1000,5.9331,-1.0080,1.3587,0.10015,5.7635,-1.5853,-0.05468
750.2000,5.9319,-1.0085,1.3589,0.10013,5.7588,-1.5848,-0.05467
750.3000,5.9311,-1.0090,1.3591,0.10011,5.7546,-1.5852,-0.05469
750.4000,5.9306,-1.0094,1.3593,0.10009,5.7516,-1.5859,-0.05469
750.5040,5.9304,-1.0098,1.3594,0.10007,5.7478,-1.5877,-0.05474
750.6000,5.9304,-1.0101,1.3594,0.10005,5.7456,-1.5899,-0.05477
750.7000,5.9306,-1.0105,1.3596,0.10002,5.7441,-1.5930,-0.05480
750.8000,5.9311,-1.0107,1.3600,0.10001,5.7431,-1.5961,-0.05483
750.9000,5.9319,-1.0109,1.3605,0.10000,5.7428,-1.5985,-0.05486
751.0000,5.9327,-1.0108,1.3613,0.10000,5.7436,-1.6004,-0.05488
751.1000,5.9337,-1.0107,1.3624,0.10000,5.7450,-1.6020,-0.05488
751.2000,5.9347,-1.0104,1.3637,0.10001,5.7468,-1.6039,-0.05487
751.3000,5.9359,-1.0100,1.3653,0.10004,5.7487,-1.6059,-0.05488
751.4000,5.9370,-1.0095,1.3671,0.10006,5.7508,-1.6075,-0.05487
751.5000,5.9380,-1.0091,1.3689,0.10008,5.7533,-1.6092,-0.05485
751.6000,5.9391,-1.0085,1.3710,0.10009,5.7557,-1.6106,-0.05483
751.7000,5.9401,-1.0078,1.3731,0.10009,5.7576,-1.6125,-0.05483
751.8000,5.9410,-1.0072,1.3752,0.10008,5.7593,-1.6148,-0.05482
751.9000,5.9419,-1.0064,1.3774,0.10008,5.7608,-1.6167,-0.05484
752.0000,5.9427,-1.0056,1.3797,0.10010,5.7623,-1.6187,-0.05481
752.1000,5.9433,-1.0048,1.3818,0.10011,5.7633,-1.6202,-0.05477
752.2000,5.9438,-1.0038,1.3840,0.10012,5.7638,-1.6215,-0.05477
752.3000,5.9442,-1.0029,1.3859,0.10012,5.7651,-1.6222,-0.05477
752.4000,5.9445,-1.0016,1.3880,0.10015,5.7671,-1.6224,-0.05476
752.5000,5.9447,-1.0003,1.3896,0.10017,5.7694,-1.6224,-0.05473
752.6000,5.9448,-0.9991,1.3910,0.10019,5.7716,-1.6222,-0.05468
752.7000,5.9448,-0.9977,1.3922,0.10021,5.7728,-1.6217,-0.05465
752.8000,5.9445,-0.9963,1.3933,0.10021,5.7735,-1.6210,-0.05459
752.9000,5.9442,-0.9949,1.3942,0.10020,5.7743,-1.6207,-0.05458
753.0000,5.9439,-0.9932,1.3952,0.10019,5.7749,-1.6210,-0.05458
753.1000,5.9435,-0.9918,1.3960,0.10018,5.7747,-1.6213,-0.05454
753.2000,5.9430,-0.9903,1.3968,0.10017,5.7737,-1.6213,-0.05451
753.3000,5.9424,-0.9887,1.3974,0.10016,5.7724,-1.6206,-0.05446
753.4000,5.9416,-0.9868,1.3981,0.10018,5.7709,-1.6190,-0.05441
753.5000,5.9410,-0.9852,1.3986,0.10020,5.7695,-1.6165,-0.05438
753.6000,5.9404,-0.9833,1.3991,0.10022,5.7684,-1.6133,-0.05434
753.7000,5.9399,-0.9813,1.3994,0.10025,5.7675,-1.6100,-0.05428
753.8000,5.9395,-0.9795,1.3997,0.10026,5.7669,-1.6070,-0.05429
753.9000,5.9392,-0.9775,1.3999,0.10027,5.7667,-1.6037,-0.05427
754.0000,5.9389,-0.9756,1.4001,0.10029,5.7675,-1.6006,-0.05425
754.1000,5.9387,-0.9738,1.4004,0.10032,5.7699,-1.5974,-0.05425
754.2000,5.9386,-0.9721,1.4006,0.10034,5.7723,-1.5944,-0.05428
754.3000,5.9385,-0.9705,1.4010,0.10036,5.7748,-1.5914,-0.05428
754.4000,5.9384,-0.9692,1.4013,0.10036,5.7767,-1.5893,-0.05431
754.5000,5.9382,-0.9680,1.4017,0.10035,5.7779,-1.5878,-0.05436
754.6000,5.9379,-0.9668,1.4023,0.10034,5.7791,-1.5869,-0.05441
754.7000,5.9376,-0.9658,1.4029,0.10033,5.7803,-1.5869,-0.05447
754.8000,5.9372,-0.9647,1.4038,0.10032,5.7816,-1.5870,-0.05452
754.9000,5.9368,-0.9638,1.4048,0.10031,5.7832,-1.5873,-0.05454
755.0000,5.9363,-0.9629,1.4058,0.10031,5.7847,-1.5875,-0.05455
755.1000,5.9357,-0.9620,1.4068,0.10030,5.7859,-1.5875,-0.05459
755.2000,5.9350,-0.9610,1.4079,0.10030,5.7875,-1.5873,-0.05461
755.3000,5.9341,-0.9598,1.4090,0.10030,5.7886,-1.5868,-0.05460
755.4000,5.9332,-0.9587,1.4101,0.10031,5.7894,-1.5853,-0.05460
755.5000,5.9318,-0.9574,1.4113,0.10033,5.7894,-1.5830,-0.05458
755.6000,5.9305,-0.9562,1.4123,0.10035,5.7886,-1.5802,-0.05454
755.7000,5.9289,-0.9550,1.4134,0.10037,5.7870,-1.5769,-0.05449
755.8000,5.9272,-0.9538,1.4144,0.10039,5.7849,-1.5727,-0.05446
755.9000,5.9254,-0.9526,1.4155,0.10041,5.7831,-1.5690,-0.05443
756.0000,5.9234,-0.9513,1.4167,0.10043,5.7811,-1.5662,-0.05440
756.1000,5.9219,-0.9504,1.4176,0.10045,5.7797,-1.5640,-0.05442
756.2000,5.9203,-0.9496,1.4186,0.10046,5.7784,-1.5616,-0.05445
756.3000,5.9188,-0.9489,1.4196,0.10047,5.7772,-1.5595,-0.05448
756.4000,5.9173,-0.9484,1.4206,0.10048,5.7753,-1.5575,-0.05449
756.5000,5.9160,-0.9481,1.4215,0.10048,5.7737,-1.5561,-0.05451
756.6000,5.9147,-0.9479,1.4224,0.10049,5.7723,-1.5554,-0.05451
756.7000,5.9133,-0.9477,1.4233,0.10049,5.7711,-1.5559,-0.05455
756.8000,5.9122,-0.9476,1.4239,0.10048,5.7700,-1.5572,-0.05460
756.9000,5.9111,-0.9476,1.4243,0.10047,5.7689,-1.5585,-0.05462
757.0040,5.9101,-0.9477,1.4246,0.10045,5.7680,-1.5597,-0.05466
757.1000,5.9093,-0.9478,1.4248,0.10043,5.7668,-1.5610,-0.05470
757.2000,5.9083,-0.9478,1.4250,0.10041,5.7652,-1.5621,-0.05473
757.3000,5.9072,-0.9479,1.4252,0.10039,5.7634,-1.5634,-0.05473
757.4000,5.9061,-0.9479,1.4253,0.10036,5.7613,-1.5648,-0.05481
757.5000,5.9049,-0.9478,1.4255,0.10033,5.7591,-1.5656,-0.05483
757.6000,5.9038,-0.9477,1.4256,0.10032,5.7562,-1.5659,-0.05487
757.7000,5.9026,-0.9475,1.4256,0.10031,5.7533,-1.5663,-0.05485
757.8000,5.9015,-0.9472,1.4255,0.10030,5.7492,-1.5664,-0.05486
757.9000,5.9004,-0.9469,1.4254,0.10029,5.7450,-1.5660,-0.05485
758.0000,5.8993,-0.9465,1.4252,0.10029,5.7405,-1.5653,-0.05480
758.1000,5.8984,-0.9459,1.4248,0.10029,5.7362,-1.5642,-0.05477
758.2000,5.8978,-0.9454,1.4244,0.10029,5.7318,-1.5627,-0.05476
758.3000,5.8973,-0.9449,1.4239,0.10028,5.7282,-1.5614,-0.05475
758.4000,5.8971,-0.9445,1.4233,0.10025,5.7247,-1.5603,-0.05477
758.5000,5.8972,-0.9441,1.4226,0.10022,5.7215,-1.5594,-0.05478
758.6000,5.8975,-0.9437,1.4216,0.10018,5.7186,-1.5589,-0.05482
758.7000,5.8980,-0.9434,1.4209,0.10016,5.7157,-1.5587,-0.05485
758.8000,5.8986,-0.9432,1.4202,0.10015,5.7132,-1.5591,-0.05487
758.9000,5.8994,-0.9430,1.4197,0.10014,5.7114,-1.5597,-0.05488
759.0000,5.9006,-0.9428,1.4191,0.10012,5.7100,-1.5605,-0.05493
759.1000,5.9020,-0.9427,1.4187,0.10011,5.7088,-1.5614,-0.05498
759.2000,5.9035,-0.9425,1.4185,0.10011,5.7083,-1.5626,-0.05502
759.3000,5.9051,-0.9424,1.4184,0.10013,5.7089,-1.5635,-0.05503
759.4000,5.9068,-0.9422,1.4185,0.10014,5.7102,-1.5639,-0.05504
759.5000,5.9088,-0.9420,1.4187,0.10016,5.7123,-1.5642,-0.05505
759.6000,5.9109,-0.9417,1.4190,0.10019,5.7151,-1.5644,-0.05502
759.7000,5.9128,-0.9415,1.4192,0.10021,5.7180,-1.5638,-0.05502
759.8000,5.9152,-0.9413,1.4195,0.10022,5.7211,-1.5626,-0.05504
759.9000,5.9168,-0.9412,1.4197,0.10022,5.7247,-1.5613,-0.05507
760.0000,5.9189,-0.9411,1.4199,0.10023,5.7287,-1.5605,-0.05506
760.1000,5.9205,-0.9411,1.4200,0.10022,5.7317,-1.5605,-0.05510
760.2000,5.9219,-0.9412,1.4200,0.10021,5.7349,-1.5614,-0.05514
760.3000,5.9233,-0.9415,1.4200,0.10018,5.7380,-1.5630,-0.05522
760.4000,5.9244,-0.9418,1.4200,0.10016,5.7409,-1.5642,-0.05526
760.5000,5.9255,-0.9422,1.4199,0.10014,5.7438,-1.5648,-0.05530
760.6000,5.9264,-0.9425,1.4199,0.10011,5.7458,-1.5644,-0.05532
760.7000,5.9271,-0.9427,1.4199,0.10008,5.7471,-1.5635,-0.05532
760.8000,5.9278,-0.9430,1.4199,0.10004,5.7480,-1.5626,-0.05534
760.9000,5.9284,-0.9433,1.4199,0.10001,5.7489,-1.5610,-0.05539
761.0000,5.9290,-0.9437,1.4199,0.09998,5.7495,-1.5592,-0.05541
761.1000,5.9295,-0.9441,1.4200,0.09995,5.7504,-1.5575,-0.05543
761.2000,5.9299,-0.9445,1.4201,0.09995,5.7515,-1.5560,-0.05545
761.3000,5.9303,-0.9451,1.4202,0.09994,5.7525,-1.5550,-0.05546
761.4000,5.9307,-0.9458,1.4205,0.09992,5.7533,-1.5542,-0.05549
761.5000,5.9310,-0.9466,1.4207,0.09991,5.7542,-1.5532,-0.05552
761.6040,5.9313,-0.9475,1.4210,0.09989,5.7549,-1.5517,-0.05554
761.7000,5.9314,-0.9483,1.4212,0.09987,5.7556,-1.5499,-0.05560
761.8000,5.9315,-0.9494,1.4215,0.09985,5.7566,-1.5482,-0.05566
761.9000,5.9314,-0.9506,1.4218,0.09983,5.7581,-1.5465,-0.05570
762.0000,5.9313,-0.9517,1.4220,0.09981,5.7604,-1.5452,-0.05575
762.1000,5.9311,-0.9531,1.4222,0.09979,5.7622,-1.5449,-0.05579
762.2000,5.9307,-0.9546,1.4224,0.09975,5.7629,-1.5454,-0.05583
762.3000,5.9301,-0.9563,1.4225,0.09970,5.7625,-1.5466,-0.05588
762.4000,5.9294,-0.9580,1.4225,0.09965,5.7611,-1.5480,-0.05593
762.5000,5.9286,-0.9599,1.4224,0.09960,5.7590,-1.5494,-0.05596
762.6000,5.9278,-0.9618,1.4222,0.09957,5.7570,-1.5508,-0.05597
762.7000,5.9270,-0.9636,1.4219,0.09954,5.7548,-1.5527,-0.05598
762.8000,5.9262,-0.9657,1.4215,0.09949,5.7524,-1.5547,-0.05603
762.9000,5.9254,-0.9677,1.4212,0.09947,5.7499,-1.5567,-0.05604
763.0000,5.9246,-0.9698,1.4210,0.09947,5.7479,-1.5587,-0.05604
763.1000,5.9240,-0.9717,1.4210,0.09946,5.7465,-1.5606,-0.05605
763.2000,5.9236,-0.9733,1.4212,0.09946,5.7452,-1.5625,-0.05605
763.3000,5.9231,-0.9753,1.4217,0.09945,5.7443,-1.5645,-0.05606
763.4000,5.9228,-0.9769,1.4224,0.09944,5.7433,-1.5673,-0.05609
763.5000,5.9225,-0.9783,1.4232,0.09942,5.7420,-1.5701,-0.05613
763.6000,5.9222,-0.9800,1.4245,0.09942,5.7411,-1.5723,-0.05612
763.7000,5.9221,-0.9814,1.4260,0.09942,5.7407,-1.5745,-0.05611
763.8000,5.9221,-0.9827,1.4277,0.09944,5.7406,-1.5764,-0.05609
763.9000,5.9222,-0.9839,1.4297,0.09945,5.7406,-1.5784,-0.05610
764.0000,5.9223,-0.9850,1.4319,0.09945,5.7407,-1.5803,-0.05606
764.1000,5.9225,-0.9861,1.4342,0.09946,5.7406,-1.5821,-0.05607
764.2000,5.9227,-0.9872,1.4366,0.09947,5.7402,-1.5840,-0.05602
764.3000,5.9230,-0.9882,1.4391,0.09946,5.7397,-1.5851,-0.05601
764.4000,5.9233,-0.9890,1.4408,0.09945,5.7396,-1.5854,-0.05599
764.5000,5.9237,-0.9898,1.4426,0.09945,5.7401,-1.5857,-0.05600
764.6000,5.9240,-0.9905,1.4436,0.09944,5.7413,-1.5864,-0.05604
764.7000,5.9244,-0.9912,1.4443,0.09944,5.7423,-1.5870,-0.05609
764.8000,5.9247,-0.9918,1.4446,0.09944,5.7426,-1.5877,-0.05608
764.9000,5.9250,-0.9923,1.4447,0.09943,5.7420,-1.5885,-0.05607
765.0000,5.9252,-0.9928,1.4447,0.09942,5.7409,-1.5892,-0.05608
765.1000,5.9255,-0.9933,1.4445,0.09942,5.7398,-1.5898,-0.05605
765.2000,5.9258,-0.9937,1.4444,0.09943,5.7384,-1.5906,-0.05603
765.3000,5.9261,-0.9940,1.4442,0.09944,5.7364,-1.5915,-0.05598
765.4000,5.9265,-0.9943,1.4439,0.09946,5.7345,-1.5926,-0.05593
765.5000,5.9269,-0.9946,1.4437,0.09948,5.7334,-1.5939,-0.05591
765.6000,5.9273,-0.9947,1.4434,0.09950,5.7332,-1.5957,-0.05592
765.7000,5.9280,-0.9948,1.4430,0.09953,5.7336,-1.5971,-0.05589
765.8000,5.9286,-0.9948,1.4426,0.09957,5.7344,-1.5980,-0.05589
765.9000,5.9293,-0.9948,1.4422,0.09960,5.7358,-1.5993,-0.05585
766.0000,5.9302,-0.9948,1.4417,0.09963,5.7379,-1.6000,-0.05587
766.1000,5.9310,-0.9948,1.4412,0.09966,5.7404,-1.6004,-0.05586
766.2000,5.9320,-0.9948,1.4408,0.09969,5.7434,-1.6002,-0.05583
766.3000,5.9328,-0.9948,1.4405,0.09971,5.7467,-1.5995,-0.05585
766.4000,5.9336,-0.9948,1.4404,0.09973,5.7491,-1.5986,-0.05583
766.5000,5.9344,-0.9949,1.4404,0.09974,5.7510,-1.5976,-0.05581
766.6000,5.9350,-0.9951,1.4406,0.09975,5.7522,-1.5968,-0.05583
766.7000,5.9354,-0.9953,1.4409,0.09974,5.7528,-1.5963,-0.05582
766.8000,5.9358,-0.9956,1.4414,0.09973,5.7530,-1.5960,-0.05582
766.9000,5.9360,-0.9960,1.4421,0.09971,5.7528,-1.5960,-0.05582
767.0000,5.9363,-0.9966,1.4428,0.09968,5.7525,-1.5964,-0.05585
767.1000,5.9365,-0.9972,1.4435,0.09968,5.7516,-1.5970,-0.05587
767.2000,5.9366,-0.9979,1.4444,0.09967,5.7494,-1.5980,-0.05589
767.3000,5.9368,-0.9987,1.4452,0.09968,5.7463,-1.5997,-0.05585
767.4000,5.9369,-0.9996,1.4460,0.09968,5.7434,-1.6015,-0.05584
767.5000,5.9370,-1.0005,1.4468,0.09968,5.7412,-1.6035,-0.05584
767.6000,5.9372,-1.0014,1.4475,0.09965,5.7396,-1.6055,-0.05585
767.7000,5.9374,-1.0022,1.4481,0.09963,5.7385,-1.6083,-0.05589
767.8000,5.9378,-1.0030,1.4487,0.09961,5.7383,-1.6116,-0.05591
767.9000,5.9384,-1.0036,1.4491,0.09960,5.7395,-1.6148,-0.05594
768.0000,5.9391,-1.0041,1.4494,0.09960,5.7411,-1.6176,-0.05595
768.1000,5.9397,-1.0045,1.4496,0.09960,5.7433,-1.6190,-0.05598
768.2000,5.9405,-1.0048,1.4498,0.09961,5.7452,-1.6194,-0.05598
768.3000,5.9413,-1.0049,1.4498,0.09962,5.7472,-1.6196,-0.05596
768.4000,5.9420,-1.0049,1.4498,0.09963,5.7492,-1.6198,-0.05597
768.5000,5.9426,-1.0048,1.4497,0.09963,5.7513,-1.6202,-0.05597
768.6000,5.9431,-1.0047,1.4495,0.09963,5.7544,-1.6205,-0.05597
768.7000,5.9436,-1.0046,1.4494,0.09963,5.7593,-1.6205,-0.05599
768.8000,5.9439,-1.0045,1.4494,0.09963,5.7637,-1.6204,-0.05600
768.9000,5.9442,-1.0043,1.4496,0.09964,5.7676,-1.6203,-0.05600
769.0000,5.9443,-1.0042,1.4499,0.09965,5.7706,-1.6197,-0.05600
769.1000,5.9441,-1.0040,1.4504,0.09967,5.7725,-1.6187,-0.05596
769.2000,5.9438,-1.0038,1.4510,0.09968,5.7734,-1.6167,-0.05592
769.3000,5.9433,-1.0037,1.4515,0.09968,5.7736,-1.6140,-0.05589
769.4000,5.9426,-1.0037,1.4520,0.09967,5.7740,-1.6119,-0.05588
769.5000,5.9418,-1.0037,1.4526,0.09967,5.7748,-1.6106,-0.05589
769.6000,5.9408,-1.0039,1.4531,0.09967,5.7754,-1.6098,-0.05588
769.7000,5.9399,-1.0041,1.4536,0.09966,5.7755,-1.6095,-0.05590
769.8000,5.9386,-1.0045,1.4541,0.09965,5.7753,-1.6090,-0.05587
769.9000,5.9372,-1.0050,1.4546,0.09963,5.7744,-1.6093,-0.05590
770.0000,5.9359,-1.0055,1.4549,0.09961,5.7732,-1.6103,-0.05591
770.1000,5.9344,-1.0061,1.4550,0.09959,5.7721,-1.6112,-0.05595
770.2000,5.9329,-1.0067,1.4550,0.09957,5.7712,-1.6120,-0.05597
770.3000,5.9314,-1.0072,1.4547,0.09957,5.7696,-1.6127,-0.05598
770.4000,5.9297,-1.0077,1.4544,0.09958,5.7671,-1.6131,-0.05594
770.5000,5.9283,-1.0081,1.4540,0.09958,5.7646,-1.6125,-0.05593
770.6000,5.9267,-1.0085,1.4537,0.09957,5.7624,-1.6114,-0.05591
770.7000,5.9249,-1.0089,1.4534,0.09957,5.7609,-1.6106,-0.05592
770.8000,5.9235,-1.0093,1.4532,0.09957,5.7593,-1.6097,-0.05590
770.9000,5.9221,-1.0097,1.4529,0.09956,5.7587,-1.6091,-0.05594
771.0000,5.9207,-1.0102,1.4524,0.09955,5.7581,-1.6089,-0.05595
771.1000,5.9193,-1.0108,1.4518,0.09955,5.7569,-1.6090,-0.05594
771.2000,5.9180,-1.0115,1.4511,0.09953,5.7558,-1.6093,-0.05597
771.3000,5.9167,-1.0122,1.4504,0.09950,5.7544,-1.6097,-0.05601
771.4000,5.9151,-1.0130,1.4496,0.09948,5.7530,-1.6105,-0.05606
771.5000,5.9137,-1.0138,1.4491,0.09949,5.7517,-1.6117,-0.05608
771.6000,5.9124,-1.0146,1.4486,0.09951,5.7501,-1.6138,-0.05603
771.7000,5.9109,-1.0154,1.4481,0.09953,5.7483,-1.6163,-0.05602
771.8000,5.9096,-1.0162,1.4476,0.09953,5.7457,-1.6196,-0.05603
771.9000,5.9083,-1.0171,1.4470,0.09951,5.7429,-1.6228,-0.05605
772.0000,5.9065,-1.0179,1.4463,0.09950,5.7399,-1.6258,-0.05610
772.1000,5.9052,-1.0185,1.4457,0.09950,5.7373,-1.6287,-0.05609
772.2000,5.9037,-1.0190,1.4451,0.09950,5.7354,-1.6311,-0.05608
772.3000,5.9022,-1.0193,1.4445,0.09951,5.7339,-1.6330,-0.05609
772.4000,5.9009,-1.0195,1.4442,0.09951,5.7322,-1.6343,-0.05607
772.5000,5.8998,-1.0194,1.4441,0.09952,5.7304,-1.6350,-0.05605
772.6000,5.8986,-1.0193,1.4442,0.09954,5.7288,-1.6349,-0.05601
772.7000,5.8975,-1.0192,1.4445,0.09954,5.7276,-1.6347,-0.05597
772.8000,5.8963,-1.0190,1.4449,0.09953,5.7267,-1.6345,-0.05593
772.9000,5.8953,-1.0188,1.4452,0.09952,5.7262,-1.6350,-0.05595
773.0000,5.8944,-1.0186,1.4455,0.09951,5.7257,-1.6364,-0.05594
773.1000,5.8934,-1.0184,1.4457,0.09949,5.7252,-1.6383,-0.05597
773.2000,5.8925,-1.0183,1.4458,0.09944,5.7249,-1.6408,-0.05605
773.3000,5.8916,-1.0182,1.4459,0.09940,5.7243,-1.6427,-0.05608
773.4000,5.8906,-1.0180,1.4460,0.09936,5.7231,-1.6446,-0.05615
773.5000,5.8897,-1.0178,1.4461,0.09933,5.7214,-1.6459,-0.05617
773.6000,5.8888,-1.0175,1.4462,0.09932,5.7197,-1.6461,-0.05618
773.7000,5.8877,-1.0169,1.4463,0.09930,5.7183,-1.6451,-0.05619
773.8000,5.8870,-1.0164,1.4464,0.09929,5.7172,-1.6434,-0.05619
773.9000,5.8860,-1.0157,1.4466,0.09929,5.7156,-1.6406,-0.05618
774.0000,5.8852,-1.0150,1.4467,0.09929,5.7135,-1.6378,-0.05615
774.1000,5.8844,-1.0144,1.4469,0.09929,5.7110,-1.6360,-0.05614
774.2000,5.8836,-1.0137,1.4471,0.09930,5.7080,-1.6351,-0.05614
774.3000,5.8830,-1.0132,1.4473,0.09931,5.7056,-1.6348,-0.05609
774.4000,5.8823,-1.0128,1.4476,0.09932,5.7033,-1.6345,-0.05609
774.5000,5.8819,-1.0124,1.4479,0.09932,5.7014,-1.6339,-0.05610
774.6000,5.8815,-1.0119,1.4484,0.09932,5.7000,-1.6329,-0.05610
774.7000,5.8812,-1.0113,1.4491,0.09932,5.6988,-1.6311,-0.05609
774.8000,5.8810,-1.0108,1.4499,0.09933,5.6984,-1.6289,-0.05607
774.9000,5.8809,-1.0102,1.4508,0.09934,5.6983,-1.6262,-0.05605
775.0000,5.8809,-1.0095,1.4518,0.09934,5.6977,-1.6236,-0.05602
775.1000,5.8808,-1.0089,1.4527,0.09934,5.6961,-1.6209,-0.05598
775.2000,5.8808,-1.0085,1.4534,0.09933,5.6943,-1.6192,-0.05595
775.3000,5.8808,-1.0082,1.4541,0.09930,5.6924,-1.6179,-0.05598
775.4000,5.8809,-1.0080,1.4547,0.09927,5.6911,-1.6170,-0.05600
775.5000,5.8811,-1.0079,1.4551,0.09925,5.6906,-1.6170,-0.05602
775.6000,5.8816,-1.0079,1.4556,0.09922,5.6906,-1.6182,-0.05609
775.7000,5.8820,-1.0080,1.4560,0.09920,5.6907,-1.6200,-0.05615
775.8000,5.8826,-1.0081,1.4564,0.09917,5.6908,-1.6219,-0.05619
775.9000,5.8831,-1.0082,1.4569,0.09916,5.6916,-1.6239,-0.05622
776.0000,5.8837,-1.0082,1.4573,0.09914,5.6929,-1.6252,-0.05625
776.1000,5.8843,-1.0081,1.4578,0.09915,5.6947,-1.6259,-0.05624
776.2000,5.8849,-1.0079,1.4583,0.09916,5.6963,-1.6258,-0.05622
776.3000,5.8856,-1.0076,1.4590,0.09918,5.6978,-1.6256,-0.05624
776.4000,5.8862,-1.0073,1.4595,0.09919,5.6993,-1.6252,-0.05620
776.5000,5.8867,-1.0070,1.4600,0.09919,5.7012,-1.6248,-0.05618
776.6000,5.8871,-1.0068,1.4604,0.09920,5.7029,-1.6246,-0.05618
776.7000,5.8875,-1.0065,1.4607,0.09920,5.7047,-1.6244,-0.05618
776.8000,5.8878,-1.0062,1.4609,0.09920,5.7058,-1.6246,-0.05620
776.9000,5.8880,-1.0060,1.4610,0.09920,5.7071,-1.6249,-0.05618
777.0000,5.8882,-1.0058,1.4608,0.09920,5.7085,-1.6246,-0.05618
777.1000,5.8883,-1.0056,1.4604,0.09920,5.7097,-1.6236,-0.05618
777.2000,5.8883,-1.0054,1.4599,0.09920,5.7102,-1.6220,-0.05616
777.3000,5.8883,-1.0053,1.4593,0.09920,5.7100,-1.6200,-0.05617
777.4000,5.8883,-1.0052,1.4587,0.09919,5.7090,-1.6182,-0.05617
777.5000,5.8882,-1.0052,1.4578,0.09919,5.7076,-1.6167,-0.05615
777.6000,5.8881,-1.0054,1.4570,0.09916,5.7062,-1.6160,-0.05616
777.7000,5.8881,-1.0056,1.4562,0.09913,5.7054,-1.6158,-0.05616
777.8000,5.8881,-1.0058,1.4552,0.09910,5.7051,-1.6163,-0.05621
777.9000,5.8881,-1.0061,1.4542,0.09907,5.7049,-1.6174,-0.05626
778.0000,5.8881,-1.0063,1.4534,0.09907,5.7054,-1.6190,-0.05628
778.1000,5.8881,-1.0065,1.4527,0.09906,5.7068,-1.6212,-0.05626
778.2000,5.8883,-1.0065,1.4520,0.09906,5.7090,-1.6237,-0.05632
778.3000,5.8884,-1.0066,1.4514,0.09904,5.7119,-1.6257,-0.05634
778.4000,5.8885,-1.0064,1.4509,0.09904,5.7149,-1.6270,-0.05638
778.5000,5.8885,-1.0062,1.4506,0.09906,5.7189,-1.6276,-0.05639
778.6000,5.8885,-1.0058,1.4504,0.09909,5.7225,-1.6274,-0.05637
778.7000,5.8881,-1.0052,1.4504,0.09913,5.7260,-1.6264,-0.05634
778.8000,5.8876,-1.0047,1.4505,0.09916,5.7283,-1.6249,-0.05631
778.9000,5.8868,-1.0041,1.4506,0.09919,5.7293,-1.6230,-0.05625
779.0000,5.8857,-1.0035,1.4507,0.09920,5.7290,-1.6209,-0.05622
779.1000,5.8844,-1.0030,1.4507,0.09920,5.7279,-1.6186,-0.05617
779.2000,5.8829,-1.0026,1.4505,0.09920,5.7266,-1.6166,-0.05615
779.3000,5.8815,-1.0023,1.4503,0.09919,5.7246,-1.6142,-0.05614
779.4000,5.8798,-1.0021,1.4500,0.09918,5.7224,-1.6115,-0.05613
779.5000,5.8781,-1.0019,1.4497,0.09920,5.7205,-1.6090,-0.05612
779.6000,5.8766,-1.0020,1.4494,0.09920,5.7184,-1.6068,-0.05610
779.7000,5.8749,-1.0022,1.4491,0.09918,5.7160,-1.6056,-0.05614
779.8000,5.8735,-1.0025,1.4487,0.09916,5.7138,-1.6049,-0.05619
779.9000,5.8721,-1.0029,1.4483,0.09914,5.7117,-1.6042,-0.05621
780.0000,5.8707,-1.0033,1.4479,0.09912,5.7099,-1.6035,-0.05626
780.1000,5.8693,-1.0038,1.4474,0.09911,5.7085,-1.6027,-0.05632
780.2000,5.8679,-1.0044,1.4472,0.09911,5.7074,-1.6026,-0.05634
780.3000,5.8667,-1.0049,1.4471,0.09910,5.7063,-1.6033,-0.05636
780.4000,5.8655,-1.0055,1.4474,0.09909,5.7057,-1.6047,-0.05639
780.5000,5.8644,-1.0061,1.4480,0.09908,5.7053,-1.6069,-0.05642
780.6000,5.8635,-1.0066,1.4488,0.09907,5.7048,-1.6091,-0.05644
780.7000,5.8625,-1.0071,1.4499,0.09907,5.7034,-1.6114,-0.05647
780.8000,5.8615,-1.0076,1.4512,0.09907,5.7017,-1.6134,-0.05647
780.9000,5.8605,-1.0079,1.4527,0.09907,5.6995,-1.6153,-0.05650
781.0000,5.8596,-1.0080,1.4540,0.09907,5.6971,-1.6175,-0.05650
781.1000,5.8585,-1.0081,1.4554,0.09909,5.6950,-1.6195,-0.05648
781.2000,5.8576,-1.0079,1.4566,0.09910,5.6927,-1.6215,-0.05645
781.3000,5.8567,-1.0076,1.4578,0.09911,5.6908,-1.6229,-0.05643
781.4000,5.8559,-1.0072,1.4589,0.09913,5.6886,-1.6231,-0.05637
781.5000,5.8551,-1.0064,1.4600,0.09915,5.6860,-1.6221,-0.05628
781.6000,5.8545,-1.0057,1.4607,0.09916,5.6832,-1.6208,-0.05624
781.7000,5.8541,-1.0047,1.4615,0.09915,5.6808,-1.6196,-0.05622
781.8000,5.8538,-1.0036,1.4623,0.09915,5.6783,-1.6185,-0.05617
781.9000,5.8536,-1.0028,1.4630,0.09914,5.6760,-1.6177,-0.05614
782.0000,5.8537,-1.0019,1.4639,0.09913,5.6734,-1.6171,-0.05615
782.1000,5.8539,-1.0010,1.4651,0.09913,5.6711,-1.6169,-0.05613
782.2000,5.8542,-1.0001,1.4666,0.09913,5.6693,-1.6170,-0.05615
782.3000,5.8546,-0.9992,1.4680,0.09913,5.6683,-1.6174,-0.05613
782.4000,5.8552,-0.9984,1.4696,0.09914,5.6684,-1.6177,-0.05613
782.5000,5.8560,-0.9975,1.4710,0.09914,5.6689,-1.6176,-0.05614
782.6000,5.8570,-0.9964,1.4723,0.09914,5.6701,-1.6173,-0.05618
782.7000,5.8578,-0.9955,1.4732,0.09915,5.6720,-1.6169,-0.05617
782.8000,5.8589,-0.9944,1.4741,0.09917,5.6740,-1.6165,-0.05618
782.9000,5.8597,-0.9935,1.4746,0.09919,5.6762,-1.6161,-0.05620
783.0000,5.8608,-0.9924,1.4750,0.09921,5.6779,-1.6158,-0.05619
783.1000,5.8619,-0.9914,1.4751,0.09922,5.6793,-1.6153,-0.05616
783.2040,5.8627,-0.9905,1.4751,0.09924,5.6801,-1.6150,-0.05615
783.3000,5.8635,-0.9895,1.4747,0.09924,5.6807,-1.6148,-0.05613
783.4000,5.8642,-0.9886,1.4742,0.09924,5.6812,-1.6145,-0.05614
783.5000,5.8649,-0.9876,1.4732,0.09924,5.6824,-1.6137,-0.05612
783.6000,5.8656,-0.9866,1.4722,0.09924,5.6837,-1.6125,-0.05610
783.7000,5.8663,-0.9856,1.4711,0.09925,5.6857,-1.6106,-0.05610
783.8000,5.8671,-0.9846,1.4699,0.09925,5.6882,-1.6087,-0.05612
783.9000,5.8678,-0.9838,1.4689,0.09925,5.6910,-1.6065,-0.05616
784.0000,5.8686,-0.9831,1.4680,0.09925,5.6937,-1.6038,-0.05616
784.1000,5.8692,-0.9825,1.4673,0.09925,5.6956,-1.6018,-0.05618
784.2000,5.8698,-0.9821,1.4668,0.09924,5.6969,-1.6009,-0.05621
784.3000,5.8701,-0.9819,1.4666,0.09922,5.6977,-1.6009,-0.05626
784.4000,5.8703,-0.9819,1.4664,0.09919,5.6981,-1.6012,-0.05628
784.5000,5.8705,-0.9820,1.4663,0.09915,5.6985,-1.6014,-0.05634
784.6000,5.8707,-0.9822,1.4662,0.09911,5.6991,-1.6012,-0.05642
784.7000,5.8707,-0.9825,1.4660,0.09908,5.6998,-1.6007,-0.05645
784.8000,5.8707,-0.9827,1.4658,0.09907,5.7004,-1.6001,-0.05647
784.9000,5.8706,-0.9830,1.4652,0.09908,5.7006,-1.5989,-0.05647
785.0000,5.8705,-0.9832,1.4647,0.09909,5.7005,-1.5976,-0.05644
785.1000,5.8704,-0.9835,1.4638,0.09909,5.7000,-1.5964,-0.05641
785.2000,5.8702,-0.9838,1.4627,0.09909,5.6996,-1.5954,-0.05641
785.3000,5.8700,-0.9842,1.4615,0.09909,5.6991,-1.5943,-0.05644
785.4000,5.8698,-0.9846,1.4601,0.09908,5.6982,-1.5937,-0.05644
785.5000,5.8695,-0.9852,1.4583,0.09907,5.6967,-1.5930,-0.05645
785.6000,5.8692,-0.9858,1.4567,0.09905,5.6951,-1.5927,-0.05646
785.7000,5.8690,-0.9866,1.4546,0.09903,5.6932,-1.5927,-0.05644
785.8000,5.8687,-0.9873,1.4528,0.09899,5.6914,-1.5929,-0.05646
785.9000,5.8685,-0.9880,1.4509,0.09895,5.6899,-1.5934,-0.05652
786.0000,5.8684,-0.9886,1.4495,0.09892,5.6886,-1.5942,-0.05656
786.1000,5.8684,-0.9893,1.4479,0.09887,5.6875,-1.5955,-0.05660
786.2000,5.8686,-0.9899,1.4467,0.09884,5.6870,-1.5970,-0.05666
786.3000,5.8689,-0.9904,1.4455,0.09880,5.6871,-1.5984,-0.05670
786.4000,5.8692,-0.9908,1.4446,0.09877,5.6875,-1.5990,-0.05674
786.5000,5.8695,-0.9911,1.4439,0.09877,5.6880,-1.5988,-0.05679
786.6000,5.8699,-0.9914,1.4431,0.09880,5.6888,-1.5978,-0.05674
786.7000,5.8704,-0.9915,1.4424,0.09881,5.6895,-1.5965,-0.05672
786.8000,5.8708,-0.9916,1.4418,0.09882,5.6904,-1.5947,-0.05672
786.9000,5.8713,-0.9916,1.4413,0.09881,5.6913,-1.5934,-0.05665
787.0000,5.8718,-0.9918,1.4411,0.09879,5.6920,-1.5925,-0.05666
787.1000,5.8723,-0.9921,1.4409,0.09874,5.6922,-1.5922,-0.05668
787.2000,5.8728,-0.9924,1.4409,0.09869,5.6924,-1.5921,-0.05671
787.3000,5.8733,-0.9928,1.4410,0.09866,5.6926,-1.5925,-0.05675
787.4000,5.8738,-0.9932,1.4413,0.09862,5.6924,-1.5931,-0.05679
787.5000,5.8744,-0.9937,1.4418,0.09858,5.6915,-1.5940,-0.05684
787.6000,5.8749,-0.9941,1.4424,0.09856,5.6905,-1.5945,-0.05685
787.7000,5.8754,-0.9946,1.4431,0.09854,5.6897,-1.5946,-0.05685
787.8000,5.8760,-0.9952,1.4439,0.09852,5.6894,-1.5946,-0.05688
787.9000,5.8767,-0.9956,1.4447,0.09850,5.6903,-1.5944,-0.05693
788.0000,5.8774,-0.9960,1.4453,0.09850,5.6923,-1.5946,-0.05695
788.1000,5.8782,-0.9963,1.4459,0.09848,5.6953,-1.5956,-0.05701
788.2000,5.8791,-0.9968,1.4462,0.09845,5.6980,-1.5968,-0.05708
788.3000,5.8799,-0.9971,1.4463,0.09844,5.7011,-1.5983,-0.05717
788.4000,5.8806,-0.9975,1.4461,0.09845,5.7049,-1.5995,-0.05723
788.5000,5.8811,-0.9978,1.4457,0.09848,5.7085,-1.6004,-0.05722
788.6000,5.8814,-0.9981,1.4451,0.09849,5.7120,-1.6014,-0.05721
788.7000,5.8814,-0.9984,1.4442,0.09850,5.7154,-1.6026,-0.05720
788.8000,5.8812,-0.9986,1.4431,0.09850,5.7184,-1.6036,-0.05721
788.9000,5.8808,-0.9988,1.4420,0.09849,5.7208,-1.6046,-0.05721
789.0000,5.8802,-0.9989,1.4408,0.09848,5.7231,-1.6063,-0.05724
789.1000,5.8793,-0.9990,1.4392,0.09846,5.7245,-1.6080,-0.05721
789.2000,5.8782,-0.9991,1.4376,0.09844,5.7249,-1.6089,-0.05720
789.3000,5.8771,-0.9991,1.4352,0.09842,5.7252,-1.6092,-0.05720
789.4000,5.8755,-0.9989,1.4313,0.09843,5.7251,-1.6092,-0.05716
789.5000,5.8738,-0.9987,1.4268,0.09844,5.7246,-1.6087,-0.05714
789.6000,5.8723,-0.9985,1.4227,0.09845,5.7238,-1.6083,-0.05708
789.7000,5.8701,-0.9980,1.4170,0.09847,5.7224,-1.6089,-0.05701
789.8000,5.8684,-0.9977,1.4124,0.09848,5.7210,-1.6096,-0.05695
789.9000,5.8665,-0.9973,1.4077,0.09851,5.7195,-1.6101,-0.05686
790.0000,5.8648,-0.9968,1.4037,0.09852,5.7179,-1.6101,-0.05685
790.1000,5.8628,-0.9962,1.3993,0.09855,5.7161,-1.6100,-0.05680
790.2000,5.8612,-0.9955,1.3962,0.09858,5.7141,-1.6097,-0.05673
790.3000,5.8595,-0.9947,1.3929,0.09860,5.7115,-1.6089,-0.05667
790.4000,5.8577,-0.9938,1.3901,0.09863,5.7075,-1.6076,-0.05660
790.5000,5.8559,-0.9928,1.3876,0.09865,5.7028,-1.6060,-0.05653
790.6000,5.8546,-0.9919,1.3856,0.09866,5.6993,-1.6045,-0.05647
790.7000,5.8532,-0.9908,1.3837,0.09867,5.6946,-1.6017,-0.05643
790.8000,5.8520,-0.9898,1.3819,0.09868,5.6907,-1.5979,-0.05639
790.9000,5.8508,-0.9887,1.3799,0.09867,5.6876,-1.5940,-0.05640
791.0000,5.8500,-0.9877,1.3783,0.09867,5.6850,-1.5898,-0.05641
791.1000,5.8494,-0.9868,1.3768,0.09867,5.6835,-1.5866,-0.05644
791.2000,5.8491,-0.9860,1.3755,0.09866,5.6826,-1.5836,-0.05650
791.3000,5.8488,-0.9855,1.3744,0.09866,5.6823,-1.5808,-0.05654
791.4000,5.8486,-0.9851,1.3736,0.09866,5.6825,-1.5775,-0.05658
791.5000,5.8486,-0.9848,1.3733,0.09866,5.6826,-1.5744,-0.05660
791.6040,5.8486,-0.9846,1.3733,0.09865,5.6820,-1.5709,-0.05663
791.7000,5.8487,-0.9846,1.3738,0.09865,5.6812,-1.5684,-0.05666
791.8000,5.8487,-0.9847,1.3747,0.09864,5.6800,-1.5663,-0.05668
791.9000,5.8487,-0.9850,1.3759,0.09863,5.6786,-1.5651,-0.05671
792.0000,5.8487,-0.9853,1.3775,0.09863,5.6773,-1.5644,-0.05676
792.1000,5.8488,-0.9859,1.3797,0.09863,5.6763,-1.5645,-0.05681
792.2000,5.8490,-0.9865,1.3818,0.09860,5.6748,-1.5648,-0.05684
792.3000,5.8492,-0.9873,1.3840,0.09857,5.6733,-1.5650,-0.05689
792.4000,5.8494,-0.9881,1.3864,0.09855,5.6722,-1.5654,-0.05694
792.5000,5.8498,-0.9888,1.3888,0.09855,5.6721,-1.5657,-0.05695
792.6000,5.8503,-0.9895,1.3911,0.09856,5.6724,-1.5655,-0.05698
792.7000,5.8510,-0.9902,1.3941,0.09857,5.6724,-1.5652,-0.05699
792.8000,5.8516,-0.9909,1.3968,0.09858,5.6724,-1.5649,-0.05700
792.9000,5.8522,-0.9916,1.3997,0.09859,5.6725,-1.5643,-0.05700
793.0000,5.8532,-0.9924,1.4031,0.09859,5.6727,-1.5639,-0.05700
793.1000,5.8540,-0.9932,1.4060,0.09858,5.6729,-1.5638,-0.05700
793.2000,5.8549,-0.9941,1.4090,0.09856,5.6734,-1.5636,-0.05701
793.3000,5.8559,-0.9951,1.4116,0.09854,5.6739,-1.5634,-0.05703
793.4000,5.8569,-0.9961,1.4140,0.09852,5.6742,-1.5635,-0.05705
793.5000,5.8578,-0.9972,1.4161,0.09850,5.6745,-1.5642,-0.05709
793.6000,5.8587,-0.9983,1.4180,0.09847,5.6750,-1.5651,-0.05713
793.7000,5.8597,-0.9996,1.4199,0.09843,5.6757,-1.5664,-0.05719
793.8000,5.8608,-1.0009,1.4216,0.09839,5.6766,-1.5686,-0.05727
793.9000,5.8619,-1.0022,1.4232,0.09835,5.6774,-1.5710,-0.05730
794.0000,5.8631,-1.0037,1.4250,0.09832,5.6781,-1.5738,-0.05736
794.1000,5.8640,-1.0049,1.4264,0.09831,5.6788,-1.5776,-0.05738
794.2000,5.8651,-1.0064,1.4281,0.09830,5.6792,-1.5812,-0.05743
794.3000,5.8661,-1.0078,1.4296,0.09827,5.6798,-1.5851,-0.05746
794.4000,5.8671,-1.0090,1.4308,0.09826,5.6808,-1.5888,-0.05748
794.5000,5.8681,-1.0101,1.4319,0.09826,5.6820,-1.5922,-0.05749
794.6000,5.8692,-1.0111,1.4328,0.09826,5.6833,-1.5959,-0.05750
794.7000,5.8701,-1.0119,1.4335,0.09826,5.6841,-1.5993,-0.05749
794.8000,5.8712,-1.0127,1.4343,0.09827,5.6847,-1.6024,-0.05745
794.9000,5.8720,-1.0133,1.4349,0.09827,5.6850,-1.6057,-0.05743
795.0000,5.8730,-1.0138,1.4354,0.09827,5.6852,-1.6091,-0.05739
795.1000,5.8739,-1.0142,1.4359,0.09826,5.6858,-1.6134,-0.05738
795.2000,5.8748,-1.0144,1.4364,0.09824,5.6868,-1.6172,-0.05738
795.3000,5.8757,-1.0146,1.4368,0.09822,5.6876,-1.6205,-0.05739
795.4000,5.8764,-1.0146,1.4374,0.09820,5.6872,-1.6229,-0.05738
795.5000,5.8770,-1.0144,1.4379,0.09818,5.6861,-1.6251,-0.05732
795.6000,5.8778,-1.0141,1.4386,0.09818,5.6849,-1.6267,-0.05725
795.7000,5.8786,-1.0135,1.4393,0.09818,5.6833,-1.6275,-0.05718
795.8000,5.8793,-1.0128,1.4400,0.09819,5.6817,-1.6273,-0.05713
795.9000,5.8801,-1.0120,1.4407,0.09820,5.6803,-1.6271,-0.05711
796.0000,5.8809,-1.0112,1.4413,0.09821,5.6795,-1.6270,-0.05709
796.1000,5.8818,-1.0103,1.4419,0.09822,5.6788,-1.6269,-0.05707
796.2000,5.8829,-1.0092,1.4426,0.09824,5.6779,-1.6270,-0.05703
796.3000,5.8840,-1.0083,1.4432,0.09827,5.6774,-1.6272,-0.05702
796.4000,5.8851,-1.0073,1.4438,0.09829,5.6771,-1.6270,-0.05700
796.5000,5.8863,-1.0063,1.4443,0.09833,5.6769,-1.6261,-0.05693
796.6000,5.8878,-1.0050,1.4450,0.09838,5.6772,-1.6246,-0.05690
796.7000,5.8892,-1.0039,1.4456,0.09842,5.6780,-1.6220,-0.05686
796.8000,5.8908,-1.0027,1.4463,0.09845,5.6794,-1.6189,-0.05684
796.9000,5.8926,-1.0016,1.4470,0.09846,5.6817,-1.6152,-0.05686
797.0000,5.8944,-1.0005,1.4476,0.09847,5.6844,-1.6119,-0.05689
797.1000,5.8963,-0.9996,1.4483,0.09849,5.6887,-1.6077,-0.05693
797.2040,5.8983,-0.9986,1.4488,0.09852,5.6926,-1.6042,-0.05692
797.3000,5.9002,-0.9978,1.4492,0.09856,5.6956,-1.6011,-0.05691
797.4000,5.9021,-0.9973,1.4494,0.09859,5.6979,-1.5983,-0.05688
797.5000,5.9039,-0.9970,1.4494,0.09861,5.7002,-1.5962,-0.05687
797.6000,5.9056,-0.9969,1.4493,0.09862,5.7023,-1.5960,-0.05689
797.7000,5.9075,-0.9970,1.4489,0.09861,5.7044,-1.5969,-0.05694
797.8000,5.9092,-0.9973,1.4485,0.09860,5.7063,-1.5980,-0.05699
797.9000,5.9108,-0.9976,1.4480,0.09858,5.7080,-1.5992,-0.05701
798.0000,5.9122,-0.9979,1.4475,0.09856,5.7096,-1.6001,-0.05706
798.1000,5.9137,-0.9983,1.4469,0.09852,5.7114,-1.6005,-0.05711
798.2000,5.9148,-0.9986,1.4463,0.09849,5.7128,-1.6007,-0.05715
798.3000,5.9162,-0.9989,1.4452,0.09846,5.7139,-1.6011,-0.05716
798.4000,5.9173,-0.9992,1.4442,0.09844,5.7150,-1.6012,-0.05718
798.5000,5.9184,-0.9994,1.4429,0.09842,5.7163,-1.6014,-0.05719
798.6000,5.9193,-0.9996,1.4418,0.09841,5.7175,-1.6018,-0.05719
798.7000,5.9203,-0.9998,1.4405,0.09841,5.7190,-1.6030,-0.05720
798.8000,5.9211,-1.0001,1.4395,0.09840,5.7209,-1.6043,-0.05725
798.9000,5.9220,-1.0004,1.4386,0.09840,5.7233,-1.6058,-0.05723
799.0000,5.9229,-1.0007,1.4378,0.09838,5.7253,-1.6068,-0.05722
799.1000,5.9236,-1.0009,1.4373,0.09837,5.7267,-1.6073,-0.05724
799.2000,5.9243,-1.0011,1.4369,0.09839,5.7275,-1.6074,-0.05722
799.3000,5.9247,-1.0012,1.4367,0.09841,5.7279,-1.6075,-0.05716
799.4000,5.9251,-1.0013,1.4366,0.09842,5.7282,-1.6080,-0.05714
799.5000,5.9255,-1.0015,1.4369,0.09842,5.7287,-1.6090,-0.05713
799.6000,5.9258,-1.0016,1.4372,0.09842,5.7291,-1.6101,-0.05712
799.7000,5.9261,-1.0016,1.4379,0.09841,5.7295,-1.6114,-0.05708
799.8000,5.9264,-1.0016,1.4386,0.09839,5.7307,-1.6121,-0.05709
799.9000,5.9267,-1.0015,1.4394,0.09837,5.7318,-1.6119,-0.05711
800.0000,5.9271,-1.0014,1.4403,0.09836,5.7324,-1.6115,-0.05713
800.1000,5.9274,-1.0012,1.4412,0.09836,5.7326,-1.6106,-0.05711
800.2000,5.9277,-1.0010,1.4420,0.09835,5.7325,-1.6096,-0.05709
800.3000,5.9280,-1.0009,1.4428,0.09835,5.7321,-1.6089,-0.05708
800.4000,5.9282,-1.0007,1.4436,0.09834,5.7320,-1.6083,-0.05712
800.5000,5.9285,-1.0007,1.4444,0.09833,5.7327,-1.6073,-0.05716
800.6000,5.9289,-1.0006,1.4454,0.09834,5.7344,-1.6054,-0.05715
800.7000,5.9294,-1.0005,1.4465,0.09833,5.7365,-1.6030,-0.05714
800.8000,5.9300,-1.0004,1.4479,0.09833,5.7390,-1.6005,-0.05713
800.9000,5.9304,-1.0005,1.4493,0.09832,5.7414,-1.5986,-0.05718
801.0000,5.9309,-1.0006,1.4511,0.09831,5.7437,-1.5971,-0.05721
801.1000,5.9313,-1.0008,1.4529,0.09829,5.7455,-1.5964,-0.05725
801.2000,5.9316,-1.0013,1.4551,0.09827,5.7469,-1.5961,-0.05729
801.3000,5.9319,-1.0018,1.4570,0.09826,5.7488,-1.5961,-0.05732
801.4000,5.9321,-1.0022,1.4586,0.09825,5.7510,-1.5966,-0.05734
801.5000,5.9323,-1.0029,1.4605,0.09824,5.7533,-1.5973,-0.05738
801.6000,5.9325,-1.0036,1.4623,0.09825,5.7561,-1.5973,-0.05739
801.7000,5.9326,-1.0042,1.4637,0.09825,5.7586,-1.5969,-0.05741
801.8000,5.9325,-1.0048,1.4647,0.09824,5.7610,-1.5968,-0.05743
801.9000,5.9324,-1.0056,1.4657,0.09822,5.7629,-1.5976,-0.05745
802.0000,5.9322,-1.0064,1.4663,0.09820,5.7646,-1.5988,-0.05749
802.1000,5.9317,-1.0072,1.4666,0.09818,5.7656,-1.5998,-0.05750
802.2000,5.9312,-1.0080,1.4667,0.09817,5.7657,-1.6002,-0.05753
802.3000,5.9305,-1.0089,1.4665,0.09815,5.7649,-1.6003,-0.05752
802.4000,5.9297,-1.0098,1.4662,0.09813,5.7634,-1.6003,-0.05750
802.5000,5.9289,-1.0107,1.4657,0.09810,5.7619,-1.6010,-0.05751
802.6000,5.9282,-1.0117,1.4652,0.09807,5.7598,-1.6021,-0.05752
802.7000,5.9274,-1.0128,1.4645,0.09803,5.7578,-1.6031,-0.05754
802.8000,5.9266,-1.0138,1.4640,0.09800,5.7557,-1.6040,-0.05758
802.9000,5.9259,-1.0148,1.4633,0.09797,5.7542,-1.6052,-0.05760
803.0000,5.9253,-1.0158,1.4627,0.09795,5.7527,-1.6070,-0.05761
803.1000,5.9247,-1.0167,1.4621,0.09792,5.7516,-1.6084,-0.05762
803.2000,5.9243,-1.0175,1.4617,0.09790,5.7504,-1.6098,-0.05763
803.3000,5.9239,-1.0182,1.4615,0.09788,5.7490,-1.6110,-0.05765
803.4000,5.9237,-1.0189,1.4614,0.09786,5.7482,-1.6120,-0.05768
803.5000,5.9235,-1.0195,1.4615,0.09784,5.7480,-1.6126,-0.05770
803.6000,5.9234,-1.0201,1.4618,0.09782,5.7486,-1.6127,-0.05773
803.7000,5.9233,-1.0208,1.4622,0.09780,5.7495,-1.6129,-0.05774
803.8000,5.9232,-1.0214,1.4628,0.09780,5.7505,-1.6136,-0.05779
803.9000,5.9231,-1.0222,1.4634,0.09779,5.7515,-1.6149,-0.05779
804.0000,5.9229,-1.0230,1.4640,0.09777,5.7521,-1.6166,-0.05781
804.1000,5.9227,-1.0237,1.4645,0.09776,5.7522,-1.6186,-0.05783
804.2000,5.9223,-1.0246,1.4650,0.09773,5.7516,-1.6211,-0.05783
804.3000,5.9218,-1.0256,1.4654,0.09769,5.7506,-1.6237,-0.05784
804.4040,5.9212,-1.0267,1.4657,0.09767,5.7491,-1.6266,-0.05787
804.5040,5.9206,-1.0276,1.4659,0.09765,5.7473,-1.6296,-0.05787
804.6000,5.9199,-1.0285,1.4660,0.09764,5.7458,-1.6325,-0.05789
804.7000,5.9194,-1.0291,1.4661,0.09764,5.7442,-1.6357,-0.05789
804.8000,5.9187,-1.0299,1.4661,0.09765,5.7437,-1.6382,-0.05788
804.9000,5.9181,-1.0305,1.4662,0.09765,5.7440,-1.6403,-0.05788
805.0000,5.9175,-1.0309,1.4662,0.09766,5.7447,-1.6418,-0.05790
805.1000,5.9169,-1.0312,1.4663,0.09768,5.7458,-1.6426,-0.05791
805.2000,5.9165,-1.0313,1.4664,0.09770,5.7471,-1.6428,-0.05790
805.3000,5.9159,-1.0314,1.4666,0.09772,5.7485,-1.6422,-0.05788
805.4000,5.9152,-1.0313,1.4667,0.09774,5.7498,-1.6408,-0.05786
805.5000,5.9145,-1.0312,1.4667,0.09775,5.7509,-1.6394,-0.05783
805.6000,5.9134,-1.0311,1.4666,0.09775,5.7513,-1.6377,-0.05782
805.7000,5.9125,-1.0310,1.4665,0.09775,5.7503,-1.6362,-0.05779
805.8000,5.9114,-1.0310,1.4662,0.09775,5.7481,-1.6352,-0.05774
805.9000,5.9103,-1.0312,1.4658,0.09773,5.7457,-1.6345,-0.05771
806.0000,5.9091,-1.0314,1.4653,0.09772,5.7432,-1.6338,-0.05767
806.1000,5.9079,-1.0316,1.4646,0.09771,5.7408,-1.6336,-0.05765
806.2000,5.9071,-1.0319,1.4641,0.09770,5.7387,-1.6344,-0.05764
806.3000,5.9061,-1.0323,1.4634,0.09768,5.7364,-1.6357,-0.05766
806.4000,5.9053,-1.0326,1.4629,0.09768,5.7341,-1.6379,-0.05767
806.5040,5.9047,-1.0330,1.4625,0.09767,5.7323,-1.6405,-0.05766
806.6000,5.9043,-1.0332,1.4622,0.09767,5.7312,-1.6427,-0.05769
806.7000,5.9040,-1.0334,1.4620,0.09767,5.7304,-1.6445,-0.05772
806.8000,5.9038,-1.0333,1.4620,0.09768,5.7301,-1.6454,-0.05769
806.9000,5.9038,-1.0331,1.4621,0.09770,5.7304,-1.6457,-0.05769
807.0000,5.9039,-1.0327,1.4622,0.09771,5.7311,-1.6457,-0.05767
807.1000,5.9040,-1.0322,1.4622,0.09772,5.7324,-1.6452,-0.05767
807.2000,5.9041,-1.0316,1.4621,0.09773,5.7336,-1.6441,-0.05766
807.3000,5.9043,-1.0308,1.4617,0.09775,5.7344,-1.6429,-0.05764
807.4000,5.9044,-1.0300,1.4613,0.09779,5.7348,-1.6416,-0.05758
807.5000,5.9046,-1.0292,1.4607,0.09782,5.7348,-1.6397,-0.05751
807.6000,5.9048,-1.0285,1.4600,0.09784,5.7345,-1.6376,-0.05747
807.7000,5.9051,-1.0277,1.4592,0.09787,5.7338,-1.6360,-0.05741
807.8000,5.9054,-1.0270,1.4586,0.09789,5.7333,-1.6351,-0.05736
807.9000,5.9057,-1.0265,1.4580,0.09790,5.7327,-1.6349,-0.05737
808.0000,5.9062,-1.0262,1.4576,0.09788,5.7321,-1.6360,-0.05737
808.1040,5.9068,-1.0259,1.4572,0.09785,5.7318,-1.6377,-0.05746
808.2000,5.9073,-1.0258,1.4569,0.09783,5.7319,-1.6392,-0.05748
808.3000,5.9080,-1.0256,1.4566,0.09781,5.7323,-1.6405,-0.05753
808.4000,5.9088,-1.0253,1.4563,0.09779,5.7332,-1.6412,-0.05755
808.5000,5.9095,-1.0249,1.4561,0.09778,5.7347,-1.6417,-0.05758
808.6000,5.9102,-1.0245,1.4558,0.09778,5.7366,-1.6417,-0.05761
808.7000,5.9110,-1.0240,1.4557,0.09779,5.7392,-1.6412,-0.05762
808.8000,5.9118,-1.0235,1.4558,0.09778,5.7417,-1.6401,-0.05762
808.9000,5.9124,-1.0230,1.4560,0.09779,5.7436,-1.6386,-0.05761
809.0000,5.9130,-1.0226,1.4564,0.09779,5.7449,-1.6367,-0.05760
809.1000,5.9134,-1.0221,1.4570,0.09780,5.7461,-1.6347,-0.05756
809.2000,5.9136,-1.0216,1.4578,0.09780,5.7470,-1.6324,-0.05753
809.3000,5.9137,-1.0213,1.4588,0.09778,5.7471,-1.6307,-0.05753
809.4000,5.9136,-1.0212,1.4599,0.09774,5.7468,-1.6304,-0.05756
809.5000,5.9135,-1.0211,1.4600,0.09770,5.7466,-1.6305,-0.05759
809.6000,5.9133,-1.0212,1.4581,0.09766,5.7459,-1.6306,-0.05761
809.7000,5.9130,-1.0212,1.4547,0.09764,5.7442,-1.6302,-0.05761
809.8000,5.9125,-1.0214,1.4488,0.09761,5.7417,-1.6295,-0.05764
809.9000,5.9119,-1.0215,1.4433,0.09760,5.7381,-1.6290,-0.05760
810.0000,5.9112,-1.0216,1.4349,0.09758,5.7344,-1.6294,-0.05759
810.1000,5.9106,-1.0217,1.4279,0.09756,5.7308,-1.6309,-0.05761
810.2000,5.9101,-1.0218,1.4201,0.09755,5.7272,-1.6330,-0.05758
810.3000,5.9098,-1.0220,1.4128,0.09754,5.7239,-1.6357,-0.05759
810.4000,5.9097,-1.0220,1.4061,0.09754,5.7213,-1.6376,-0.05759
810.5000,5.9098,-1.0219,1.3995,0.09755,5.7191,-1.6388,-0.05757
810.6000,5.9101,-1.0216,1.3935,0.09758,5.7180,-1.6398,-0.05756
810.7000,5.9107,-1.0213,1.3881,0.09760,5.7185,-1.6417,-0.05755
810.8000,5.9114,-1.0207,1.3834,0.09762,5.7199,-1.6439,-0.05754
810.9000,5.9123,-1.0201,1.3790,0.09764,5.7224,-1.6456,-0.05753
811.0000,5.9131,-1.0194,1.3761,0.09765,5.7260,-1.6466,-0.05756
811.1000,5.9140,-1.0185,1.3730,0.09767,5.7301,-1.6469,-0.05757
811.2000,5.9148,-1.0175,1.3707,0.09770,5.7339,-1.6465,-0.05757
811.3000,5.9155,-1.0164,1.3686,0.09773,5.7381,-1.6451,-0.05753
811.4000,5.9159,-1.0155,1.3670,0.09775,5.7420,-1.6427,-0.05748
811.5000,5.9160,-1.0143,1.3652,0.09777,5.7457,-1.6392,-0.05744
811.6000,5.9159,-1.0130,1.3634,0.09778,5.7482,-1.6360,-0.05742
811.7000,5.9156,-1.0120,1.3619,0.09777,5.7503,-1.6325,-0.05742
811.8000,5.9151,-1.0111,1.3606,0.09775,5.7511,-1.6306,-0.05740
811.9000,5.9142,-1.0104,1.3595,0.09774,5.7510,-1.6301,-0.05740
812.0000,5.9133,-1.0100,1.3586,0.09772,5.7499,-1.6300,-0.05740
812.1000,5.9120,-1.0097,1.3578,0.09769,5.7475,-1.6295,-0.05742
812.2000,5.9106,-1.0096,1.3573,0.09767,5.7446,-1.6289,-0.05743
812.3000,5.9089,-1.0095,1.3569,0.09765,5.7404,-1.6282,-0.05746
812.4000,5.9072,-1.0096,1.3568,0.09764,5.7367,-1.6279,-0.05748
812.5040,5.9057,-1.0097,1.3567,0.09763,5.7325,-1.6279,-0.05750
812.6000,5.9045,-1.0099,1.3567,0.09764,5.7284,-1.6273,-0.05748
812.7000,5.9033,-1.0100,1.3566,0.09766,5.7245,-1.6260,-0.05748
812.8000,5.9021,-1.0102,1.3565,0.09767,5.7208,-1.6246,-0.05748
812.9000,5.9011,-1.0104,1.3563,0.09768,5.7178,-1.6232,-0.05747
813.0000,5.9004,-1.0106,1.3562,0.09768,5.7143,-1.6221,-0.05746
813.1000,5.8997,-1.0110,1.3561,0.09765,5.7108,-1.6219,-0.05745
813.2000,5.8993,-1.0114,1.3561,0.09761,5.7069,-1.6222,-0.05747
813.3000,5.8990,-1.0119,1.3563,0.09755,5.7027,-1.6222,-0.05751
813.4000,5.8990,-1.0124,1.3566,0.09750,5.6982,-1.6221,-0.05757
813.5000,5.8993,-1.0128,1.3569,0.09748,5.6946,-1.6218,-0.05761
813.6000,5.8999,-1.0133,1.3574,0.09746,5.6927,-1.6211,-0.05768
813.7000,5.9009,-1.0137,1.3580,0.09744,5.6912,-1.6196,-0.05773
813.8000,5.9022,-1.0141,1.3589,0.09744,5.6905,-1.6181,-0.05776
813.9040,5.9034,-1.0144,1.3597,0.09744,5.6899,-1.6168,-0.05780
814.0000,5.9049,-1.0147,1.3608,0.09743,5.6895,-1.6155,-0.05782
814.1000,5.9067,-1.0151,1.3620,0.09742,5.6897,-1.6147,-0.05786
814.2000,5.9088,-1.0156,1.3632,0.09739,5.6900,-1.6147,-0.05789
814.3000,5.9108,-1.0160,1.3642,0.09735,5.6903,-1.6153,-0.05797
814.4040,5.9129,-1.0165,1.3651,0.09731,5.6900,-1.6159,-0.05802
814.5000,5.9150,-1.0171,1.3660,0.09727,5.6899,-1.6166,-0.05807
814.6000,5.9171,-1.0176,1.3669,0.09724,5.6905,-1.6182,-0.05811
814.7000,5.9191,-1.0181,1.3678,0.09720,5.6927,-1.6203,-0.05816
814.8000,5.9218,-1.0186,1.3689,0.09715,5.6960,-1.6220,-0.05823
814.9000,5.9241,-1.0190,1.3699,0.09711,5.7004,-1.6236,-0.05832
815.0000,5.9267,-1.0193,1.3709,0.09709,5.7047,-1.6246,-0.05839
815.1000,5.9288,-1.0195,1.3717,0.09709,5.7094,-1.6256,-0.05838
815.2000,5.9311,-1.0196,1.3725,0.09708,5.7138,-1.6265,-0.05837
815.3000,5.9337,-1.0198,1.3732,0.09708,5.7178,-1.6273,-0.05838
815.4000,5.9355,-1.0198,1.3736,0.09708,5.7230,-1.6277,-0.05839
815.5000,5.9376,-1.0198,1.3740,0.09708,5.7272,-1.6275,-0.05836
815.6000,5.9395,-1.0198,1.3740,0.09708,5.7313,-1.6265,-0.05836
815.7000,5.9409,-1.0197,1.3737,0.09710,5.7354,-1.6252,-0.05837
815.8000,5.9422,-1.0196,1.3731,0.09711,5.7390,-1.6243,-0.05835
815.9000,5.9435,-1.0196,1.3722,0.09713,5.7424,-1.6231,-0.05833
816.0000,5.9445,-1.0196,1.3709,0.09713,5.7453,-1.6218,-0.05831
816.1000,5.9453,-1.0197,1.3696,0.09713,5.7469,-1.6204,-0.05828
816.2000,5.9460,-1.0199,1.3681,0.09713,5.7479,-1.6191,-0.05826
816.3000,5.9466,-1.0201,1.3669,0.09712,5.7490,-1.6182,-0.05826
816.4040,5.9470,-1.0204,1.3660,0.09711,5.7505,-1.6184,-0.05827
816.5000,5.9474,-1.0209,1.3654,0.09709,5.7526,-1.6192,-0.05833
816.6000,5.9478,-1.0215,1.3652,0.09708,5.7556,-1.6208,-0.05837
816.7000,5.9482,-1.0221,1.3654,0.09708,5.7587,-1.6232,-0.05840
816.8000,5.9486,-1.0227,1.3659,0.09709,5.7613,-1.6259,-0.05841
816.9000,5.9488,-1.0233,1.3665,0.09710,5.7640,-1.6286,-0.05839
817.0000,5.9488,-1.0237,1.3671,0.09710,5.7664,-1.6308,-0.05839
817.1000,5.9487,-1.0240,1.3678,0.09711,5.7684,-1.6323,-0.05840
817.2000,5.9482,-1.0241,1.3683,0.09713,5.7700,-1.6330,-0.05841
817.3000,5.9476,-1.0242,1.3686,0.09715,5.7716,-1.6337,-0.05837
817.4000,5.9467,-1.0241,1.3689,0.09718,5.7729,-1.6345,-0.05827
817.5000,5.9459,-1.0240,1.3690,0.09719,5.7738,-1.6347,-0.05823
817.6000,5.9446,-1.0238,1.3692,0.09719,5.7743,-1.6345,-0.05819
817.7000,5.9434,-1.0236,1.3696,0.09718,5.7745,-1.6341,-0.05819
817.8000,5.9421,-1.0233,1.3703,0.09718,5.7750,-1.6338,-0.05818
817.9000,5.9408,-1.0230,1.3713,0.09718,5.7760,-1.6332,-0.05820
818.0000,5.9394,-1.0226,1.3728,0.09720,5.7777,-1.6322,-0.05823
818.1000,5.9380,-1.0222,1.3746,0.09721,5.7799,-1.6314,-0.05821
818.2000,5.9364,-1.0219,1.3768,0.09725,5.7818,-1.6302,-0.05819
818.3000,5.9348,-1.0216,1.3791,0.09728,5.7830,-1.6288,-0.05818
818.4000,5.9330,-1.0213,1.3818,0.09731,5.7833,-1.6275,-0.05814
818.5000,5.9311,-1.0212,1.3845,0.09731,5.7829,-1.6266,-0.05813
818.6000,5.9291,-1.0211,1.3872,0.09729,5.7819,-1.6259,-0.05815
818.7000,5.9270,-1.0211,1.3898,0.09727,5.7803,-1.6251,-0.05814
818.8000,5.9248,-1.0211,1.3923,0.09725,5.7783,-1.6248,-0.05817
818.9000,5.9225,-1.0213,1.3942,0.09723,5.7759,-1.6248,-0.05817
819.0000,5.9203,-1.0215,1.3938,0.09721,5.7721,-1.6250,-0.05816
819.1000,5.9179,-1.0218,1.3905,0.09718,5.7688,-1.6251,-0.05817
819.2000,5.9155,-1.0221,1.3850,0.09717,5.7654,-1.6250,-0.05818
819.3000,5.9127,-1.0225,1.3763,0.09716,5.7628,-1.6252,-0.05821
819.4000,5.9101,-1.0229,1.3668,0.09715,5.7604,-1.6251,-0.05823
819.5000,5.9076,-1.0233,1.3565,0.09715,5.7587,-1.6246,-0.05824
819.6000,5.9051,-1.0237,1.3450,0.09715,5.7571,-1.6243,-0.05826
819.7000,5.9032,-1.0241,1.3359,0.09715,5.7552,-1.6242,-0.05826
819.8000,5.9013,-1.0246,1.3261,0.09714,5.7531,-1.6237,-0.05828
819.9000,5.8993,-1.0252,1.3164,0.09713,5.7509,-1.6225,-0.05828
820.0000,5.8977,-1.0257,1.3085,0.09713,5.7492,-1.6209,-0.05830
820.1000,5.8961,-1.0264,1.3014,0.09712,5.7474,-1.6191,-0.05833
820.2000,5.8949,-1.0270,1.2958,0.09710,5.7453,-1.6178,-0.05837
820.3040,5.8937,-1.0277,1.2910,0.09709,5.7429,-1.6167,-0.05839
820.4000,5.8925,-1.0287,1.2866,0.09707,5.7405,-1.6161,-0.05841
820.5000,5.8914,-1.0298,1.2830,0.09703,5.7367,-1.6153,-0.05846
820.6000,5.8906,-1.0307,1.2806,0.09699,5.7321,-1.6147,-0.05851
820.7000,5.8898,-1.0317,1.2787,0.09695,5.7271,-1.6143,-0.05859
820.8000,5.8889,-1.0329,1.2772,0.09694,5.7233,-1.6147,-0.05859
820.9000,5.8883,-1.0340,1.2763,0.09696,5.7207,-1.6158,-0.05860
821.0000,5.8880,-1.0350,1.2759,0.09696,5.7195,-1.6173,-0.05861
821.1000,5.8879,-1.0362,1.2758,0.09696,5.7187,-1.6192,-0.05865
821.2000,5.8881,-1.0375,1.2761,0.09696,5.7180,-1.6212,-0.05867
821.3000,5.8883,-1.0389,1.2768,0.09695,5.7167,-1.6231,-0.05868
821.4000,5.8886,-1.0399,1.2774,0.09695,5.7149,-1.6250,-0.05868
821.5000,5.8888,-1.0409,1.2783,0.09696,5.7125,-1.6275,-0.05868
821.6000,5.8890,-1.0419,1.2794,0.09696,5.7105,-1.6300,-0.05869
821.7000,5.8894,-1.0427,1.2805,0.09696,5.7086,-1.6328,-0.05866
821.8000,5.8899,-1.0435,1.2819,0.09696,5.7075,-1.6349,-0.05868
821.9000,5.8905,-1.0441,1.2834,0.09696,5.7064,-1.6361,-0.05867
822.0000,5.8911,-1.0445,1.2849,0.09696,5.7057,-1.6363,-0.05865
822.1000,5.8920,-1.0450,1.2869,0.09696,5.7054,-1.6357,-0.05860
822.2000,5.8931,-1.0453,1.2888,0.09694,5.7054,-1.6347,-0.05860
822.3000,5.8942,-1.0455,1.2906,0.09692,5.7056,-1.6336,-0.05863
822.4000,5.8953,-1.0458,1.2924,0.09688,5.7061,-1.6334,-0.05865
822.5000,5.8965,-1.0460,1.2940,0.09684,5.7068,-1.6336,-0.05871
822.6000,5.8977,-1.0463,1.2956,0.09680,5.7077,-1.6341,-0.05880
822.7000,5.8992,-1.0465,1.2976,0.09679,5.7095,-1.6347,-0.05883
822.8040,5.9007,-1.0468,1.2997,0.09678,5.7125,-1.6351,-0.05887
822.9000,5.9019,-1.0469,1.3015,0.09676,5.7159,-1.6354,-0.05891
823.0000,5.9034,-1.0471,1.3038,0.09676,5.7197,-1.6361,-0.05894
823.1000,5.9051,-1.0474,1.3067,0.09676,5.7229,-1.6370,-0.05897
823.2000,5.9062,-1.0476,1.3091,0.09675,5.7264,-1.6381,-0.05898
823.3000,5.9075,-1.0479,1.3124,0.09673,5.7297,-1.6393,-0.05901
823.4000,5.9084,-1.0481,1.3151,0.09673,5.7333,-1.6416,-0.05901
823.5000,5.9093,-1.0485,1.3186,0.09671,5.7371,-1.6450,-0.05905
823.6000,5.9099,-1.0488,1.3218,0.09670,5.7402,-1.6489,-0.05910
823.7000,5.9104,-1.0491,1.3251,0.09670,5.7425,-1.6522,-0.05913
823.8000,5.9107,-1.0494,1.3291,0.09671,5.7448,-1.6555,-0.05912
823.9000,5.9108,-1.0495,1.3325,0.09672,5.7463,-1.6578,-0.05910
824.0040,5.9107,-1.0495,1.3369,0.09674,5.7474,-1.6594,-0.05908
824.1000,5.9103,-1.0494,1.3409,0.09676,5.7472,-1.6603,-0.05899
824.2000,5.9096,-1.0491,1.3455,0.09678,5.7466,-1.6609,-0.05894
824.3000,5.9089,-1.0487,1.3499,0.09679,5.7452,-1.6615,-0.05883
824.4000,5.9080,-1.0483,1.3543,0.09680,5.7431,-1.6610,-0.05877
824.5000,5.9070,-1.0476,1.3594,0.09681,5.7417,-1.6595,-0.05871
824.6000,5.9060,-1.0469,1.3646,0.09682,5.7409,-1.6575,-0.05870
824.7000,5.9050,-1.0461,1.3693,0.09682,5.7404,-1.6551,-0.05870
824.8000,5.9042,-1.0454,1.3737,0.09685,5.7407,-1.6525,-0.05868
824.9000,5.9033,-1.0446,1.3782,0.09689,5.7413,-1.6502,-0.05866
825.0000,5.9026,-1.0440,1.3819,0.09691,5.7419,-1.6482,-0.05864
825.1000,5.9017,-1.0433,1.3865,0.09693,5.7419,-1.6468,-0.05859
825.2000,5.9008,-1.0426,1.3909,0.09693,5.7413,-1.6456,-0.05862
825.3000,5.8997,-1.0420,1.3950,0.09693,5.7406,-1.6445,-0.05861
825.4000,5.8987,-1.0416,1.3988,0.09692,5.7401,-1.6434,-0.05862
825.5040,5.8976,-1.0411,1.4029,0.09689,5.7400,-1.6419,-0.05863
825.6000,5.8965,-1.0406,1.4063,0.09687,5.7401,-1.6407,-0.05865
825.7000,5.8954,-1.0402,1.4097,0.09685,5.7402,-1.6399,-0.05866
825.8000,5.8944,-1.0398,1.4129,0.09683,5.7399,-1.6395,-0.05872
825.9000,5.8934,-1.0396,1.4162,0.09679,5.7395,-1.6389,-0.05876
826.0000,5.8923,-1.0393,1.4195,0.09676,5.7391,-1.6385,-0.05876
826.1000,5.8911,-1.0392,1.4226,0.09673,5.7380,-1.6383,-0.05881
826.2000,5.8899,-1.0392,1.4257,0.09669,5.7366,-1.6383,-0.05883
826.3000,5.8885,-1.0392,1.4288,0.09666,5.7357,-1.6388,-0.05887
826.4000,5.8872,-1.0391,1.4318,0.09664,5.7351,-1.6394,-0.05889
826.5000,5.8858,-1.0391,1.4348,0.09663,5.7340,-1.6399,-0.05894
826.6000,5.8846,-1.0390,1.4374,0.09664,5.7328,-1.6399,-0.05893
826.7000,5.8833,-1.0390,1.4401,0.09666,5.7310,-1.6389,-0.05888
826.8000,5.8821,-1.0389,1.4425,0.09668,5.7286,-1.6375,-0.05885
826.9000,5.8808,-1.0388,1.4451,0.09671,5.7255,-1.6360,-0.05881
827.0000,5.8796,-1.0388,1.4473,0.09672,5.7215,-1.6348,-0.05876
827.1000,5.8785,-1.0387,1.4493,0.09672,5.7174,-1.6342,-0.05874
827.2000,5.8775,-1.0388,1.4512,0.09671,5.7141,-1.6346,-0.05877
827.3000,5.8766,-1.0389,1.4529,0.09669,5.7114,-1.6357,-0.05878
827.4000,5.8759,-1.0390,1.4547,0.09668,5.7090,-1.6369,-0.05885
827.5000,5.8754,-1.0390,1.4562,0.09668,5.7060,-1.6384,-0.05887
827.6000,5.8751,-1.0390,1.4576,0.09668,5.7034,-1.6396,-0.05890
827.7000,5.8749,-1.0389,1.4590,0.09669,5.7015,-1.6405,-0.05887
827.8000,5.8749,-1.0387,1.4603,0.09670,5.7008,-1.6413,-0.05887
827.9000,5.8750,-1.0384,1.4620,0.09671,5.7010,-1.6419,-0.05889
828.0000,5.8753,-1.0379,1.4636,0.09671,5.7015,-1.6419,-0.05891
828.1000,5.8757,-1.0374,1.4651,0.09672,5.7020,-1.6409,-0.05889
828.2000,5.8761,-1.0368,1.4667,0.09673,5.7028,-1.6393,-0.05890
828.3000,5.8766,-1.0362,1.4681,0.09674,5.7035,-1.6379,-0.05886
828.4000,5.8770,-1.0356,1.4696,0.09673,5.7033,-1.6363,-0.05887
828.5000,5.8774,-1.0351,1.4710,0.09671,5.7026,-1.6347,-0.05888
828.6000,5.8777,-1.0345,1.4726,0.09670,5.7020,-1.6329,-0.05888
828.7000,5.8781,-1.0339,1.4742,0.09671,5.7018,-1.6313,-0.05885
828.8000,5.8786,-1.0334,1.4756,0.09671,5.7020,-1.6299,-0.05885
828.9000,5.8790,-1.0330,1.4769,0.09671,5.7023,-1.6284,-0.05884
829.0000,5.8794,-1.0326,1.4782,0.09671,5.7026,-1.6267,-0.05885
829.1000,5.8799,-1.0323,1.4795,0.09672,5.7026,-1.6247,-0.05883
829.2000,5.8803,-1.0320,1.4807,0.09673,5.7025,-1.6231,-0.05884
829.3000,5.8808,-1.0318,1.4818,0.09674,5.7026,-1.6212,-0.05882
829.4000,5.8813,-1.0317,1.4826,0.09674,5.7024,-1.6196,-0.05883
829.5000,5.8818,-1.0318,1.4833,0.09673,5.7017,-1.6188,-0.05883
829.6000,5.8824,-1.0321,1.4839,0.09670,5.7011,-1.6188,-0.05885
829.7000,5.8830,-1.0325,1.4845,0.09665,5.7008,-1.6195,-0.05886
829.8000,5.8836,-1.0331,1.4851,0.09659,5.7004,-1.6205,-0.05894
829.9000,5.8842,-1.0337,1.4859,0.09654,5.7000,-1.6211,-0.05901
830.0000,5.8849,-1.0345,1.4868,0.09652,5.6999,-1.6220,-0.05906
830.1000,5.8857,-1.0352,1.4878,0.09650,5.7004,-1.6229,-0.05911
830.2000,5.8865,-1.0360,1.4888,0.09649,5.7013,-1.6240,-0.05917
830.3000,5.8873,-1.0367,1.4898,0.09650,5.7030,-1.6252,-0.05918
830.4000,5.8882,-1.0374,1.4908,0.09653,5.7056,-1.6265,-0.05916
830.5000,5.8890,-1.0381,1.4919,0.09654,5.7080,-1.6279,-0.05915
830.6000,5.8897,-1.0388,1.4930,0.09653,5.7103,-1.6300,-0.05918
830.7000,5.8903,-1.0396,1.4943,0.09651,5.7130,-1.6325,-0.05922
830.8000,5.8908,-1.0403,1.4955,0.09649,5.7168,-1.6353,-0.05924
830.9000,5.8912,-1.0409,1.4968,0.09647,5.7216,-1.6380,-0.05928
831.0000,5.8915,-1.0415,1.4980,0.09644,5.7264,-1.6399,-0.05932
831.1000,5.8914,-1.0421,1.4992,0.09642,5.7304,-1.6415,-0.05937
831.2000,5.8909,-1.0425,1.5000,0.09642,5.7329,-1.6425,-0.05937
831.3000,5.8901,-1.0428,1.5004,0.09642,5.7350,-1.6433,-0.05932
831.4000,5.8890,-1.0431,1.5003,0.09641,5.7358,-1.6440,-0.05931
831.5000,5.8876,-1.0433,1.4999,0.09641,5.7356,-1.6452,-0.05927
831.6000,5.8858,-1.0436,1.4991,0.09638,5.7347,-1.6465,-0.05924
831.7000,5.8842,-1.0438,1.4983,0.09636,5.7326,-1.6482,-0.05922
831.8000,5.8819,-1.0440,1.4969,0.09635,5.7301,-1.6500,-0.05919
831.9000,5.8798,-1.0441,1.4955,0.09634,5.7276,-1.6524,-0.05913
832.0000,5.8769,-1.0442,1.4935,0.09634,5.7253,-1.6543,-0.05913
832.1000,5.8746,-1.0441,1.4918,0.09635,5.7223,-1.6558,-0.05907
832.2000,5.8724,-1.0440,1.4902,0.09635,5.7180,-1.6567,-0.05903
832.3000,5.8699,-1.0438,1.4883,0.09635,5.7133,-1.6570,-0.05897
832.4000,5.8673,-1.0435,1.4865,0.09636,5.7088,-1.6564,-0.05892
832.5000,5.8647,-1.0430,1.4845,0.09637,5.7041,-1.6550,-0.05889
832.6000,5.8623,-1.0425,1.4828,0.09636,5.6991,-1.6530,-0.05885
832.7000,5.8601,-1.0419,1.4812,0.09636,5.6947,-1.6510,-0.05885
832.8000,5.8581,-1.0414,1.4798,0.09637,5.6912,-1.6495,-0.05884
832.9000,5.8563,-1.0409,1.4787,0.09636,5.6878,-1.6479,-0.05885
833.0000,5.8548,-1.0404,1.4776,0.09634,5.6853,-1.6462,-0.05887
833.1000,5.8533,-1.0400,1.4767,0.09633,5.6833,-1.6442,-0.05889
833.2000,5.8521,-1.0397,1.4760,0.09632,5.6817,-1.6419,-0.05892
833.3000,5.8510,-1.0394,1.4755,0.09631,5.6803,-1.6399,-0.05895
833.4000,5.8499,-1.0392,1.4751,0.09628,5.6786,-1.6385,-0.05895
833.5000,5.8490,-1.0391,1.4749,0.09625,5.6768,-1.6373,-0.05900
833.6000,5.8481,-1.0392,1.4748,0.09619,5.6747,-1.6365,-0.05906
833.7000,5.8475,-1.0394,1.4747,0.09615,5.6722,-1.6361,-0.05910
833.8000,5.8469,-1.0396,1.4745,0.09612,5.6697,-1.6360,-0.05912
833.9000,5.8463,-1.0399,1.4743,0.09609,5.6666,-1.6363,-0.05917
834.0000,5.8457,-1.0403,1.4739,0.09606,5.6640,-1.6367,-0.05922
834.1000,5.8454,-1.0406,1.4736,0.09604,5.6620,-1.6374,-0.05926
834.2000,5.8452,-1.0411,1.4732,0.09602,5.6611,-1.6381,-0.05931
834.3000,5.8452,-1.0417,1.4727,0.09599,5.6613,-1.6391,-0.05933
834.4000,5.8453,-1.0422,1.4724,0.09598,5.6626,-1.6407,-0.05938
834.5000,5.8457,-1.0427,1.4722,0.09598,5.6647,-1.6423,-0.05942
834.6000,5.8461,-1.0432,1.4722,0.09596,5.6667,-1.6443,-0.05949
834.7000,5.8465,-1.0437,1.4724,0.09594,5.6677,-1.6463,-0.05957
834.8000,5.8468,-1.0443,1.4728,0.09592,5.6678,-1.6477,-0.05959
834.9000,5.8471,-1.0448,1.4733,0.09591,5.6674,-1.6496,-0.05961
835.0000,5.8472,-1.0452,1.4740,0.09590,5.6661,-1.6515,-0.05964
835.1000,5.8473,-1.0456,1.4749,0.09590,5.6643,-1.6535,-0.05963
835.2000,5.8475,-1.0459,1.4759,0.09590,5.6627,-1.6549,-0.05959
835.3000,5.8477,-1.0461,1.4769,0.09590,5.6614,-1.6559,-0.05957
835.4000,5.8482,-1.0461,1.4779,0.09589,5.6605,-1.6565,-0.05956
835.5000,5.8486,-1.0460,1.4788,0.09590,5.6603,-1.6568,-0.05956
835.6000,5.8491,-1.0458,1.4797,0.09591,5.6602,-1.6571,-0.05957
835.7000,5.8497,-1.0454,1.4805,0.09592,5.6598,-1.6574,-0.05955
835.8000,5.8503,-1.0450,1.4813,0.09592,5.6589,-1.6580,-0.05953
835.9000,5.8511,-1.0446,1.4820,0.09592,5.6581,-1.6580,-0.05951
836.0000,5.8518,-1.0441,1.4826,0.09591,5.6566,-1.6571,-0.05949
836.1000,5.8525,-1.0435,1.4830,0.09592,5.6553,-1.6563,-0.05945
836.2000,5.8534,-1.0428,1.4834,0.09594,5.6538,-1.6549,-0.05942
836.3000,5.8544,-1.0421,1.4837,0.09596,5.6529,-1.6527,-0.05938
836.4000,5.8555,-1.0414,1.4839,0.09598,5.6526,-1.6505,-0.05936
836.5000,5.8567,-1.0407,1.4840,0.09599,5.6532,-1.6485,-0.05934
836.6000,5.8580,-1.0401,1.4839,0.09600,5.6539,-1.6465,-0.05936
836.7000,5.8595,-1.0395,1.4837,0.09600,5.6554,-1.6439,-0.05938
836.8000,5.8610,-1.0390,1.4833,0.09601,5.6576,-1.6412,-0.05938
836.9000,5.8625,-1.0385,1.4828,0.09602,5.6605,-1.6377,-0.05943
837.0000,5.8642,-1.0380,1.4821,0.09603,5.6643,-1.6343,-0.05947
837.1000,5.8657,-1.0378,1.4814,0.09605,5.6698,-1.6314,-0.05951
837.2000,5.8671,-1.0376,1.4807,0.09606,5.6751,-1.6293,-0.05953
837.3000,5.8684,-1.0376,1.4800,0.09606,5.6804,-1.6276,-0.05955
837.4000,5.8696,-1.0379,1.4794,0.09604,5.6844,-1.6265,-0.05963
837.5000,5.8704,-1.0382,1.4791,0.09604,5.6877,-1.6260,-0.05964
837.6000,5.8712,-1.0388,1.4786,0.09604,5.6898,-1.6268,-0.05964
837.7000,5.8716,-1.0395,1.4783,0.09603,5.6912,-1.6288,-0.05963
837.8000,5.8719,-1.0404,1.4779,0.09601,5.6915,-1.6318,-0.05966
837.9000,5.8718,-1.0414,1.4773,0.09598,5.6904,-1.6352,-0.05969
838.0000,5.8717,-1.0423,1.4768,0.09597,5.6888,-1.6383,-0.05969
838.1000,5.8715,-1.0433,1.4761,0.09597,5.6867,-1.6417,-0.05964
838.2000,5.8712,-1.0441,1.4754,0.09597,5.6843,-1.6445,-0.05963
838.3000,5.8708,-1.0449,1.4746,0.09597,5.6821,-1.6468,-0.05959
838.4000,5.8704,-1.0454,1.4740,0.09596,5.6804,-1.6484,-0.05956
838.5000,5.8701,-1.0459,1.4732,0.09595,5.6793,-1.6492,-0.05957
838.6000,5.8699,-1.0461,1.4725,0.09594,5.6789,-1.6489,-0.05960
838.7000,5.8697,-1.0462,1.4717,0.09593,5.6788,-1.6480,-0.05959
838.8000,5.8696,-1.0462,1.4710,0.09594,5.6788,-1.6465,-0.05959
838.9000,5.8695,-1.0461,1.4701,0.09594,5.6790,-1.6444,-0.05959
839.0000,5.8694,-1.0460,1.4692,0.09594,5.6794,-1.6424,-0.05960
839.1000,5.8693,-1.0460,1.4682,0.09593,5.6799,-1.6405,-0.05958
839.2000,5.8692,-1.0460,1.4672,0.09592,5.6799,-1.6388,-0.05961
839.3000,5.8691,-1.0460,1.4662,0.09591,5.6796,-1.6371,-0.05960
839.4000,5.8691,-1.0462,1.4650,0.09590,5.6793,-1.6357,-0.05960
839.5000,5.8690,-1.0466,1.4638,0.09588,5.6793,-1.6345,-0.05961
839.6000,5.8690,-1.0470,1.4627,0.09585,5.6796,-1.6339,-0.05967
839.7000,5.8690,-1.0475,1.4617,0.09584,5.6803,-1.6339,-0.05969
839.8000,5.8690,-1.0481,1.4610,0.09583,5.6809,-1.6341,-0.05973
839.9000,5.8691,-1.0490,1.4601,0.09581,5.6813,-1.6347,-0.05975
840.0000,5.8692,-1.0498,1.4593,0.09579,5.6816,-1.6352,-0.05978
840.1000,5.8693,-1.0508,1.4585,0.09577,5.6822,-1.6357,-0.05983
840.2000,5.8693,-1.0517,1.4578,0.09575,5.6828,-1.6363,-0.05986
840.3000,5.8692,-1.0527,1.4570,0.09573,5.6831,-1.6373,-0.05987
840.4000,5.8692,-1.0537,1.4562,0.09571,5.6831,-1.6385,-0.05987
840.5000,5.8690,-1.0549,1.4554,0.09569,5.6830,-1.6399,-0.05990
840.6000,5.8689,-1.0560,1.4547,0.09567,5.6828,-1.6415,-0.05992
840.7000,5.8688,-1.0571,1.4542,0.09565,5.6822,-1.6435,-0.05993
840.8000,5.8688,-1.0583,1.4539,0.09561,5.6815,-1.6456,-0.05999
840.9000,5.8689,-1.0596,1.4536,0.09559,5.6811,-1.6477,-0.06001
841.0000,5.8690,-1.0608,1.4535,0.09559,5.6805,-1.6499,-0.06005
841.1000,5.8690,-1.0617,1.4534,0.09559,5.6794,-1.6515,-0.06002
841.2000,5.8691,-1.0627,1.4533,0.09558,5.6775,-1.6533,-0.05999
841.3000,5.8692,-1.0636,1.4532,0.09556,5.6756,-1.6549,-0.06000
841.4000,5.8692,-1.0643,1.4528,0.09554,5.6740,-1.6568,-0.06000
841.5000,5.8694,-1.0651,1.4522,0.09551,5.6732,-1.6588,-0.05999
841.6000,5.8696,-1.0657,1.4515,0.09549,5.6728,-1.6612,-0.06003
841.7000,5.8700,-1.0664,1.4507,0.09546,5.6731,-1.6636,-0.06006
841.8000,5.8704,-1.0670,1.4499,0.09544,5.6740,-1.6660,-0.06010
841.9000,5.8710,-1.0675,1.4490,0.09540,5.6749,-1.6677,-0.06015
842.0000,5.8714,-1.0679,1.4482,0.09538,5.6754,-1.6687,-0.06018
842.1000,5.8719,-1.0682,1.4473,0.09537,5.6758,-1.6691,-0.06016
842.2000,5.8723,-1.0684,1.4464,0.09535,5.6765,-1.6691,-0.06018
842.3000,5.8728,-1.0684,1.4456,0.09533,5.6783,-1.6682,-0.06020
842.4000,5.8733,-1.0682,1.4447,0.09533,5.6808,-1.6670,-0.06019
842.5000,5.8738,-1.0681,1.4440,0.09534,5.6834,-1.6659,-0.06021
842.6000,5.8744,-1.0679,1.4432,0.09534,5.6855,-1.6649,-0.06022
842.7000,5.8748,-1.0679,1.4427,0.09534,5.6872,-1.6643,-0.06024
842.8000,5.8751,-1.0679,1.4423,0.09534,5.6883,-1.6642,-0.06025
842.9000,5.8754,-1.0680,1.4420,0.09534,5.6892,-1.6644,-0.06024
843.0000,5.8755,-1.0682,1.4418,0.09535,5.6901,-1.6643,-0.06023
843.1000,5.8756,-1.0684,1.4417,0.09536,5.6909,-1.6640,-0.06024
843.2000,5.8755,-1.0687,1.4418,0.09537,5.6917,-1.6635,-0.06022
843.3000,5.8754,-1.0690,1.4422,0.09538,5.6927,-1.6633,-0.06023
843.4000,5.8752,-1.0692,1.4428,0.09540,5.6940,-1.6631,-0.06025
843.5000,5.8749,-1.0695,1.4436,0.09542,5.6954,-1.6629,-0.06021
843.6000,5.8745,-1.0699,1.4446,0.09542,5.6966,-1.6627,-0.06019
843.7000,5.8741,-1.0704,1.4457,0.09542,5.6976,-1.6627,-0.06022
843.8000,5.8736,-1.0708,1.4468,0.09540,5.6984,-1.6630,-0.06023
843.9000,5.8732,-1.0713,1.4480,0.09539,5.6994,-1.6634,-0.06025
844.0000,5.8728,-1.0718,1.4492,0.09538,5.7000,-1.6634,-0.06026
844.1000,5.8722,-1.0723,1.4505,0.09537,5.7002,-1.6630,-0.06025
844.2000,5.8715,-1.0728,1.4518,0.09536,5.7006,-1.6624,-0.06030
844.3000,5.8709,-1.0733,1.4532,0.09536,5.7018,-1.6620,-0.06032
844.4000,5.8701,-1.0739,1.4548,0.09538,5.7031,-1.6619,-0.06035
844.5000,5.8694,-1.0744,1.4561,0.09540,5.7040,-1.6627,-0.06035
844.6000,5.8685,-1.0750,1.4578,0.09540,5.7046,-1.6643,-0.06035
844.7000,5.8676,-1.0756,1.4593,0.09540,5.7049,-1.6661,-0.06037
844.8000,5.8664,-1.0764,1.4615,0.09540,5.7050,-1.6686,-0.06039
844.9000,5.8653,-1.0770,1.4634,0.09539,5.7047,-1.6710,-0.06038
845.0000,5.8641,-1.0776,1.4652,0.09538,5.7040,-1.6732,-0.06037
845.1000,5.8629,-1.0780,1.4668,0.09538,5.7026,-1.6746,-0.06038
845.2000,5.8610,-1.0786,1.4691,0.09538,5.7007,-1.6752,-0.06037
845.3000,5.8596,-1.0789,1.4708,0.09539,5.6980,-1.6752,-0.06034
845.4000,5.8578,-1.0792,1.4727,0.09540,5.6951,-1.6749,-0.06031
845.5000,5.8561,-1.0794,1.4746,0.09541,5.6917,-1.6743,-0.06023
845.6000,5.8544,-1.0795,1.4764,0.09543,5.6881,-1.6736,-0.06017
845.7000,5.8526,-1.0797,1.4784,0.09543,5.6843,-1.6725,-0.06014
845.8000,5.8509,-1.0798,1.4804,0.09545,5.6801,-1.6711,-0.06010
845.9000,5.8496,-1.0798,1.4821,0.09546,5.6764,-1.6697,-0.06007
846.0000,5.8484,-1.0799,1.4839,0.09547,5.6721,-1.6684,-0.06002
846.1040,5.8472,-1.0800,1.4861,0.09548,5.6684,-1.6673,-0.06002
846.2000,5.8466,-1.0801,1.4881,0.09549,5.6656,-1.6662,-0.06004
846.3000,5.8461,-1.0802,1.4903,0.09550,5.6640,-1.6649,-0.06003
846.4000,5.8458,-1.0804,1.4925,0.09550,5.6624,-1.6636,-0.06002
846.5000,5.8458,-1.0807,1.4949,0.09548,5.6617,-1.6625,-0.06005
846.6000,5.8460,-1.0810,1.4969,0.09547,5.6620,-1.6613,-0.06008
846.7000,5.8463,-1.0813,1.4992,0.09547,5.6633,-1.6606,-0.06012
846.8000,5.8466,-1.0818,1.5011,0.09546,5.6647,-1.6601,-0.06017
846.9000,5.8471,-1.0823,1.5030,0.09545,5.6657,-1.6596,-0.06019
847.0000,5.8475,-1.0831,1.5049,0.09543,5.6660,-1.6596,-0.06025
847.1000,5.8480,-1.0839,1.5066,0.09542,5.6660,-1.6605,-0.06029
847.2000,5.8485,-1.0849,1.5080,0.09541,5.6656,-1.6621,-0.06034
847.3000,5.8490,-1.0860,1.5093,0.09539,5.6645,-1.6642,-0.06036
847.4000,5.8494,-1.0870,1.5103,0.09536,5.6632,-1.6662,-0.06039
847.5000,5.8500,-1.0883,1.5112,0.09533,5.6623,-1.6679,-0.06045
847.6000,5.8505,-1.0893,1.5117,0.09532,5.6617,-1.6695,-0.06047
847.7000,5.8511,-1.0903,1.5120,0.09533,5.6614,-1.6716,-0.06046
847.8000,5.8517,-1.0913,1.5121,0.09532,5.6615,-1.6739,-0.06047
847.9000,5.8523,-1.0922,1.5118,0.09531,5.6620,-1.6765,-0.06047
848.0000,5.8531,-1.0932,1.5111,0.09528,5.6630,-1.6794,-0.06050
848.1000,5.8538,-1.0941,1.5104,0.09525,5.6645,-1.6819,-0.06053
848.2000,5.8546,-1.0948,1.5094,0.09523,5.6664,-1.6845,-0.06054
848.3000,5.8554,-1.0955,1.5082,0.09523,5.6691,-1.6868,-0.06056
848.4000,5.8562,-1.0960,1.5070,0.09523,5.6720,-1.6885,-0.06056
848.5000,5.8570,-1.0965,1.5058,0.09523,5.6755,-1.6897,-0.06057
848.6000,5.8577,-1.0968,1.5044,0.09522,5.6794,-1.6905,-0.06058
848.7000,5.8584,-1.0971,1.5027,0.09522,5.6831,-1.6908,-0.06056
848.8000,5.8589,-1.0974,1.5011,0.09521,5.6870,-1.6912,-0.06057
848.9000,5.8592,-1.0978,1.4997,0.09519,5.6905,-1.6919,-0.06059
849.0000,5.8593,-1.0981,1.4983,0.09518,5.6933,-1.6936,-0.06059
849.1000,5.8593,-1.0985,1.4973,0.09516,5.6957,-1.6964,-0.06062
849.2000,5.8589,-1.0990,1.4962,0.09513,5.6974,-1.6998,-0.06068
849.3000,5.8583,-1.0995,1.4953,0.09512,5.6986,-1.7040,-0.06069
849.4000,5.8577,-1.0999,1.4946,0.09512,5.6992,-1.7079,-0.06067
849.5000,5.8568,-1.1002,1.4937,0.09513,5.6991,-1.7117,-0.06064
849.6000,5.8557,-1.1005,1.4928,0.09515,5.6986,-1.7154,-0.06058
849.7000,5.8546,-1.1005,1.4921,0.09517,5.6974,-1.7180,-0.06052
849.8000,5.8530,-1.1003,1.4911,0.09519,5.6957,-1.7193,-0.06048
849.9000,5.8513,-1.1000,1.4903,0.09522,5.6941,-1.7198,-0.06043
850.0000,5.8495,-1.0993,1.4894,0.09526,5.6932,-1.7196,-0.06036
850.1000,5.8479,-1.0985,1.4887,0.09528,5.6920,-1.7187,-0.06027
850.2000,5.8463,-1.0977,1.4882,0.09529,5.6901,-1.7174,-0.06023
850.3000,5.8446,-1.0967,1.4877,0.09529,5.6878,-1.7159,-0.06019
850.4000,5.8429,-1.0957,1.4872,0.09530,5.6847,-1.7145,-0.06012
850.5000,5.8413,-1.0946,1.4867,0.09532,5.6815,-1.7133,-0.06007
850.6000,5.8398,-1.0936,1.4863,0.09535,5.6785,-1.7124,-0.06001
850.7000,5.8381,-1.0924,1.4858,0.09538,5.6767,-1.7117,-0.05999
850.8000,5.8369,-1.0915,1.4853,0.09541,5.6752,-1.7106,-0.05995
850.9000,5.8355,-1.0904,1.4847,0.09543,5.6739,-1.7091,-0.05993
851.0000,5.8342,-1.0893,1.4841,0.09545,5.6728,-1.7080,-0.05991
851.1000,5.8331,-1.0883,1.4835,0.09546,5.6713,-1.7061,-0.05990
851.2000,5.8321,-1.0874,1.4829,0.09547,5.6700,-1.7038,-0.05990
851.3000,5.8310,-1.0865,1.4822,0.09549,5.6685,-1.7009,-0.05987
851.4000,5.8300,-1.0857,1.4816,0.09548,5.6671,-1.6979,-0.05987
851.5000,5.8291,-1.0849,1.4812,0.09548,5.6660,-1.6951,-0.05991
851.6000,5.8284,-1.0844,1.4810,0.09547,5.6653,-1.6922,-0.05994
851.7000,5.8278,-1.0838,1.4809,0.09548,5.6651,-1.6899,-0.05997
851.8000,5.8272,-1.0834,1.4810,0.09547,5.6657,-1.6875,-0.06000
851.9000,5.8266,-1.0832,1.4814,0.09546,5.6667,-1.6857,-0.06006
852.0000,5.8260,-1.0832,1.4818,0.09546,5.6686,-1.6843,-0.06011
852.1000,5.8254,-1.0833,1.4824,0.09546,5.6704,-1.6836,-0.06015
852.2000,5.8249,-1.0834,1.4828,0.09545,5.6718,-1.6833,-0.06019
852.3000,5.8241,-1.0837,1.4832,0.09544,5.6729,-1.6837,-0.06024
852.4000,5.8233,-1.0841,1.4835,0.09543,5.6732,-1.6844,-0.06024
852.5000,5.8222,-1.0845,1.4838,0.09539,5.6733,-1.6856,-0.06027
852.6000,5.8212,-1.0850,1.4839,0.09536,5.6729,-1.6873,-0.06032
852.7000,5.8200,-1.0855,1.4841,0.09533,5.6719,-1.6898,-0.06037
852.8000,5.8187,-1.0860,1.4841,0.09530,5.6708,-1.6927,-0.06038
852.9000,5.8172,-1.0864,1.4842,0.09529,5.6700,-1.6954,-0.06040
853.0000,5.8157,-1.0868,1.4843,0.09526,5.6693,-1.6973,-0.06040
853.1000,5.8143,-1.0870,1.4843,0.09524,5.6687,-1.6987,-0.06042
853.2000,5.8128,-1.0871,1.4842,0.09520,5.6688,-1.6995,-0.06047
853.3000,5.8113,-1.0870,1.4839,0.09512,5.6688,-1.6997,-0.06054
853.4000,5.8100,-1.0869,1.4835,0.09503,5.6684,-1.7000,-0.06063
853.5040,5.8086,-1.0866,1.4829,0.09495,5.6675,-1.7007,-0.06070
853.6000,5.8073,-1.0863,1.4822,0.09485,5.6653,-1.7016,-0.06082
853.7000,5.8060,-1.0860,1.4813,0.09472,5.6627,-1.7018,-0.06091
853.8000,5.8048,-1.0856,1.4806,0.09454,5.6595,-1.7017,-0.06102
853.9000,5.8036,-1.0852,1.4799,0.09426,5.6565,-1.7015,-0.06124
854.0000,5.8026,-1.0847,1.4793,0.09387,5.6545,-1.7013,-0.06155
854.1000,5.8019,-1.0843,1.4789,0.09352,5.6532,-1.7011,-0.06191
854.2000,5.8014,-1.0838,1.4785,0.09310,5.6524,-1.7013,-0.06235
854.3000,5.8012,-1.0834,1.4782,0.09264,5.6520,-1.7021,-0.06276
854.4000,5.8011,-1.0830,1.4779,0.09214,5.6518,-1.7033,-0.06330
854.5000,5.8012,-1.0826,1.4775,0.09156,5.6527,-1.7047,-0.06391
854.6000,5.8014,-1.0822,1.4770,0.09101,5.6543,-1.7062,-0.06451
854.7000,5.8018,-1.0816,1.4764,0.09030,5.6561,-1.7071,-0.06509
854.8000,5.8022,-1.0810,1.4757,0.08975,5.6583,-1.7078,-0.06579
854.9000,5.8026,-1.0802,1.4748,0.08923,5.6594,-1.7080,-0.06627
855.0000,5.8029,-1.0795,1.4738,0.08876,5.6602,-1.7076,-0.06672
855.1000,5.8032,-1.0788,1.4728,0.08836,5.6616,-1.7072,-0.06715
855.2000,5.8035,-1.0781,1.4718,0.08793,5.6633,-1.7066,-0.06758
855.3000,5.8037,-1.0775,1.4709,0.08759,5.6649,-1.7054,-0.06796
855.4000,5.8038,-1.0767,1.4698,0.08724,5.6659,-1.7038,-0.06822
855.5000,5.8037,-1.0759,1.4689,0.08696,5.6665,-1.7018,-0.06853
855.6000,5.8036,-1.0752,1.4679,0.08659,5.6664,-1.7001,-0.06887
855.7000,5.8034,-1.0744,1.4666,0.08617,5.6661,-1.6990,-0.06921
855.8000,5.8031,-1.0738,1.4654,0.08584,5.6651,-1.6977,-0.06957
855.9000,5.8029,-1.0732,1.4641,0.08553,5.6635,-1.6955,-0.06988
856.0000,5.8026,-1.0725,1.4628,0.08520,5.6621,-1.6929,-0.07020
856.1000,5.8022,-1.0719,1.4617,0.08495,5.6597,-1.6897,-0.07046
856.2000,5.8019,-1.0712,1.4608,0.08474,5.6557,-1.6857,-0.07064
856.3000,5.8016,-1.0707,1.4600,0.08451,5.6508,-1.6815,-0.07090
856.4000,5.8015,-1.0702,1.4592,0.08422,5.6464,-1.6776,-0.07114
856.5000,5.8016,-1.0698,1.4585,0.08391,5.6425,-1.6737,-0.07144
856.6000,5.8020,-1.0696,1.4579,0.08356,5.6400,-1.6711,-0.07184
856.7000,5.8027,-1.0695,1.4572,0.08315,5.6381,-1.6693,-0.07225
856.8000,5.8037,-1.0696,1.4564,0.08263,5.6366,-1.6686,-0.07274
856.9000,5.8048,-1.0698,1.4556,0.08219,5.6355,-1.6679,-0.07329
857.0000,5.8064,-1.0701,1.4546,0.08165,5.6352,-1.6674,-0.07381
857.1000,5.8076,-1.0704,1.4538,0.08127,5.6351,-1.6674,-0.07426
857.2000,5.8092,-1.0707,1.4529,0.08090,5.6353,-1.6675,-0.07467
857.3000,5.8111,-1.0713,1.4519,0.08056,5.6361,-1.6677,-0.07501
857.4000,5.8130,-1.0719,1.4510,0.08029,5.6372,-1.6678,-0.07524
857.5000,5.8148,-1.0725,1.4502,0.08009,5.6386,-1.6683,-0.07550
857.6000,5.8166,-1.0732,1.4494,0.07991,5.6390,-1.6690,-0.07570
857.7000,5.8181,-1.0738,1.4486,0.07978,5.6385,-1.6702,-0.07581
857.8000,5.8196,-1.0744,1.4480,0.07968,5.6374,-1.6723,-0.07591
857.9000,5.8212,-1.0751,1.4474,0.07960,5.6367,-1.6743,-0.07602
858.0000,5.8228,-1.0758,1.4469,0.07954,5.6365,-1.6769,-0.07608
858.1000,5.8247,-1.0765,1.4464,0.07949,5.6372,-1.6797,-0.07610
858.2000,5.8265,-1.0772,1.4459,0.07945,5.6385,-1.6822,-0.07615
858.3000,5.8282,-1.0777,1.4455,0.07942,5.6398,-1.6846,-0.07618
858.4000,5.8296,-1.0779,1.4451,0.07941,5.6409,-1.6858,-0.07619
858.5000,5.8313,-1.0782,1.4445,0.07941,5.6423,-1.6863,-0.07616
858.6000,5.8327,-1.0782,1.4440,0.07942,5.6437,-1.6864,-0.07614
858.7000,5.8342,-1.0782,1.4434,0.07943,5.6448,-1.6859,-0.07610
858.8000,5.8355,-1.0781,1.4430,0.07944,5.6461,-1.6844,-0.07607
858.9000,5.8370,-1.0778,1.4424,0.07945,5.6475,-1.6823,-0.07606
859.0000,5.8383,-1.0775,1.4420,0.07947,5.6492,-1.6802,-0.07602
859.1000,5.8398,-1.0771,1.4416,0.07948,5.6511,-1.6778,-0.07601
859.2000,5.8411,-1.0768,1.4413,0.07951,5.6526,-1.6754,-0.07598
859.3000,5.8427,-1.0765,1.4411,0.07953,5.6537,-1.6733,-0.07595
859.4000,5.8443,-1.0763,1.4408,0.07954,5.6541,-1.6723,-0.07595
859.5000,5.8457,-1.0763,1.4405,0.07954,5.6538,-1.6717,-0.07589
859.6000,5.8471,-1.0763,1.4402,0.07953,5.6535,-1.6711,-0.07589
859.7000,5.8486,-1.0765,1.4398,0.07952,5.6537,-1.6702,-0.07590
859.8000,5.8500,-1.0766,1.4394,0.07952,5.6542,-1.6691,-0.07591
859.9040,5.8513,-1.0767,1.4389,0.07953,5.6560,-1.6681,-0.07594
860.0000,5.8529,-1.0769,1.4385,0.07954,5.6583,-1.6677,-0.07596
860.1000,5.8542,-1.0771,1.4382,0.07954,5.6610,-1.6687,-0.07595
860.2000,5.8558,-1.0774,1.4382,0.07954,5.6633,-1.6703,-0.07596
860.3000,5.8574,-1.0779,1.4384,0.07952,5.6656,-1.6726,-0.07597
860.4000,5.8589,-1.0785,1.4389,0.07948,5.6677,-1.6751,-0.07598
860.5000,5.8607,-1.0791,1.4399,0.07946,5.6701,-1.6776,-0.07599
860.6000,5.8622,-1.0796,1.4411,0.07942,5.6730,-1.6812,-0.07602
860.7000,5.8635,-1.0800,1.4423,0.07940,5.6749,-1.6848,-0.07603
860.8000,5.8650,-1.0803,1.4442,0.07939,5.6766,-1.6886,-0.07603
860.9000,5.8662,-1.0805,1.4460,0.07937,5.6784,-1.6924,-0.07607
861.0000,5.8672,-1.0805,1.4474,0.07936,5.6805,-1.6960,-0.07608
861.1000,5.8683,-1.0803,1.4492,0.07936,5.6822,-1.6991,-0.07606
861.2000,5.8692,-1.0799,1.4510,0.07936,5.6834,-1.7015,-0.07606
861.3000,5.8698,-1.0794,1.4522,0.07938,5.6845,-1.7034,-0.07601
861.4000,5.8704,-1.0786,1.4536,0.07940,5.6854,-1.7049,-0.07597
861.5000,5.8708,-1.0778,1.4547,0.07942,5.6861,-1.7064,-0.07588
861.6000,5.8712,-1.0768,1.4558,0.07942,5.6864,-1.7076,-0.07588
861.7000,5.8715,-1.0755,1.4569,0.07943,5.6859,-1.7082,-0.07587
861.8000,5.8717,-1.0742,1.4579,0.07945,5.6848,-1.7082,-0.07583
861.9000,5.8717,-1.0729,1.4587,0.07948,5.6834,-1.7079,-0.07575
862.0000,5.8716,-1.0715,1.4595,0.07951,5.6822,-1.7073,-0.07570
862.1000,5.8715,-1.0698,1.4605,0.07953,5.6814,-1.7066,-0.07567
862.2000,5.8714,-1.0683,1.4612,0.07953,5.6809,-1.7055,-0.07565
862.3000,5.8713,-1.0667,1.4620,0.07953,5.6801,-1.7045,-0.07565
862.4000,5.8712,-1.0651,1.4627,0.07953,5.6791,-1.7038,-0.07562
862.5000,5.8710,-1.0634,1.4634,0.07954,5.6777,-1.7038,-0.07562
862.6000,5.8708,-1.0619,1.4641,0.07956,5.6765,-1.7043,-0.07559
862.7000,5.8707,-1.0603,1.4649,0.07959,5.6759,-1.7046,-0.07556
862.8000,5.8707,-1.0585,1.4659,0.07962,5.6761,-1.7043,-0.07554
862.9000,5.8707,-1.0567,1.4671,0.07966,5.6760,-1.7038,-0.07552
863.0000,5.8707,-1.0550,1.4684,0.07968,5.6755,-1.7023,-0.07547
863.1000,5.8707,-1.0531,1.4701,0.07971,5.6752,-1.6996,-0.07544
863.2000,5.8707,-1.0511,1.4719,0.07975,5.6747,-1.6957,-0.07542
863.3000,5.8707,-1.0491,1.4740,0.07979,5.6745,-1.6915,-0.07535
863.4000,5.8708,-1.0472,1.4760,0.07982,5.6748,-1.6865,-0.07533
863.5000,5.8709,-1.0453,1.4782,0.07985,5.6755,-1.6801,-0.07530
863.6040,5.8711,-1.0433,1.4805,0.07986,5.6763,-1.6744,-0.07527
863.7000,5.8713,-1.0419,1.4822,0.07985,5.6777,-1.6683,-0.07531
863.8000,5.8715,-1.0409,1.4835,0.07985,5.6797,-1.6629,-0.07535
863.9000,5.8717,-1.0400,1.4845,0.07983,5.6823,-1.6577,-0.07540
864.0000,5.8718,-1.0395,1.4852,0.07979,5.6847,-1.6539,-0.07546
864.1040,5.8721,-1.0391,1.4856,0.07976,5.6867,-1.6510,-0.07554
864.2000,5.8722,-1.0391,1.4857,0.07973,5.6884,-1.6489,-0.07565
864.3000,5.8721,-1.0394,1.4856,0.07970,5.6897,-1.6473,-0.07572
864.4000,5.8720,-1.0398,1.4854,0.07969,5.6906,-1.6459,-0.07575
864.5000,5.8719,-1.0405,1.4852,0.07968,5.6911,-1.6448,-0.07576
864.6000,5.8717,-1.0413,1.4849,0.07967,5.6915,-1.6443,-0.07579
864.7000,5.8713,-1.0423,1.4847,0.07965,5.6922,-1.6446,-0.07584
864.8000,5.8710,-1.0434,1.4846,0.07962,5.6930,-1.6456,-0.07588
864.9000,5.8707,-1.0447,1.4845,0.07960,5.6934,-1.6465,-0.07592
865.0000,5.8704,-1.0457,1.4845,0.07958,5.6943,-1.6478,-0.07597
865.1000,5.8700,-1.0469,1.4844,0.07958,5.6953,-1.6497,-0.07602
865.2000,5.8695,-1.0481,1.4842,0.07958,5.6960,-1.6528,-0.07601
865.3000,5.8689,-1.0494,1.4838,0.07958,5.6963,-1.6573,-0.07601
865.4000,5.8684,-1.0505,1.4831,0.07956,5.6962,-1.6618,-0.07604
865.5000,5.8677,-1.0515,1.4822,0.07954,5.6956,-1.6661,-0.07605
865.6000,5.8668,-1.0524,1.4808,0.07953,5.6945,-1.6688,-0.07605
865.7000,5.8659,-1.0530,1.4794,0.07952,5.6933,-1.6705,-0.07603
865.8000,5.8648,-1.0534,1.4777,0.07952,5.6922,-1.6710,-0.07602
865.9000,5.8637,-1.0536,1.4758,0.07953,5.6908,-1.6707,-0.07594
866.0000,5.8627,-1.0535,1.4740,0.07954,5.6894,-1.6699,-0.07588
866.1000,5.8615,-1.0534,1.4721,0.07956,5.6871,-1.6686,-0.07583
866.2000,5.8605,-1.0531,1.4703,0.07956,5.6848,-1.6671,-0.07574
866.3000,5.8595,-1.0528,1.4685,0.07956,5.6831,-1.6647,-0.07566
866.4000,5.8586,-1.0524,1.4667,0.07955,5.6825,-1.6626,-0.07568
866.5000,5.8578,-1.0520,1.4649,0.07955,5.6823,-1.6606,-0.07569
866.6000,5.8571,-1.0517,1.4632,0.07954,5.6822,-1.6591,-0.07568
866.7000,5.8565,-1.0515,1.4614,0.07952,5.6831,-1.6580,-0.07573
866.8000,5.8559,-1.0513,1.4594,0.07950,5.6850,-1.6569,-0.07574
866.9000,5.8554,-1.0511,1.4575,0.07948,5.6870,-1.6557,-0.07582
867.0000,5.8547,-1.0510,1.4556,0.07947,5.6892,-1.6546,-0.07586
867.1000,5.8539,-1.0509,1.4537,0.07948,5.6913,-1.6543,-0.07590
867.2000,5.8530,-1.0508,1.4517,0.07949,5.6935,-1.6552,-0.07590
867.3040,5.8520,-1.0509,1.4500,0.07950,5.6954,-1.6562,-0.07591
867.4000,5.8510,-1.0509,1.4485,0.07949,5.6966,-1.6571,-0.07590
867.5000,5.8498,-1.0510,1.4471,0.07947,5.6975,-1.6575,-0.07590
867.6000,5.8486,-1.0510,1.4459,0.07946,5.6974,-1.6577,-0.07593
867.7000,5.8472,-1.0510,1.4449,0.07945,5.6965,-1.6583,-0.07590
867.8000,5.8457,-1.0510,1.4441,0.07944,5.6943,-1.6591,-0.07585
867.9000,5.8440,-1.0509,1.4436,0.07944,5.6915,-1.6593,-0.07580
868.0000,5.8420,-1.0508,1.4432,0.07945,5.6879,-1.6590,-0.07579
868.1000,5.8404,-1.0508,1.4431,0.07945,5.6841,-1.6581,-0.07574
868.2000,5.8384,-1.0505,1.4431,0.07947,5.6802,-1.6567,-0.07570
868.3000,5.8368,-1.0503,1.4431,0.07950,5.6765,-1.6549,-0.07565
868.4000,5.8354,-1.0500,1.4431,0.07951,5.6738,-1.6532,-0.07562
868.5000,5.8339,-1.0497,1.4428,0.07951,5.6715,-1.6519,-0.07566
868.6000,5.8328,-1.0495,1.4425,0.07952,5.6694,-1.6515,-0.07566
868.7000,5.8317,-1.0492,1.4420,0.07952,5.6670,-1.6518,-0.07565
868.8000,5.8308,-1.0491,1.4413,0.07951,5.6652,-1.6524,-0.07567
868.9000,5.8300,-1.0489,1.4406,0.07949,5.6643,-1.6533,-0.07573
869.0000,5.8295,-1.0488,1.4398,0.07947,5.6641,-1.6540,-0.07578
869.1000,5.8290,-1.0487,1.4390,0.07945,5.6639,-1.6548,-0.07582
869.2000,5.8284,-1.0485,1.4380,0.07943,5.6642,-1.6559,-0.07585
869.3000,5.8278,-1.0483,1.4371,0.07941,5.6653,-1.6574,-0.07594
869.4000,5.8272,-1.0480,1.4361,0.07939,5.6667,-1.6586,-0.07595
869.5000,5.8267,-1.0476,1.4351,0.07937,5.6677,-1.6593,-0.07598
869.6000,5.8260,-1.0471,1.4340,0.07936,5.6683,-1.6599,-0.07601
869.7000,5.8252,-1.0465,1.4330,0.07936,5.6683,-1.6600,-0.07600
869.8000,5.8245,-1.0459,1.4323,0.07937,5.6672,-1.6594,-0.07599
869.9000,5.8234,-1.0451,1.4318,0.07939,5.6653,-1.6575,-0.07594
870.0000,5.8224,-1.0444,1.4317,0.07939,5.6632,-1.6549,-0.07587
870.1000,5.8215,-1.0436,1.4320,0.07941,5.6609,-1.6513,-0.07583
870.2000,5.8205,-1.0426,1.4325,0.07943,5.6588,-1.6474,-0.07576
870.3000,5.8197,-1.0418,1.4331,0.07945,5.6564,-1.6434,-0.07567
870.4000,5.8188,-1.0410,1.4341,0.07944,5.6539,-1.6400,-0.07567
870.5000,5.8181,-1.0405,1.4350,0.07942,5.6514,-1.6371,-0.07566
870.6000,5.8175,-1.0401,1.4361,0.07937,5.6484,-1.6341,-0.07572
870.7000,5.8170,-1.0398,1.4370,0.07933,5.6456,-1.6310,-0.07575
870.8000,5.8167,-1.0395,1.4378,0.07931,5.6429,-1.6276,-0.07577
870.9000,5.8166,-1.0394,1.4384,0.07937,5.6409,-1.6250,-0.07572
871.0000,5.8167,-1.0394,1.4389,0.07947,5.6383,-1.6218,-0.07565
871.1000,5.8169,-1.0394,1.4392,0.07955,5.6362,-1.6191,-0.07555
871.2000,5.8175,-1.0395,1.4394,0.07958,5.6346,-1.6177,-0.07557
871.3000,5.8185,-1.0400,1.4394,0.07955,5.6334,-1.6175,-0.07559
871.4000,5.8194,-1.0405,1.4394,0.07952,5.6325,-1.6181,-0.07568
871.5000,5.8204,-1.0411,1.4393,0.07951,5.6316,-1.6195,-0.07572
871.6000,5.8215,-1.0418,1.4391,0.07948,5.6309,-1.6214,-0.07580
871.7000,5.8227,-1.0426,1.4388,0.07944,5.6305,-1.6232,-0.07582
871.8000,5.8240,-1.0435,1.4384,0.07940,5.6304,-1.6252,-0.07588
871.9000,5.8253,-1.0443,1.4378,0.07936,5.6307,-1.6276,-0.07592
872.0000,5.8267,-1.0451,1.4369,0.07932,5.6312,-1.6310,-0.07597
872.1000,5.8281,-1.0459,1.4359,0.07928,5.6320,-1.6355,-0.07603
872.2000,5.8293,-1.0466,1.4348,0.07926,5.6330,-1.6408,-0.07606
872.3000,5.8306,-1.0471,1.4335,0.07922,5.6341,-1.6460,-0.07612
872.4000,5.8320,-1.0476,1.4323,0.07918,5.6359,-1.6511,-0.07615
872.5000,5.8332,-1.0477,1.4312,0.07916,5.6378,-1.6548,-0.07616
872.6000,5.8344,-1.0477,1.4299,0.07913,5.6396,-1.6576,-0.07618
872.7000,5.8354,-1.0473,1.4289,0.07913,5.6415,-1.6599,-0.07617
872.8000,5.8365,-1.0467,1.4279,0.07915,5.6428,-1.6609,-0.07613
872.9000,5.8374,-1.0460,1.4272,0.07917,5.6445,-1.6615,-0.07607
873.0000,5.8383,-1.0453,1.4267,0.07918,5.6462,-1.6621,-0.07600
873.1000,5.8391,-1.0444,1.4265,0.07920,5.6476,-1.6625,-0.07597
873.2000,5.8399,-1.0435,1.4264,0.07922,5.6482,-1.6629,-0.07594
873.3000,5.8406,-1.0427,1.4267,0.07922,5.6486,-1.6634,-0.07589
873.4040,5.8415,-1.0418,1.4271,0.07923,5.6481,-1.6636,-0.07581
873.5000,5.8422,-1.0410,1.4275,0.07923,5.6473,-1.6637,-0.07576
873.6000,5.8431,-1.0400,1.4276,0.07922,5.6468,-1.6633,-0.07574
873.7000,5.8440,-1.0391,1.4262,0.07920,5.6469,-1.6623,-0.07576
873.8000,5.8447,-1.0382,1.4231,0.07920,5.6474,-1.6600,-0.07577
873.9000,5.8455,-1.0372,1.4174,0.07920,5.6485,-1.6569,-0.07574
874.0000,5.8461,-1.0363,1.4119,0.07920,5.6501,-1.6537,-0.07577
874.1000,5.8469,-1.0353,1.4039,0.07919,5.6518,-1.6508,-0.07575
874.2000,5.8477,-1.0342,1.3947,0.07918,5.6532,-1.6485,-0.07580
874.3000,5.8484,-1.0335,1.3871,0.07916,5.6542,-1.6464,-0.07582
874.4000,5.8491,-1.0328,1.3796,0.07913,5.6548,-1.6444,-0.07586
874.5000,5.8500,-1.0323,1.3719,0.07911,5.6559,-1.6423,-0.07589
874.6000,5.8510,-1.0317,1.3638,0.07908,5.6576,-1.6403,-0.07592
874.7000,5.8519,-1.0313,1.3569,0.07906,5.6591,-1.6387,-0.07598
874.8000,5.8527,-1.0311,1.3518,0.07904,5.6606,-1.6376,-0.07599
874.9000,5.8538,-1.0309,1.3455,0.07901,5.6625,-1.6369,-0.07606
875.0000,5.8546,-1.0309,1.3409,0.07897,5.6646,-1.6366,-0.07614
875.1000,5.8555,-1.0309,1.3370,0.07895,5.6673,-1.6365,-0.07622
875.2000,5.8564,-1.0310,1.3332,0.07893,5.6693,-1.6365,-0.07629
875.3000,5.8570,-1.0312,1.3305,0.07892,5.6712,-1.6359,-0.07629
875.4000,5.8575,-1.0314,1.3284,0.07892,5.6738,-1.6349,-0.07631
875.5000,5.8579,-1.0317,1.3268,0.07892,5.6764,-1.6343,-0.07632
875.6000,5.8581,-1.0320,1.3258,0.07893,5.6789,-1.6340,-0.07631
875.7000,5.8581,-1.0322,1.3252,0.07893,5.6814,-1.6335,-0.07629
875.8000,5.8580,-1.0326,1.3249,0.07893,5.6837,-1.6332,-0.07628
875.9000,5.8577,-1.0329,1.3249,0.07894,5.6859,-1.6336,-0.07627
876.0000,5.8572,-1.0334,1.3251,0.07894,5.6871,-1.6345,-0.07626
876.1000,5.8565,-1.0340,1.3256,0.07893,5.6880,-1.6359,-0.07624
876.2000,5.8557,-1.0345,1.3262,0.07892,5.6875,-1.6369,-0.07621
876.3000,5.8546,-1.0351,1.3270,0.07891,5.6858,-1.6377,-0.07617
876.4000,5.8531,-1.0357,1.3280,0.07890,5.6832,-1.6384,-0.07613
876.5000,5.8518,-1.0362,1.3290,0.07889,5.6807,-1.6386,-0.07610
876.6040,5.8503,-1.0368,1.3303,0.07886,5.6789,-1.6378,-0.07612
876.7000,5.8491,-1.0372,1.3313,0.07885,5.6777,-1.6360,-0.07612
876.8000,5.8478,-1.0377,1.3327,0.07882,5.6774,-1.6341,-0.07616
876.9000,5.8468,-1.0382,1.3339,0.07881,5.6774,-1.6324,-0.07619
877.0000,5.8458,-1.0387,1.3351,0.07881,5.6777,-1.6316,-0.07624
877.1000,5.8446,-1.0396,1.3366,0.07877,5.6783,-1.6315,-0.07629
877.2000,5.8436,-1.0405,1.3376,0.07873,5.6788,-1.6319,-0.07635
877.3000,5.8424,-1.0415,1.3386,0.07870,5.6792,-1.6323,-0.07642
877.4000,5.8410,-1.0428,1.3397,0.07867,5.6798,-1.6325,-0.07648
877.5000,5.8396,-1.0440,1.3406,0.07865,5.6800,-1.6324,-0.07653
877.6000,5.8381,-1.0453,1.3415,0.07863,5.6798,-1.6318,-0.07655
877.7000,5.8365,-1.0466,1.3424,0.07860,5.6795,-1.6308,-0.07655
877.8000,5.8347,-1.0478,1.3433,0.07857,5.6785,-1.6295,-0.07658
877.9000,5.8328,-1.0492,1.3443,0.07853,5.6769,-1.6284,-0.07663
878.0000,5.8307,-1.0507,1.3453,0.07849,5.6746,-1.6279,-0.07666
878.1000,5.8287,-1.0522,1.3463,0.07846,5.6725,-1.6284,-0.07666
878.2000,5.8268,-1.0537,1.3472,0.07845,5.6700,-1.6292,-0.07664
878.3000,5.8250,-1.0554,1.3483,0.07842,5.6675,-1.6301,-0.07663
878.4000,5.8231,-1.0572,1.3495,0.07838,5.6646,-1.6316,-0.07667
878.5000,5.8211,-1.0591,1.3508,0.07836,5.6616,-1.6334,-0.07668
878.6000,5.8193,-1.0609,1.3520,0.07834,5.6584,-1.6355,-0.07672
878.7000,5.8176,-1.0627,1.3531,0.07833,5.6555,-1.6377,-0.07676
878.8000,5.8156,-1.0649,1.3542,0.07834,5.6526,-1.6401,-0.07676
878.9000,5.8141,-1.0667,1.3549,0.07835,5.6504,-1.6428,-0.07676
879.0000,5.8127,-1.0684,1.3554,0.07834,5.6485,-1.6462,-0.07679
879.1000,5.8113,-1.0704,1.3557,0.07826,5.6475,-1.6492,-0.07686
879.2000,5.8103,-1.0720,1.3560,0.07815,5.6470,-1.6527,-0.07703
879.3000,5.8094,-1.0738,1.3561,0.07801,5.6468,-1.6565,-0.07718
879.4000,5.8086,-1.0753,1.3563,0.07789,5.6461,-1.6609,-0.07734
879.5000,5.8079,-1.0766,1.3566,0.07777,5.6447,-1.6644,-0.07746
879.6000,5.8072,-1.0776,1.3569,0.07766,5.6430,-1.6677,-0.07757
879.7000,5.8066,-1.0787,1.3575,0.07753,5.6410,-1.6702,-0.07765
879.8000,5.8061,-1.0793,1.3583,0.07741,5.6389,-1.6721,-0.07773
879.9000,5.8056,-1.0798,1.3593,0.07728,5.6367,-1.6743,-0.07785
880.0000,5.8054,-1.0802,1.3606,0.07713,5.6353,-1.6763,-0.07798
880.1000,5.8054,-1.0806,1.3620,0.07696,5.6342,-1.6782,-0.07815
880.2000,5.8056,-1.0808,1.3636,0.07678,5.6338,-1.6795,-0.07836
880.3000,5.8061,-1.0809,1.3653,0.07662,5.6342,-1.6805,-0.07855
880.4000,5.8067,-1.0810,1.3673,0.07647,5.6356,-1.6809,-0.07870
880.5000,5.8074,-1.0810,1.3690,0.07636,5.6376,-1.6809,-0.07885
880.6000,5.8082,-1.0808,1.3707,0.07624,5.6398,-1.6805,-0.07896
880.7000,5.8092,-1.0806,1.3727,0.07608,5.6421,-1.6794,-0.07914
880.8000,5.8101,-1.0805,1.3744,0.07614,5.6440,-1.6779,-0.07911
880.9040,5.8110,-1.0803,1.3768,0.08016,5.6454,-1.6765,-0.07486
881.0000,5.8117,-1.0804,1.3805,0.09898,5.6462,-1.6759,-0.05878
881.1000,5.8125,-1.0811,1.3847,0.13589,5.6470,-1.6764,-0.02361
881.2000,5.8136,-1.0827,1.3885,0.18672,5.6483,-1.6775,0.02365
881.3000,5.8150,-1.0845,1.3915,0.24618,5.6505,-1.6783,0.08701
881.4000,5.8165,-1.0866,1.3939,0.31579,5.6532,-1.6788,0.15335
881.5000,5.8177,-1.0883,1.3955,0.37993,5.6563,-1.6791,0.22896
881.6000,5.8189,-1.0903,1.3972,0.45903,5.6585,-1.6794,0.29487
881.7000,5.8194,-1.0914,1.3987,0.50985,5.6596,-1.6794,0.35350
881.8000,5.8193,-1.0918,1.4001,0.55043,5.6596,-1.6787,0.39300
881.9000,5.8187,-1.0914,1.4014,0.57855,5.6587,-1.6771,0.42181
882.0000,5.8179,-1.0907,1.4021,0.59383,5.6574,-1.6755,0.43866
882.1000,5.8165,-1.0896,1.4027,0.60547,5.6558,-1.6741,0.44893
882.2000,5.8153,-1.0889,1.4029,0.61071,5.6539,-1.6727,0.45519
882.3000,5.8141,-1.0884,1.4031,0.61357,5.6519,-1.6718,0.45809
882.4000,5.8127,-1.0883,1.4033,0.61491,5.6496,-1.6713,0.45931
882.5000,5.8118,-1.0886,1.4036,0.61504,5.6472,-1.6712,0.45939
882.6000,5.8108,-1.0892,1.4040,0.61461,5.6445,-1.6717,0.45889
882.7000,5.8100,-1.0900,1.4045,0.61397,5.6420,-1.6728,0.45806
882.8000,5.8095,-1.0910,1.4051,0.61321,5.6399,-1.6739,0.45718
882.9000,5.8092,-1.0921,1.4057,0.61240,5.6374,-1.6757,0.45620
883.0000,5.8089,-1.0933,1.4062,0.61162,5.6346,-1.6780,0.45534
883.1000,5.8088,-1.0945,1.4066,0.61093,5.6319,-1.6800,0.45455
883.2000,5.8089,-1.0960,1.4069,0.61009,5.6297,-1.6824,0.45369
883.3000,5.8091,-1.0971,1.4069,0.60953,5.6281,-1.6850,0.45298
883.4000,5.8097,-1.0984,1.4068,0.60883,5.6269,-1.6878,0.45234
883.5000,5.8103,-1.0995,1.4065,0.60824,5.6257,-1.6909,0.45169
883.6000,5.8110,-1.1005,1.4061,0.60766,5.6251,-1.6934,0.45110
883.7000,5.8119,-1.1014,1.4055,0.60710,5.6250,-1.6960,0.45052
883.8000,5.8130,-1.1022,1.4047,0.60654,5.6253,-1.6987,0.45006
883.9000,5.8141,-1.1029,1.4039,0.60606,5.6256,-1.7012,0.44959
884.0000,5.8154,-1.1035,1.4029,0.60552,5.6259,-1.7036,0.44912
884.1000,5.8165,-1.1039,1.4021,0.60511,5.6265,-1.7055,0.44864
884.2000,5.8178,-1.1043,1.4011,0.60463,5.6273,-1.7070,0.44822
884.3000,5.8189,-1.1046,1.4002,0.60422,5.6280,-1.7077,0.44785
884.4000,5.8201,-1.1046,1.3994,0.60383,5.6287,-1.7076,0.44753
884.5000,5.8211,-1.1045,1.3988,0.60349,5.6298,-1.7074,0.44723
884.6000,5.8223,-1.1044,1.3984,0.60313,5.6312,-1.7070,0.44691
884.7000,5.8234,-1.1043,1.3981,0.60280,5.6326,-1.7065,0.44656
884.8000,5.8244,-1.1043,1.3980,0.60248,5.6336,-1.7058,0.44619
884.9000,5.8257,-1.1042,1.3981,0.60214,5.6341,-1.7049,0.44590
885.0000,5.8267,-1.1043,1.3985,0.60187,5.6347,-1.7035,0.44558
885.1000,5.8276,-1.1044,1.3991,0.60160,5.6358,-1.7035,0.44525
885.2000,5.8285,-1.1045,1.4000,0.60135,5.6370,-1.7048,0.44490
885.3000,5.8295,-1.1047,1.4012,0.60109,5.6387,-1.7065,0.44454
885.4000,5.8304,-1.1049,1.4027,0.60086,5.6411,-1.7087,0.44416
885.5000,5.8312,-1.1050,1.4043,0.60067,5.6439,-1.7112,0.44383
885.6000,5.8322,-1.1052,1.4064,0.60043,5.6479,-1.7140,0.44350
885.7000,5.8329,-1.1052,1.4083,0.60025,5.6520,-1.7163,0.44323
885.8000,5.8335,-1.1052,1.4103,0.60006,5.6550,-1.7183,0.44299
885.9000,5.8339,-1.1051,1.4119,0.59988,5.6573,-1.7197,0.44278
886.0000,5.8340,-1.1049,1.4134,0.59971,5.6591,-1.7203,0.44256
886.1000,5.8338,-1.1047,1.4147,0.59956,5.6597,-1.7198,0.44240
886.2000,5.8333,-1.1044,1.4158,0.59943,5.6588,-1.7190,0.44225
886.3000,5.8327,-1.1042,1.4167,0.59931,5.6569,-1.7180,0.44213
886.4000,5.8319,-1.1039,1.4176,0.59920,5.6541,-1.7170,0.44199
886.5000,5.8310,-1.1038,1.4183,0.59908,5.6512,-1.7163,0.44184
886.6000,5.8304,-1.1037,1.4189,0.59902,5.6475,-1.7155,0.44172
886.7000,5.8300,-1.1035,1.4193,0.59894,5.6445,-1.7150,0.44162
886.8040,5.8299,-1.1032,1.4197,0.59884,5.6421,-1.7143,0.44150
886.9000,5.8302,-1.1029,1.4199,0.59871,5.6403,-1.7138,0.44138
887.0000,5.8306,-1.1023,1.4202,0.59858,5.6391,-1.7136,0.44125
887.1000,5.8315,-1.1017,1.4206,0.59841,5.6384,-1.7135,0.44111
887.2000,5.8324,-1.1011,1.4209,0.59824,5.6377,-1.7135,0.44098
887.3000,5.8338,-1.1003,1.4215,0.59797,5.6370,-1.7133,0.44079
887.4000,5.8354,-1.0995,1.4220,0.59771,5.6372,-1.7124,0.44059
887.5000,5.8370,-1.0985,1.4228,0.59748,5.6377,-1.7105,0.44042
887.6040,5.8388,-1.0975,1.4237,0.59727,5.6385,-1.7080,0.44027
887.7000,5.8406,-1.0964,1.4248,0.59709,5.6398,-1.7061,0.44015
887.8000,5.8425,-1.0953,1.4260,0.59690,5.6421,-1.7050,0.44000
887.9000,5.8443,-1.0943,1.4273,0.59674,5.6454,-1.7042,0.43983
888.0000,5.8460,-1.0934,1.4286,0.59662,5.6490,-1.7034,0.43967
888.1000,5.8475,-1.0927,1.4298,0.59652,5.6531,-1.7025,0.43950
888.2000,5.8489,-1.0920,1.4308,0.59646,5.6563,-1.7019,0.43938
888.3000,5.8501,-1.0914,1.4317,0.59642,5.6588,-1.7018,0.43926
888.4000,5.8512,-1.0909,1.4327,0.59637,5.6608,-1.7022,0.43911
888.5000,5.8520,-1.0904,1.4338,0.59634,5.6623,-1.7022,0.43899
888.6000,5.8528,-1.0900,1.4350,0.59630,5.6641,-1.7017,0.43887
888.7000,5.8534,-1.0895,1.4361,0.59627,5.6657,-1.7012,0.43877
888.8000,5.8538,-1.0890,1.4372,0.59624,5.6672,-1.7012,0.43868
888.9000,5.8542,-1.0886,1.4383,0.59621,5.6684,-1.7018,0.43860
889.0000,5.8545,-1.0882,1.4393,0.59617,5.6693,-1.7030,0.43848
889.1000,5.8548,-1.0877,1.4401,0.59613,5.6700,-1.7047,0.43836
889.2000,5.8548,-1.0873,1.4405,0.59610,5.6701,-1.7066,0.43824
889.3000,5.8547,-1.0868,1.4406,0.59608,5.6701,-1.7078,0.43820
889.4000,5.8545,-1.0862,1.4405,0.59604,5.6698,-1.7084,0.43813
889.5000,5.8543,-1.0857,1.4401,0.59602,5.6695,-1.7086,0.43810
889.6000,5.8539,-1.0849,1.4396,0.59599,5.6694,-1.7084,0.43804
889.7000,5.8536,-1.0840,1.4390,0.59596,5.6692,-1.7081,0.43802
889.8000,5.8533,-1.0831,1.4383,0.59594,5.6687,-1.7081,0.43800
889.9000,5.8530,-1.0823,1.4376,0.59590,5.6679,-1.7083,0.43798
890.0000,5.8527,-1.0815,1.4369,0.59584,5.6664,-1.7089,0.43792
890.1000,5.8524,-1.0806,1.4362,0.59579,5.6646,-1.7088,0.43786
890.2000,5.8521,-1.0797,1.4356,0.59577,5.6626,-1.7079,0.43782
890.3000,5.8519,-1.0786,1.4350,0.59577,5.6611,-1.7068,0.43782
890.4000,5.8519,-1.0775,1.4345,0.59577,5.6600,-1.7054,0.43784
890.5000,5.8520,-1.0763,1.4340,0.59575,5.6595,-1.7041,0.43781
890.6000,5.8523,-1.0752,1.4332,0.59571,5.6594,-1.7028,0.43777
890.7000,5.8526,-1.0741,1.4322,0.59569,5.6597,-1.7015,0.43774
890.8040,5.8530,-1.0730,1.4308,0.59568,5.6605,-1.7003,0.43774
890.9000,5.8533,-1.0720,1.4293,0.59567,5.6615,-1.6992,0.43774
891.0000,5.8537,-1.0712,1.4278,0.59567,5.6625,-1.6977,0.43772
891.1000,5.8541,-1.0702,1.4260,0.59567,5.6638,-1.6958,0.43769
891.2000,5.8544,-1.0694,1.4243,0.59566,5.6655,-1.6939,0.43770
891.3000,5.8547,-1.0687,1.4229,0.59565,5.6671,-1.6923,0.43771
891.4000,5.8550,-1.0679,1.4214,0.59564,5.6684,-1.6910,0.43766
891.5000,5.8552,-1.0673,1.4203,0.59564,5.6701,-1.6887,0.43761
891.6000,5.8553,-1.0668,1.4195,0.59565,5.6715,-1.6861,0.43763
891.7000,5.8554,-1.0663,1.4190,0.59566,5.6725,-1.6830,0.43765
891.8000,5.8553,-1.0660,1.4187,0.59567,5.6730,-1.6799,0.43763
891.9000,5.8552,-1.0658,1.4187,0.59568,5.6731,-1.6768,0.43761
892.0000,5.8549,-1.0658,1.4189,0.59570,5.6726,-1.6743,0.43760
892.1000,5.8546,-1.0660,1.4194,0.59569,5.6716,-1.6716,0.43755
892.2000,5.8543,-1.0664,1.4202,0.59569,5.6705,-1.6690,0.43751
892.3000,5.8539,-1.0669,1.4213,0.59570,5.6695,-1.6666,0.43748
892.4000,5.8536,-1.0676,1.4226,0.59570,5.6691,-1.6635,0.43743
892.5000,5.8534,-1.0685,1.4243,0.59570,5.6693,-1.6605,0.43739
892.6000,5.8533,-1.0695,1.4260,0.59569,5.6699,-1.6578,0.43735
892.7000,5.8530,-1.0708,1.4280,0.59568,5.6710,-1.6558,0.43727
892.8000,5.8528,-1.0722,1.4300,0.59566,5.6727,-1.6547,0.43718
892.9000,5.8527,-1.0738,1.4321,0.59564,5.6751,-1.6549,0.43706
893.0000,5.8524,-1.0758,1.4345,0.59561,5.6775,-1.6560,0.43690
893.1000,5.8522,-1.0777,1.4367,0.59558,5.6802,-1.6575,0.43675
893.2000,5.8517,-1.0799,1.4389,0.59557,5.6828,-1.6594,0.43663
893.3000,5.8512,-1.0819,1.4409,0.59557,5.6849,-1.6616,0.43655
893.4000,5.8503,-1.0843,1.4427,0.59556,5.6863,-1.6637,0.43645
893.5000,5.8491,-1.0868,1.4441,0.59556,5.6864,-1.6658,0.43636
893.6000,5.8478,-1.0891,1.4452,0.59557,5.6857,-1.6683,0.43632
893.7000,5.8465,-1.0912,1.4458,0.59556,5.6839,-1.6713,0.43624
893.8000,5.8448,-1.0939,1.4463,0.59556,5.6806,-1.6748,0.43614
893.9000,5.8432,-1.0962,1.4465,0.59554,5.6762,-1.6781,0.43608
894.0000,5.8413,-1.0988,1.4464,0.59552,5.6715,-1.6809,0.43602
894.1000,5.8397,-1.1011,1.4462,0.59550,5.6668,-1.6833,0.43597
894.2040,5.8381,-1.1033,1.4458,0.59550,5.6620,-1.6854,0.43595
894.3000,5.8368,-1.1053,1.4452,0.59550,5.6582,-1.6874,0.43593
894.4000,5.8356,-1.1075,1.4444,0.59550,5.6557,-1.6898,0.43592
894.5000,5.8347,-1.1093,1.4438,0.59549,5.6541,-1.6923,0.43590
894.6000,5.8339,-1.1112,1.4431,0.59541,5.6524,-1.6953,0.43582
894.7000,5.8335,-1.1128,1.4426,0.59532,5.6516,-1.6983,0.43570
894.8000,5.8332,-1.1143,1.4423,0.59521,5.6515,-1.7013,0.43560
894.9000,5.8331,-1.1153,1.4423,0.59512,5.6512,-1.7040,0.43550
895.0000,5.8330,-1.1163,1.4425,0.59498,5.6501,-1.7065,0.43542
895.1000,5.8330,-1.1171,1.4428,0.59485,5.6491,-1.7092,0.43531
895.2000,5.8331,-1.1177,1.4434,0.59471,5.6486,-1.7119,0.43524
895.3000,5.8332,-1.1181,1.4442,0.59455,5.6488,-1.7147,0.43513
895.4000,5.8335,-1.1183,1.4452,0.59440,5.6493,-1.7173,0.43503
895.5000,5.8339,-1.1182,1.4460,0.59428,5.6502,-1.7193,0.43490
895.6000,5.8343,-1.1180,1.4469,0.59416,5.6518,-1.7212,0.43476
895.7000,5.8346,-1.1178,1.4475,0.59410,5.6542,-1.7227,0.43470
895.8000,5.8348,-1.1175,1.4478,0.59406,5.6563,-1.7239,0.43463
895.9000,5.8348,-1.1172,1.4478,0.59405,5.6581,-1.7247,0.43463
896.0000,5.8347,-1.1169,1.4475,0.59404,5.6593,-1.7256,0.43459
896.1000,5.8344,-1.1164,1.4469,0.59403,5.6597,-1.7258,0.43453
896.2000,5.8340,-1.1158,1.4461,0.59401,5.6599,-1.7253,0.43455
896.3000,5.8336,-1.1151,1.4453,0.59397,5.6604,-1.7243,0.43452
896.4000,5.8332,-1.1143,1.4443,0.59390,5.6614,-1.7231,0.43449
896.5000,5.8329,-1.1131,1.4433,0.59383,5.6623,-1.7216,0.43446
896.6000,5.8325,-1.1121,1.4424,0.59377,5.6624,-1.7202,0.43441
896.7000,5.8319,-1.1109,1.4415,0.59373,5.6621,-1.7191,0.43439
896.8000,5.8314,-1.1099,1.4407,0.59374,5.6618,-1.7181,0.43441
896.9000,5.8308,-1.1087,1.4400,0.59376,5.6617,-1.7175,0.43442
897.0000,5.8303,-1.1075,1.4395,0.59373,5.6621,-1.7176,0.43437
897.1000,5.8299,-1.1064,1.4390,0.59365,5.6637,-1.7179,0.43427
897.2000,5.8295,-1.1053,1.4385,0.59355,5.6661,-1.7182,0.43412
897.3000,5.8291,-1.1044,1.4380,0.59341,5.6688,-1.7188,0.43394
897.4040,5.8286,-1.1031,1.4371,0.59326,5.6708,-1.7191,0.43376
897.5000,5.8279,-1.1021,1.4362,0.59312,5.6720,-1.7188,0.43359
897.6000,5.8273,-1.1009,1.4352,0.59297,5.6724,-1.7181,0.43343
897.7000,5.8263,-1.0994,1.4342,0.59278,5.6725,-1.7171,0.43324
897.8000,5.8255,-1.0980,1.4334,0.59260,5.6728,-1.7157,0.43304
897.9000,5.8244,-1.0960,1.4327,0.59237,5.6734,-1.7142,0.43283
898.0000,5.8235,-1.0943,1.4324,0.59212,5.6733,-1.7116,0.43259
898.1000,5.8227,-1.0924,1.4323,0.59178,5.6725,-1.7090,0.43227
898.2000,5.8218,-1.0903,1.4326,0.59137,5.6704,-1.7063,0.43192
898.3000,5.8211,-1.0881,1.4332,0.59093,5.6677,-1.7037,0.43155
898.4000,5.8204,-1.0859,1.4341,0.59047,5.6656,-1.7010,0.43115
898.5000,5.8199,-1.0832,1.4354,0.58994,5.6639,-1.6975,0.43073
898.6000,5.8196,-1.0809,1.4368,0.58946,5.6630,-1.6938,0.43030
898.7000,5.8195,-1.0786,1.4383,0.58896,5.6628,-1.6891,0.42982
898.8000,5.8196,-1.0762,1.4398,0.58849,5.6630,-1.6840,0.42938
898.9000,5.8198,-1.0739,1.4414,0.58803,5.6630,-1.6785,0.42897
899.0000,5.8201,-1.0715,1.4431,0.58759,5.6626,-1.6728,0.42855
899.1000,5.8206,-1.0693,1.4448,0.58711,5.6615,-1.6685,0.42814
899.2000,5.8212,-1.0673,1.4466,0.58651,5.6599,-1.6654,0.42758
899.3000,5.8220,-1.0656,1.4482,0.58593,5.6588,-1.6630,0.42683
899.4000,5.8230,-1.0639,1.4501,0.58532,5.6580,-1.6621,0.42623
899.5000,5.8242,-1.0622,1.4522,0.58468,5.6571,-1.6616,0.42550
899.6000,5.8257,-1.0607,1.4542,0.58413,5.6566,-1.6614,0.42492
899.7000,5.8272,-1.0593,1.4562,0.58370,5.6556,-1.6612,0.42437
899.8000,5.8287,-1.0579,1.4582,0.58330,5.6546,-1.6618,0.42394
899.9000,5.8300,-1.0566,1.4602,0.58302,5.6542,-1.6628,0.42357
900.0000,5.8316,-1.0549,1.4625,0.58272,5.6545,-1.6635,0.42326
900.1000,5.8332,-1.0534,1.4648,0.58246,5.6555,-1.6635,0.42295
900.2000,5.8347,-1.0519,1.4668,0.58225,5.6568,-1.6634,0.42269
900.3000,5.8368,-1.0498,1.4694,0.58203,5.6584,-1.6637,0.42250
900.4000,5.8386,-1.0479,1.4715,0.58190,5.6605,-1.6637,0.42239
900.5000,5.8403,-1.0462,1.4735,0.58179,5.6628,-1.6626,0.42226
900.6000,5.8421,-1.0441,1.4756,0.58171,5.6640,-1.6603,0.42222
900.7000,5.8435,-1.0422,1.4771,0.58171,5.6646,-1.6571,0.42226
900.8000,5.8447,-1.0405,1.4784,0.58172,5.6648,-1.6530,0.42230
900.9000,5.8459,-1.0387,1.4796,0.58172,5.6647,-1.6491,0.42231
901.0000,5.8468,-1.0374,1.4805,0.58173,5.6650,-1.6453,0.42232
901.1000,5.8480,-1.0359,1.4814,0.58173,5.6654,-1.6409,0.42231
901.2000,5.8490,-1.0350,1.4820,0.58172,5.6659,-1.6376,0.42225
901.3000,5.8501,-1.0341,1.4827,0.58172,5.6662,-1.6348,0.42221
901.4000,5.8514,-1.0334,1.4836,0.58172,5.6668,-1.6329,0.42214
901.5000,5.8526,-1.0330,1.4845,0.58171,5.6679,-1.6320,0.42208
901.6000,5.8537,-1.0328,1.4854,0.58170,5.6689,-1.6320,0.42199
901.7000,5.8550,-1.0327,1.4865,0.58169,5.6699,-1.6325,0.42191
901.8000,5.8564,-1.0328,1.4876,0.58169,5.6704,-1.6333,0.42184
901.9000,5.8578,-1.0329,1.4890,0.58168,5.6708,-1.6342,0.42178
902.0000,5.8591,-1.0331,1.4902,0.58168,5.6716,-1.6349,0.42175
902.1000,5.8604,-1.0332,1.4914,0.58167,5.6727,-1.6353,0.42173
902.2000,5.8619,-1.0334,1.4929,0.58166,5.6745,-1.6352,0.42168
902.3000,5.8633,-1.0335,1.4946,0.58165,5.6768,-1.6352,0.42166
902.4000,5.8648,-1.0335,1.4963,0.58165,5.6793,-1.6347,0.42164
902.5000,5.8661,-1.0335,1.4979,0.58164,5.6812,-1.6341,0.42160
902.6000,5.8675,-1.0335,1.4998,0.58164,5.6830,-1.6338,0.42162
902.7000,5.8687,-1.0335,1.5014,0.58163,5.6840,-1.6339,0.42159
902.8000,5.8700,-1.0336,1.5028,0.58163,5.6843,-1.6341,0.42157
902.9000,5.8711,-1.0337,1.5039,0.58163,5.6843,-1.6346,0.42156
903.0000,5.8719,-1.0338,1.5047,0.58163,5.6841,-1.6349,0.42157
903.1000,5.8729,-1.0340,1.5052,0.58163,5.6843,-1.6348,0.42153
903.2000,5.8737,-1.0341,1.5055,0.58163,5.6849,-1.6339,0.42148
903.3000,5.8746,-1.0342,1.5055,0.58163,5.6858,-1.6323,0.42146
903.4000,5.8754,-1.0343,1.5054,0.58164,5.6870,-1.6298,0.42148
903.5000,5.8763,-1.0344,1.5050,0.58165,5.6881,-1.6269,0.42149
903.6000,5.8773,-1.0346,1.5044,0.58163,5.6891,-1.6247,0.42149
903.7000,5.8782,-1.0348,1.5037,0.58161,5.6899,-1.6233,0.42146
903.8000,5.8790,-1.0351,1.5030,0.58159,5.6908,-1.6226,0.42140
903.9000,5.8799,-1.0356,1.5021,0.58158,5.6920,-1.6227,0.42137
904.0000,5.8809,-1.0363,1.5010,0.58155,5.6939,-1.6233,0.42130
904.1000,5.8817,-1.0370,1.5001,0.58152,5.6960,-1.6247,0.42120
904.2000,5.8825,-1.0379,1.4993,0.58151,5.6980,-1.6266,0.42112
904.3000,5.8834,-1.0389,1.4985,0.58148,5.7005,-1.6291,0.42103
904.4000,5.8840,-1.0396,1.4981,0.58147,5.7034,-1.6324,0.42097
904.5000,5.8846,-1.0405,1.4978,0.58147,5.7059,-1.6355,0.42089
904.6000,5.8850,-1.0413,1.4978,0.58147,5.7080,-1.6386,0.42088
904.7000,5.8852,-1.0421,1.4978,0.58148,5.7102,-1.6422,0.42083
904.8000,5.8852,-1.0428,1.4980,0.58148,5.7115,-1.6458,0.42086
904.9000,5.8850,-1.0432,1.4983,0.58150,5.7116,-1.6493,0.42086
905.0000,5.8846,-1.0435,1.4985,0.58150,5.7114,-1.6517,0.42086
905.1000,5.8839,-1.0437,1.4987,0.58151,5.7115,-1.6530,0.42088
905.2000,5.8831,-1.0437,1.4988,0.58152,5.7121,-1.6534,0.42087
905.3000,5.8822,-1.0437,1.4989,0.58154,5.7130,-1.6532,0.42088
905.4000,5.8811,-1.0435,1.4989,0.58156,5.7137,-1.6526,0.42090
905.5000,5.8799,-1.0432,1.4987,0.58158,5.7140,-1.6525,0.42094
905.6000,5.8787,-1.0429,1.4983,0.58160,5.7139,-1.6529,0.42094
905.7000,5.8774,-1.0425,1.4977,0.58161,5.7129,-1.6535,0.42096
905.8000,5.8760,-1.0422,1.4971,0.58163,5.7114,-1.6540,0.42095
905.9000,5.8744,-1.0417,1.4965,0.58167,5.7090,-1.6550,0.42100
906.0000,5.8727,-1.0413,1.4959,0.58171,5.7063,-1.6561,0.42105
906.1000,5.8711,-1.0410,1.4953,0.58175,5.7028,-1.6575,0.42112
906.2000,5.8693,-1.0406,1.4948,0.58178,5.6994,-1.6589,0.42113
906.3000,5.8678,-1.0402,1.4943,0.58182,5.6963,-1.6598,0.42117
906.4040,5.8665,-1.0397,1.4939,0.58186,5.6927,-1.6603,0.42118
906.5000,5.8650,-1.0392,1.4933,0.58191,5.6895,-1.6608,0.42123
906.6000,5.8637,-1.0385,1.4929,0.58195,5.6865,-1.6611,0.42130
906.7000,5.8627,-1.0379,1.4926,0.58198,5.6824,-1.6606,0.42135
906.8000,5.8617,-1.0371,1.4921,0.58201,5.6785,-1.6597,0.42141
906.9000,5.8610,-1.0363,1.4910,0.58203,5.6748,-1.6588,0.42147
907.0000,5.8603,-1.0355,1.4891,0.58204,5.6711,-1.6579,0.42153
907.1000,5.8598,-1.0348,1.4865,0.58205,5.6682,-1.6572,0.42157
907.2000,5.8594,-1.0340,1.4826,0.58203,5.6659,-1.6563,0.42159
907.3040,5.8592,-1.0333,1.4792,0.58201,5.6643,-1.6551,0.42159
907.4000,5.8593,-1.0325,1.4751,0.58199,5.6636,-1.6536,0.42156
907.5000,5.8595,-1.0317,1.4716,0.58198,5.6633,-1.6515,0.42154
907.6000,5.8600,-1.0309,1.4675,0.58198,5.6633,-1.6494,0.42157
907.7000,5.8605,-1.0301,1.4638,0.58198,5.6635,-1.6479,0.42157
907.8000,5.8611,-1.0295,1.4599,0.58198,5.6645,-1.6471,0.42156
907.9000,5.8619,-1.0290,1.4562,0.58197,5.6663,-1.6459,0.42150
908.0000,5.8628,-1.0284,1.4523,0.58198,5.6672,-1.6443,0.42147
908.1000,5.8637,-1.0278,1.4484,0.58199,5.6678,-1.6414,0.42147
908.2000,5.8647,-1.0273,1.4453,0.58202,5.6685,-1.6384,0.42153
908.3000,5.8658,-1.0266,1.4418,0.58207,5.6704,-1.6340,0.42161
908.4000,5.8668,-1.0260,1.4390,0.58210,5.6721,-1.6305,0.42168
908.5000,5.8677,-1.0255,1.4364,0.58213,5.6744,-1.6274,0.42175
908.6000,5.8689,-1.0252,1.4336,0.58212,5.6771,-1.6248,0.42172
908.7000,5.8700,-1.0252,1.4313,0.58209,5.6805,-1.6222,0.42169
908.8000,5.8711,-1.0253,1.4293,0.58207,5.6847,-1.6200,0.42164
908.9000,5.8722,-1.0257,1.4269,0.58205,5.6885,-1.6190,0.42158
909.0000,5.8731,-1.0261,1.4250,0.58203,5.6928,-1.6193,0.42150
909.1000,5.8741,-1.0269,1.4227,0.58199,5.6962,-1.6209,0.42143
909.2000,5.8748,-1.0277,1.4210,0.58196,5.6995,-1.6236,0.42130
909.3000,5.8754,-1.0288,1.4191,0.58192,5.7017,-1.6267,0.42117
909.4000,5.8757,-1.0297,1.4177,0.58190,5.7029,-1.6296,0.42106
909.5000,5.8759,-1.0308,1.4164,0.58189,5.7034,-1.6309,0.42101
909.6000,5.8759,-1.0318,1.4152,0.58190,5.7034,-1.6311,0.42102
909.7000,5.8758,-1.0326,1.4144,0.58191,5.7032,-1.6304,0.42104
909.8000,5.8755,-1.0335,1.4134,0.58194,5.7032,-1.6285,0.42106
909.9040,5.8751,-1.0345,1.4123,0.58195,5.7034,-1.6254,0.42108
910.0000,5.8748,-1.0353,1.4113,0.58194,5.7039,-1.6228,0.42107
910.1000,5.8743,-1.0364,1.4102,0.58193,5.7042,-1.6208,0.42105
910.2000,5.8739,-1.0377,1.4089,0.58189,5.7041,-1.6197,0.42101
910.3000,5.8734,-1.0390,1.4078,0.58186,5.7035,-1.6198,0.42092
910.4000,5.8729,-1.0405,1.4067,0.58182,5.7023,-1.6209,0.42086
910.5000,5.8722,-1.0423,1.4055,0.58181,5.7009,-1.6222,0.42080
910.6000,5.8717,-1.0439,1.4046,0.58180,5.6995,-1.6237,0.42075
910.7000,5.8711,-1.0456,1.4039,0.58180,5.6986,-1.6258,0.42070
910.8000,5.8707,-1.0470,1.4036,0.58179,5.6992,-1.6280,0.42067
910.9000,5.8702,-1.0486,1.4036,0.58179,5.7009,-1.6304,0.42061
911.0000,5.8699,-1.0498,1.4040,0.58177,5.7033,-1.6323,0.42058
911.1000,5.8695,-1.0511,1.4048,0.58175,5.7067,-1.6340,0.42053
911.2000,5.8692,-1.0522,1.4061,0.58173,5.7103,-1.6350,0.42050
911.3000,5.8687,-1.0533,1.4078,0.58173,5.7131,-1.6357,0.42049
911.4000,5.8679,-1.0543,1.4100,0.58174,5.7155,-1.6364,0.42050
911.5000,5.8669,-1.0554,1.4127,0.58173,5.7175,-1.6374,0.42048
911.6000,5.8658,-1.0563,1.4152,0.58173,5.7183,-1.6388,0.42046
911.7000,5.8646,-1.0572,1.4177,0.58173,5.7188,-1.6409,0.42048
911.8000,5.8628,-1.0583,1.4210,0.58173,5.7191,-1.6425,0.42050
911.9000,5.8610,-1.0593,1.4238,0.58172,5.7192,-1.6440,0.42048
912.0000,5.8592,-1.0603,1.4265,0.58172,5.7190,-1.6455,0.42046
912.1000,5.8571,-1.0612,1.4292,0.58172,5.7184,-1.6470,0.42048
912.2000,5.8549,-1.0622,1.4319,0.58172,5.7174,-1.6486,0.42044
912.3000,5.8526,-1.0631,1.4345,0.58173,5.7159,-1.6504,0.42043
912.4000,5.8502,-1.0640,1.4370,0.58172,5.7142,-1.6527,0.42044
912.5000,5.8478,-1.0649,1.4394,0.58171,5.7127,-1.6549,0.42043
912.6000,5.8451,-1.0659,1.4418,0.58171,5.7110,-1.6576,0.42042
912.7000,5.8423,-1.0667,1.4440,0.58172,5.7088,-1.6601,0.42045
912.8000,5.8398,-1.0675,1.4459,0.58172,5.7060,-1.6622,0.42041
912.9000,5.8370,-1.0682,1.4478,0.58173,5.7023,-1.6636,0.42044
913.0000,5.8341,-1.0690,1.4497,0.58175,5.6972,-1.6642,0.42050
913.1000,5.8310,-1.0696,1.4515,0.58179,5.6920,-1.6646,0.42057
913.2000,5.8284,-1.0702,1.4530,0.58181,5.6866,-1.6654,0.42065
913.3000,5.8254,-1.0708,1.4550,0.58176,5.6812,-1.6663,0.42060
913.4000,5.8224,-1.0715,1.4572,0.58163,5.6759,-1.6669,0.42051
913.5000,5.8205,-1.0719,1.4589,0.58154,5.6714,-1.6672,0.42043
913.6000,5.8185,-1.0723,1.4608,0.58142,5.6669,-1.6676,0.42029
913.7000,5.8167,-1.0726,1.4628,0.58124,5.6625,-1.6679,0.42014
913.8000,5.8155,-1.0726,1.4644,0.58099,5.6579,-1.6676,0.41994
913.9000,5.8145,-1.0724,1.4659,0.58060,5.6531,-1.6661,0.41959
914.0000,5.8140,-1.0720,1.4672,0.58005,5.6496,-1.6642,0.41917
914.1000,5.8140,-1.0714,1.4680,0.57947,5.6470,-1.6628,0.41864
914.2000,5.8145,-1.0707,1.4686,0.57886,5.6450,-1.6623,0.41800
914.3000,5.8154,-1.0700,1.4688,0.57825,5.6437,-1.6628,0.41732
914.4000,5.8166,-1.0693,1.4685,0.57767,5.6427,-1.6634,0.41673
914.5000,5.8181,-1.0686,1.4676,0.57709,5.6421,-1.6632,0.41616
914.6000,5.8199,-1.0678,1.4665,0.57658,5.6420,-1.6619,0.41571
914.7000,5.8216,-1.0669,1.4652,0.57614,5.6421,-1.6602,0.41535
914.8000,5.8237,-1.0660,1.4640,0.57573,5.6427,-1.6580,0.41495
914.9000,5.8260,-1.0649,1.4627,0.57533,5.6435,-1.6565,0.41456
915.0000,5.8287,-1.0640,1.4616,0.57495,5.6444,-1.6559,0.41425
915.1000,5.8310,-1.0632,1.4609,0.57470,5.6450,-1.6560,0.41393
915.2000,5.8333,-1.0626,1.4606,0.57451,5.6452,-1.6569,0.41370
915.3000,5.8359,-1.0620,1.4606,0.57433,5.6455,-1.6584,0.41347
915.4000,5.8385,-1.0616,1.4609,0.57419,5.6464,-1.6599,0.41329
915.5000,5.8410,-1.0611,1.4613,0.57411,5.6476,-1.6609,0.41321
915.6000,5.8430,-1.0608,1.4617,0.57406,5.6491,-1.6620,0.41310
915.7000,5.8455,-1.0605,1.4624,0.57403,5.6504,-1.6628,0.41303
915.8000,5.8475,-1.0603,1.4631,0.57405,5.6512,-1.6631,0.41302
915.9000,5.8495,-1.0601,1.4639,0.57407,5.6522,-1.6630,0.41304
916.0000,5.8515,-1.0598,1.4646,0.57409,5.6535,-1.6629,0.41306
916.1000,5.8535,-1.0596,1.4653,0.57412,5.6554,-1.6629,0.41309
916.2000,5.8553,-1.0595,1.4659,0.57413,5.6575,-1.6623,0.41308
916.3000,5.8573,-1.0594,1.4664,0.57414,5.6594,-1.6611,0.41308
916.4000,5.8589,-1.0593,1.4668,0.57416,5.6613,-1.6602,0.41307
916.5000,5.8608,-1.0593,1.4673,0.57416,5.6635,-1.6597,0.41309
916.6000,5.8623,-1.0594,1.4675,0.57415,5.6655,-1.6596,0.41308
916.7000,5.8641,-1.0595,1.4676,0.57414,5.6673,-1.6595,0.41304
916.8000,5.8658,-1.0597,1.4676,0.57412,5.6687,-1.6593,0.41301
916.9000,5.8676,-1.0599,1.4673,0.57411,5.6699,-1.6586,0.41300
917.0000,5.8691,-1.0602,1.4669,0.57411,5.6710,-1.6577,0.41297
917.1000,5.8708,-1.0604,1.4663,0.57410,5.6719,-1.6566,0.41298
917.2000,5.8721,-1.0607,1.4657,0.57411,5.6731,-1.6548,0.41297
917.3000,5.8737,-1.0609,1.4649,0.57413,5.6746,-1.6522,0.41298
917.4000,5.8752,-1.0612,1.4639,0.57414,5.6768,-1.6493,0.41297
917.5000,5.8766,-1.0615,1.4629,0.57415,5.6793,-1.6477,0.41294
917.6000,5.8783,-1.0620,1.4616,0.57416,5.6829,-1.6472,0.41291
917.7000,5.8797,-1.0627,1.4604,0.57415,5.6867,-1.6476,0.41286
917.8000,5.8809,-1.0634,1.4594,0.57414,5.6910,-1.6483,0.41282
917.9000,5.8819,-1.0642,1.4585,0.57413,5.6946,-1.6491,0.41275
918.0000,5.8830,-1.0651,1.4575,0.57414,5.6975,-1.6504,0.41270
918.1000,5.8838,-1.0662,1.4567,0.57415,5.6993,-1.6516,0.41268
918.2000,5.8844,-1.0673,1.4559,0.57416,5.7002,-1.6527,0.41267
918.3000,5.8848,-1.0683,1.4553,0.57418,5.6996,-1.6539,0.41270
918.4000,5.8850,-1.0693,1.4548,0.57419,5.6977,-1.6555,0.41272
918.5000,5.8851,-1.0705,1.4545,0.57421,5.6951,-1.6571,0.41276
918.6000,5.8852,-1.0715,1.4543,0.57422,5.6927,-1.6587,0.41276
918.7000,5.8853,-1.0725,1.4542,0.57422,5.6908,-1.6604,0.41277
918.8000,5.8855,-1.0735,1.4544,0.57422,5.6894,-1.6619,0.41275
918.9000,5.8858,-1.0744,1.4547,0.57421,5.6889,-1.6626,0.41273
919.0000,5.8862,-1.0753,1.4552,0.57420,5.6891,-1.6625,0.41269
919.1000,5.8867,-1.0761,1.4559,0.57419,5.6897,-1.6614,0.41266
919.2000,5.8874,-1.0769,1.4569,0.57418,5.6912,-1.6588,0.41261
919.3000,5.8879,-1.0777,1.4579,0.57419,5.6926,-1.6564,0.41259
919.4000,5.8886,-1.0787,1.4590,0.57420,5.6950,-1.6537,0.41260
919.5000,5.8892,-1.0797,1.4600,0.57422,5.6967,-1.6521,0.41262
919.6000,5.8897,-1.0808,1.4608,0.57423,5.6982,-1.6514,0.41258
919.7000,5.8901,-1.0822,1.4614,0.57423,5.6998,-1.6515,0.41256
919.8000,5.8905,-1.0838,1.4619,0.57422,5.7016,-1.6526,0.41251
919.9000,5.8909,-1.0856,1.4623,0.57419,5.7028,-1.6551,0.41243
920.0000,5.8911,-1.0873,1.4626,0.57417,5.7038,-1.6588,0.41235
920.1000,5.8912,-1.0893,1.4630,0.57415,5.7048,-1.6632,0.41229
920.2000,5.8912,-1.0913,1.4634,0.57413,5.7056,-1.6672,0.41222
920.3000,5.8910,-1.0933,1.4638,0.57416,5.7058,-1.6714,0.41223
920.4000,5.8907,-1.0949,1.4644,0.57418,5.7055,-1.6755,0.41221
920.5000,5.8904,-1.0966,1.4651,0.57419,5.7047,-1.6797,0.41224
920.6000,5.8900,-1.0978,1.4659,0.57420,5.7037,-1.6838,0.41225
920.7000,5.8894,-1.0991,1.4668,0.57422,5.7024,-1.6873,0.41230
920.8000,5.8888,-1.1004,1.4680,0.57424,5.7009,-1.6906,0.41233
920.9000,5.8882,-1.1013,1.4690,0.57426,5.6994,-1.6941,0.41238
921.0000,5.8875,-1.1021,1.4698,0.57428,5.6978,-1.6979,0.41244
921.1000,5.8867,-1.1029,1.4707,0.57428,5.6963,-1.7014,0.41246
921.2000,5.8859,-1.1035,1.4714,0.57428,5.6950,-1.7041,0.41251
921.3000,5.8852,-1.1039,1.4719,0.57428,5.6935,-1.7069,0.41257
921.4000,5.8845,-1.1042,1.4720,0.57427,5.6920,-1.7093,0.41260
921.5000,5.8838,-1.1043,1.4720,0.57427,5.6901,-1.7116,0.41262
921.6000,5.8829,-1.1043,1.4717,0.57427,5.6882,-1.7139,0.41263
921.7000,5.8823,-1.1042,1.4712,0.57428,5.6864,-1.7156,0.41267
921.8000,5.8817,-1.1038,1.4704,0.57430,5.6843,-1.7172,0.41274
921.9000,5.8812,-1.1034,1.4696,0.57432,5.6821,-1.7182,0.41278
922.0000,5.8807,-1.1027,1.4683,0.57435,5.6791,-1.7188,0.41288
922.1000,5.8805,-1.1020,1.4671,0.57438,5.6764,-1.7191,0.41299
922.2000,5.8803,-1.1009,1.4655,0.57439,5.6736,-1.7189,0.41304
922.3000,5.8804,-1.0998,1.4639,0.57440,5.6717,-1.7176,0.41311
922.4000,5.8807,-1.0986,1.4623,0.57443,5.6708,-1.7150,0.41316
922.5000,5.8811,-1.0974,1.4608,0.57445,5.6706,-1.7120,0.41322
922.6000,5.8817,-1.0959,1.4590,0.57447,5.6716,-1.7087,0.41325
922.7000,5.8824,-1.0946,1.4576,0.57448,5.6738,-1.7049,0.41326
922.8000,5.8832,-1.0933,1.4563,0.57448,5.6769,-1.7017,0.41321
922.9000,5.8840,-1.0922,1.4553,0.57447,5.6804,-1.6987,0.41316
923.0000,5.8847,-1.0912,1.4543,0.57446,5.6827,-1.6962,0.41311
923.1000,5.8854,-1.0904,1.4537,0.57445,5.6842,-1.6943,0.41306
923.2000,5.8858,-1.0898,1.4533,0.57445,5.6851,-1.6931,0.41307
923.3000,5.8861,-1.0892,1.4531,0.57444,5.6859,-1.6923,0.41304
923.4000,5.8863,-1.0888,1.4532,0.57444,5.6863,-1.6917,0.41300
923.5000,5.8865,-1.0883,1.4535,0.57445,5.6866,-1.6915,0.41296
923.6000,5.8866,-1.0879,1.4538,0.57447,5.6870,-1.6918,0.41296
923.7000,5.8866,-1.0876,1.4540,0.57448,5.6875,-1.6925,0.41293
923.8000,5.8866,-1.0873,1.4541,0.57450,5.6881,-1.6926,0.41295
923.9000,5.8866,-1.0869,1.4539,0.57453,5.6886,-1.6923,0.41300
924.0000,5.8866,-1.0865,1.4536,0.57455,5.6892,-1.6919,0.41303
924.1000,5.8865,-1.0861,1.4532,0.57456,5.6897,-1.6916,0.41302
924.2000,5.8865,-1.0857,1.4527,0.57457,5.6901,-1.6916,0.41302
924.3000,5.8865,-1.0853,1.4523,0.57458,5.6904,-1.6918,0.41306
924.4000,5.8864,-1.0849,1.4520,0.57458,5.6907,-1.6919,0.41308
924.5000,5.8864,-1.0845,1.4518,0.57458,5.6910,-1.6923,0.41309
924.6000,5.8864,-1.0841,1.4518,0.57458,5.6917,-1.6924,0.41311
924.7000,5.8864,-1.0836,1.4520,0.57458,5.6927,-1.6926,0.41310
924.8000,5.8864,-1.0832,1.4524,0.57457,5.6936,-1.6932,0.41311
924.9000,5.8864,-1.0829,1.4531,0.57455,5.6943,-1.6931,0.41310
925.0000,5.8863,-1.0826,1.4540,0.57454,5.6948,-1.6924,0.41308
925.1000,5.8863,-1.0822,1.4552,0.57455,5.6957,-1.6909,0.41311
925.2000,5.8862,-1.0819,1.4566,0.57456,5.6969,-1.6880,0.41312
925.3000,5.8861,-1.0816,1.4581,0.57456,5.6978,-1.6848,0.41315
925.4000,5.8859,-1.0814,1.4596,0.57457,5.6978,-1.6817,0.41317
925.5040,5.8858,-1.0815,1.4611,0.57457,5.6976,-1.6796,0.41318
925.6000,5.8856,-1.0817,1.4626,0.57457,5.6974,-1.6789,0.41315
925.7000,5.8855,-1.0822,1.4641,0.57456,5.6974,-1.6792,0.41311
925.8000,5.8854,-1.0828,1.4656,0.57455,5.6980,-1.6796,0.41304
925.9000,5.8853,-1.0837,1.4670,0.57454,5.6996,-1.6803,0.41296
926.0000,5.8853,-1.0846,1.4682,0.57452,5.7017,-1.6813,0.41289
926.1000,5.8853,-1.0856,1.4690,0.57450,5.7039,-1.6830,0.41281
926.2000,5.8852,-1.0870,1.4697,0.57448,5.7055,-1.6855,0.41275
926.3000,5.8851,-1.0880,1.4698,0.57446,5.7064,-1.6885,0.41270
926.4000,5.8850,-1.0893,1.4696,0.57444,5.7069,-1.6913,0.41263
926.5000,5.8847,-1.0903,1.4690,0.57444,5.7073,-1.6942,0.41263
926.6000,5.8845,-1.0914,1.4681,0.57443,5.7079,-1.6974,0.41262
926.7000,5.8841,-1.0924,1.4669,0.57441,5.7084,-1.7007,0.41259
926.8000,5.8836,-1.0935,1.4653,0.57439,5.7089,-1.7039,0.41259
926.9000,5.8832,-1.0942,1.4640,0.57438,5.7095,-1.7063,0.41257
927.0000,5.8828,-1.0948,1.4625,0.57438,5.7102,-1.7082,0.41255
927.1000,5.8823,-1.0953,1.4608,0.57439,5.7105,-1.7095,0.41258
927.2000,5.8818,-1.0957,1.4592,0.57441,5.7106,-1.7107,0.41265
927.3000,5.8812,-1.0960,1.4572,0.57441,5.7103,-1.7118,0.41271
927.4000,5.8805,-1.0963,1.4552,0.57441,5.7094,-1.7124,0.41277
927.5000,5.8797,-1.0964,1.4534,0.57439,5.7074,-1.7125,0.41282
927.6000,5.8788,-1.0966,1.4517,0.57435,5.7051,-1.7125,0.41284
927.7000,5.8780,-1.0968,1.4502,0.57431,5.7029,-1.7128,0.41284
927.8000,5.8771,-1.0970,1.4490,0.57427,5.7008,-1.7136,0.41286
927.9000,5.8763,-1.0972,1.4482,0.57424,5.6997,-1.7145,0.41285
928.0000,5.8754,-1.0975,1.4475,0.57421,5.6991,-1.7154,0.41278
928.1000,5.8747,-1.0977,1.4472,0.57420,5.6984,-1.7160,0.41277
928.2000,5.8740,-1.0979,1.4471,0.57419,5.6977,-1.7166,0.41276
928.3000,5.8732,-1.0981,1.4471,0.57419,5.6972,-1.7169,0.41276
928.4000,5.8724,-1.0982,1.4473,0.57420,5.6972,-1.7167,0.41276
928.5000,5.8717,-1.0983,1.4474,0.57422,5.6975,-1.7157,0.41275
928.6000,5.8709,-1.0984,1.4475,0.57424,5.6978,-1.7139,0.41277
928.7000,5.8699,-1.0984,1.4475,0.57427,5.6986,-1.7112,0.41280
928.8000,5.8689,-1.0985,1.4475,0.57428,5.6998,-1.7091,0.41279
928.9000,5.8679,-1.0987,1.4474,0.57428,5.7009,-1.7069,0.41279
929.0000,5.8668,-1.0989,1.4472,0.57428,5.7016,-1.7050,0.41278
929.1000,5.8655,-1.0992,1.4468,0.57428,5.7017,-1.7034,0.41279
929.2000,5.8643,-1.0996,1.4463,0.57427,5.7014,-1.7023,0.41275
929.3000,5.8628,-1.1001,1.4457,0.57426,5.7011,-1.7016,0.41274
929.4000,5.8615,-1.1006,1.4451,0.57426,5.7010,-1.7012,0.41272
929.5000,5.8598,-1.1012,1.4442,0.57427,5.7005,-1.7011,0.41273
929.6000,5.8582,-1.1018,1.4434,0.57426,5.6997,-1.7018,0.41273
929.7000,5.8565,-1.1024,1.4424,0.57426,5.6989,-1.7029,0.41270
929.8000,5.8546,-1.1031,1.4414,0.57426,5.6981,-1.7041,0.41266
929.9000,5.8527,-1.1037,1.4406,0.57427,5.6972,-1.7047,0.41266
930.0000,5.8507,-1.1042,1.4400,0.57429,5.6960,-1.7050,0.41267
930.1000,5.8491,-1.1046,1.4396,0.57430,5.6946,-1.7053,0.41270
930.2000,5.8468,-1.1051,1.4393,0.57431,5.6923,-1.7052,0.41274
930.3000,5.8445,-1.1055,1.4392,0.57433,5.6904,-1.7050,0.41277
930.4000,5.8424,-1.1058,1.4394,0.57434,5.6886,-1.7042,0.41277
930.5000,5.8402,-1.1062,1.4398,0.57435,5.6866,-1.7031,0.41277
930.6000,5.8380,-1.1065,1.4402,0.57437,5.6836,-1.7020,0.41281
930.7000,5.8358,-1.1068,1.4406,0.57445,5.6797,-1.7013,0.41287
930.8000,5.8338,-1.1072,1.4411,0.57628,5.6761,-1.7015,0.41423
930.9000,5.8312,-1.1078,1.4428,0.59191,5.6713,-1.7024,0.42902
931.0000,5.8296,-1.1087,1.4448,0.62312,5.6672,-1.7040,0.45924
931.1000,5.8288,-1.1100,1.4463,0.66902,5.6632,-1.7059,0.50865
931.2000,5.8288,-1.1116,1.4472,0.72877,5.6598,-1.7077,0.56601
931.3000,5.8292,-1.1131,1.4474,0.79742,5.6569,-1.7093,0.63457
931.4000,5.8295,-1.1143,1.4473,0.85433,5.6547,-1.7101,0.69394
931.5000,5.8293,-1.1152,1.4471,0.91049,5.6524,-1.7099,0.74490
931.6000,5.8284,-1.1152,1.4466,0.94375,5.6496,-1.7095,0.77829
931.7000,5.8271,-1.1148,1.4459,0.96489,5.6464,-1.7094,0.80044
931.8000,5.8254,-1.1141,1.4448,0.97868,5.6423,-1.7098,0.81543
931.9000,5.8236,-1.1135,1.4435,0.98698,5.6388,-1.7104,0.82359
932.0000,5.8220,-1.1131,1.4420,0.99112,5.6355,-1.7107,0.82845
932.1000,5.8207,-1.1130,1.4406,0.99306,5.6330,-1.7107,0.83063
932.2000,5.8193,-1.1130,1.4387,0.99403,5.6313,-1.7106,0.83152
932.3000,5.8184,-1.1133,1.4372,0.99403,5.6301,-1.7100,0.83162
932.4000,5.8177,-1.1137,1.4357,0.99365,5.6294,-1.7096,0.83123
932.5000,5.8173,-1.1144,1.4344,0.99305,5.6292,-1.7096,0.83066
932.6000,5.8170,-1.1151,1.4333,0.99240,5.6295,-1.7097,0.82999
932.7040,5.8170,-1.1161,1.4323,0.99171,5.6305,-1.7096,0.82931
932.8000,5.8169,-1.1171,1.4315,0.99109,5.6317,-1.7097,0.82863
932.9000,5.8169,-1.1181,1.4308,0.99056,5.6332,-1.7105,0.82798
933.0000,5.8169,-1.1196,1.4300,0.98984,5.6351,-1.7122,0.82736
933.1000,5.8170,-1.1207,1.4296,0.98932,5.6375,-1.7151,0.82674
933.2000,5.8171,-1.1220,1.4292,0.98878,5.6404,-1.7191,0.82604
933.3000,5.8172,-1.1236,1.4291,0.98818,5.6430,-1.7231,0.82544
933.4000,5.8171,-1.1249,1.4291,0.98771,5.6451,-1.7266,0.82489
933.5000,5.8170,-1.1265,1.4294,0.98715,5.6466,-1.7296,0.82436
933.6000,5.8166,-1.1277,1.4298,0.98673,5.6474,-1.7320,0.82389
933.7000,5.8161,-1.1289,1.4304,0.98632,5.6474,-1.7334,0.82352
933.8000,5.8156,-1.1298,1.4311,0.98599,5.6465,-1.7339,0.82320
933.9000,5.8147,-1.1308,1.4320,0.98561,5.6445,-1.7342,0.82291
934.0000,5.8140,-1.1317,1.4329,0.98530,5.6417,-1.6251,0.88189
934.1000,5.8131,-1.1325,1.4340,0.98498,5.6387,-1.6256,0.88162
934.2000,5.8123,-1.1334,1.4354,0.98464,5.6363,-1.6254,0.88136
934.3000,5.8117,-1.1342,1.4368,0.98432,5.6343,-1.6254,0.88106
934.4000,5.8112,-1.1350,1.4383,0.98400,5.6326,-1.6256,0.88072
934.5000,5.8109,-1.1360,1.4398,0.98366,5.6308,-1.6256,0.88045
934.6000,5.8108,-1.1369,1.4409,0.98337,5.6292,-1.6262,0.88012
934.7000,5.8107,-1.1378,1.4418,0.98312,5.6284,-1.6273,0.87986
934.8000,5.8107,-1.1388,1.4426,0.98286,5.6280,-1.6295,0.87960
934.9000,5.8108,-1.1398,1.4430,0.98265,5.6280,-1.6325,0.87932
935.0000,5.8110,-1.1409,1.4435,0.98239,5.6283,-1.6356,0.87904
935.1000,5.8114,-1.1419,1.4439,0.98217,5.6284,-1.6386,0.87883
935.2000,5.8118,-1.1429,1.4442,0.98197,5.6277,-1.6419,0.87862
935.3000,5.8122,-1.1438,1.4446,0.98178,5.6263,-1.6452,0.87838
935.4000,5.8125,-1.1445,1.4449,0.98159,5.6246,-1.6475,0.87819
935.5000,5.8129,-1.1451,1.4452,0.98142,5.6231,-1.6488,0.87803
935.6000,5.8134,-1.1455,1.4457,0.98126,5.6218,-1.6491,0.87790
935.7000,5.8140,-1.1457,1.4461,0.98112,5.6202,-1.6490,0.87786
935.8000,5.8147,-1.1457,1.4467,0.98097,5.6189,-1.6486,0.87781
935.9000,5.8155,-1.1457,1.4472,0.98082,5.6174,-1.6481,0.87772
936.0000,5.8166,-1.1456,1.4478,0.98065,5.6159,-1.6470,0.87761
936.1000,5.8178,-1.1453,1.4485,0.98051,5.6149,-1.6454,0.87751
936.2000,5.8191,-1.1453,1.4492,0.98037,5.6145,-1.6435,0.87741
936.3000,5.8202,-1.1458,1.4500,0.98019,5.6151,-1.6412,0.87727
936.4000,5.8221,-1.1456,1.4508,0.98005,5.6169,-1.6391,0.87717
936.5000,5.8248,-1.1442,1.4513,0.97972,5.6205,-1.6372,0.87682
936.6000,5.8279,-1.1422,1.4517,0.97921,5.6252,-1.6355,0.87629
936.7000,5.8324,-1.1388,1.4521,0.97828,5.6302,-1.6329,0.87551
936.8000,5.8376,-1.1345,1.4525,0.97713,5.6350,-1.6296,0.87469
936.9000,5.8424,-1.1301,1.4528,0.97600,5.6416,-1.6240,0.87362
937.0000,5.8477,-1.1251,1.4530,0.97473,5.6484,-1.6179,0.87257
937.1000,5.8525,-1.1204,1.4533,0.97357,5.6548,-1.6123,0.87152
937.2000,5.8580,-1.1149,1.4536,0.97229,5.6614,-1.6064,0.87043
937.3000,5.8622,-1.1106,1.4539,0.97139,5.6668,-1.6012,0.86947
937.4000,5.8667,-1.1059,1.4544,0.97054,5.6726,-1.5961,0.86860
937.5000,5.8711,-1.1013,1.4550,0.96986,5.6774,-1.5921,0.86795
937.6000,5.8750,-1.0970,1.4557,0.96936,5.6817,-1.5884,0.86740
937.7000,5.8784,-1.0936,1.4563,0.96902,5.6853,-1.5852,0.86700
937.8000,5.8814,-1.0907,1.4570,0.96879,5.6889,-1.5822,0.86671
937.9000,5.8839,-1.0883,1.4575,0.96864,5.6928,-1.5798,0.86647
938.0040,5.8864,-1.0861,1.4580,0.96854,5.6974,-1.5775,0.86626
938.1000,5.8882,-1.0846,1.4584,0.96849,5.7020,-1.5759,0.86606
938.2000,5.8902,-1.0831,1.4586,0.96845,5.7063,-1.5749,0.86589
938.3000,5.8921,-1.0819,1.4588,0.96842,5.7103,-1.5743,0.86577
938.4000,5.8936,-1.0810,1.4589,0.96840,5.7132,-1.5738,0.86565
938.5000,5.8947,-1.0802,1.4589,0.96839,5.7147,-1.5736,0.86557
938.6000,5.8956,-1.0795,1.4590,0.96840,5.7153,-1.5734,0.86552
938.7000,5.8962,-1.0789,1.4590,0.96842,5.7157,-1.5732,0.86550
938.8000,5.8966,-1.0784,1.4588,0.96843,5.7161,-1.5731,0.86548
938.9000,5.8969,-1.0779,1.4585,0.96844,5.7167,-1.5732,0.86544
939.0000,5.8971,-1.0775,1.4580,0.96845,5.7173,-1.5730,0.86541
939.1000,5.8973,-1.0770,1.4573,0.96847,5.7173,-1.5720,0.86540
939.2000,5.8974,-1.0766,1.4567,0.96848,5.7167,-1.5711,0.86539
939.3000,5.8975,-1.0762,1.4560,0.96851,5.7164,-1.5710,0.86541
939.4000,5.8975,-1.0759,1.4552,0.96850,5.7170,-1.5716,0.86541
939.5000,5.8976,-1.0758,1.4544,0.96849,5.7174,-1.5720,0.86537
939.6000,5.8977,-1.0757,1.4537,0.96847,5.7181,-1.5719,0.86534
939.7000,5.8978,-1.0756,1.4530,0.96845,5.7186,-1.5713,0.86533
939.8000,5.8978,-1.0755,1.4525,0.96843,5.7184,-1.5700,0.86532
939.9000,5.8979,-1.0754,1.4521,0.96843,5.7180,-1.5687,0.86528
940.0000,5.8979,-1.0752,1.4520,0.96844,5.7173,-1.5680,0.86529
940.1000,5.8979,-1.0752,1.4521,0.96844,5.7160,-1.5670,0.86528
940.2000,5.8979,-1.0752,1.4524,0.96845,5.7143,-1.5663,0.86527
940.3000,5.8978,-1.0752,1.4529,0.96846,5.7129,-1.5660,0.86529
940.4000,5.8977,-1.0753,1.4534,0.96847,5.7118,-1.5663,0.86531
940.5000,5.8978,-1.0753,1.4540,0.96846,5.7112,-1.5674,0.86532
940.6000,5.8979,-1.0754,1.4546,0.96843,5.7116,-1.5693,0.86527
940.7000,5.8980,-1.0756,1.4550,0.96839,5.7124,-1.5711,0.86524
940.8000,5.8982,-1.0756,1.4553,0.96836,5.7136,-1.5732,0.86520
940.9000,5.8983,-1.0756,1.4554,0.96833,5.7148,-1.5754,0.86515
941.0000,5.8983,-1.0754,1.4554,0.96833,5.7158,-1.5774,0.86515
941.1000,5.8983,-1.0752,1.4553,0.96834,5.7165,-1.5793,0.86515
941.2000,5.8982,-1.0747,1.4551,0.96834,5.7171,-1.5806,0.86514
941.3000,5.8981,-1.0743,1.4548,0.96836,5.7179,-1.5811,0.86515
941.4000,5.8977,-1.0736,1.4544,0.96838,5.7182,-1.5804,0.86517
941.5000,5.8974,-1.0729,1.4541,0.96840,5.7179,-1.5788,0.86521
941.6000,5.8970,-1.0722,1.4538,0.96842,5.7180,-1.5766,0.86526
941.7000,5.8964,-1.0714,1.4534,0.96845,5.7183,-1.5745,0.86531
941.8000,5.8960,-1.0707,1.4531,0.96847,5.7183,-1.5722,0.86539
941.9000,5.8955,-1.0700,1.4529,0.96846,5.7181,-1.5704,0.86539
942.0000,5.8951,-1.0693,1.4527,0.96845,5.7177,-1.5683,0.86539
942.1000,5.8946,-1.0687,1.4528,0.96845,5.7171,-1.5663,0.86539
942.2000,5.8942,-1.0681,1.4530,0.96844,5.7163,-1.5634,0.86540
942.3000,5.8937,-1.0677,1.4534,0.96845,5.7152,-1.5601,0.86541
942.4000,5.8932,-1.0673,1.4540,0.96844,5.7145,-1.5570,0.86539
942.5000,5.8928,-1.0670,1.4546,0.96842,5.7143,-1.5533,0.86537
942.6000,5.8925,-1.0669,1.4552,0.96840,5.7145,-1.5499,0.86534
942.7000,5.8921,-1.0668,1.4558,0.96839,5.7150,-1.5461,0.86527
942.8000,5.8918,-1.0669,1.4562,0.96838,5.7152,-1.5424,0.86525
942.9000,5.8915,-1.0672,1.4565,0.96838,5.7151,-1.5384,0.86523
943.0000,5.8911,-1.0676,1.4565,0.96839,5.7148,-1.5348,0.86519
943.1000,5.8908,-1.0681,1.4564,0.96841,5.7143,-1.5318,0.86520
943.2000,5.8905,-1.0690,1.4563,0.96841,5.7136,-1.5301,0.86519
943.3000,5.8901,-1.0701,1.4560,0.96841,5.7124,-1.5299,0.86512
943.4000,5.8897,-1.0713,1.4558,0.96841,5.7112,-1.5311,0.86506
943.5000,5.8893,-1.0728,1.4555,0.96841,5.7103,-1.5331,0.86499
943.6000,5.8889,-1.0745,1.4550,0.96840,5.7088,-1.5356,0.86494
943.7000,5.8885,-1.0761,1.4546,0.96840,5.7073,-1.5377,0.86489
943.8000,5.8881,-1.0777,1.4540,0.96840,5.7062,-1.5394,0.86487
943.9000,5.8878,-1.0792,1.4533,0.96841,5.7055,-1.5411,0.86485
944.0000,5.8874,-1.0807,1.4525,0.96841,5.7053,-1.5427,0.86485
944.1000,5.8871,-1.0822,1.4516,0.96842,5.7055,-1.5441,0.86481
944.2000,5.8868,-1.0837,1.4504,0.96841,5.7060,-1.5458,0.86482
944.3000,5.8866,-1.0850,1.4492,0.96840,5.7066,-1.5484,0.86475
944.4000,5.8863,-1.0865,1.4477,0.96838,5.7073,-1.5513,0.86475
944.5000,5.8860,-1.0879,1.4463,0.96837,5.7078,-1.5548,0.86469
944.6000,5.8856,-1.0893,1.4446,0.96833,5.7081,-1.5581,0.86465
944.7000,5.8852,-1.0907,1.4429,0.96832,5.7078,-1.5620,0.86458
944.8000,5.8848,-1.0919,1.4413,0.96832,5.7070,-1.5656,0.86457
944.9000,5.8842,-1.0929,1.4397,0.96832,5.7055,-1.5697,0.86457
945.0000,5.8837,-1.0937,1.4382,0.96833,5.7035,-1.5732,0.86460
945.1000,5.8832,-1.0942,1.4367,0.96835,5.7012,-1.5768,0.86465
945.2000,5.8827,-1.0946,1.4353,0.96837,5.6983,-1.5802,0.86467
945.3000,5.8823,-1.0949,1.4336,0.96838,5.6948,-1.5842,0.86472
945.4000,5.8819,-1.0950,1.4320,0.96838,5.6920,-1.5875,0.86476
945.5000,5.8817,-1.0950,1.4306,0.96838,5.6890,-1.5909,0.86479
945.6000,5.8816,-1.0947,1.4290,0.96837,5.6868,-1.5933,0.86480
945.7000,5.8817,-1.0941,1.4277,0.96838,5.6850,-1.5952,0.86484
945.8000,5.8819,-1.0934,1.4268,0.96839,5.6840,-1.5964,0.86486
945.9000,5.8822,-1.0924,1.4261,0.96841,5.6843,-1.5973,0.86494
946.0000,5.8826,-1.0913,1.4256,0.96842,5.6856,-1.5982,0.86499
946.1000,5.8832,-1.0899,1.4255,0.96842,5.6876,-1.5992,0.86497
946.2000,5.8838,-1.0887,1.4255,0.96843,5.6904,-1.6000,0.86492
946.3000,5.8846,-1.0871,1.4257,0.96844,5.6942,-1.5998,0.86491
946.4000,5.8852,-1.0855,1.4260,0.96845,5.6976,-1.5983,0.86497
946.5000,5.8857,-1.0838,1.4263,0.96847,5.7006,-1.5955,0.86500
946.6000,5.8861,-1.0824,1.4267,0.96849,5.7023,-1.5924,0.86509
946.7000,5.8862,-1.0806,1.4272,0.96852,5.7032,-1.5888,0.86520
946.8000,5.8863,-1.0788,1.4278,0.96855,5.7030,-1.5859,0.86528
946.9000,5.8862,-1.0776,1.4283,0.96858,5.7017,-1.5837,0.86532
947.0000,5.8861,-1.0762,1.4291,0.96861,5.7005,-1.5830,0.86536
947.1000,5.8860,-1.0751,1.4297,0.96864,5.6994,-1.5839,0.86536
947.2000,5.8860,-1.0743,1.4304,0.96865,5.6992,-1.5854,0.86535
947.3000,5.8861,-1.0734,1.4313,0.96864,5.6999,-1.5867,0.86529
947.4000,5.8862,-1.0724,1.4322,0.96863,5.7006,-1.5873,0.86526
947.5000,5.8864,-1.0714,1.4332,0.96862,5.7012,-1.5872,0.86525
947.6000,5.8865,-1.0702,1.4343,0.96862,5.7017,-1.5859,0.86521
947.7000,5.8867,-1.0689,1.4356,0.96863,5.7025,-1.5839,0.86523
947.8000,5.8868,-1.0676,1.4371,0.96864,5.7035,-1.5819,0.86525
947.9000,5.8870,-1.0661,1.4388,0.96865,5.7046,-1.5797,0.86530
948.0000,5.8871,-1.0647,1.4404,0.96865,5.7051,-1.5772,0.86531
948.1000,5.8872,-1.0633,1.4421,0.96865,5.7051,-1.5746,0.86533
948.2000,5.8873,-1.0620,1.4438,0.96866,5.7050,-1.5716,0.86538
948.3000,5.8874,-1.0609,1.4452,0.96866,5.7053,-1.5689,0.86541
948.4000,5.8874,-1.0597,1.4468,0.96865,5.7059,-1.5664,0.86539
948.5000,5.8874,-1.0587,1.4481,0.96863,5.7074,-1.5630,0.86530
948.6000,5.8875,-1.0577,1.4491,0.96862,5.7093,-1.5599,0.86528
948.7000,5.8875,-1.0568,1.4500,0.96861,5.7116,-1.5574,0.86527
948.8000,5.8874,-1.0560,1.4505,0.96859,5.7135,-1.5551,0.86523
948.9000,5.8871,-1.0555,1.4508,0.96857,5.7143,-1.5540,0.86522
949.0000,5.8868,-1.0551,1.4507,0.96856,5.7144,-1.5530,0.86518
949.1000,5.8863,-1.0548,1.4503,0.96854,5.7139,-1.5527,0.86513
949.2000,5.8857,-1.0547,1.4496,0.96853,5.7127,-1.5537,0.86512
949.3000,5.8849,-1.0545,1.4486,0.96852,5.7107,-1.5556,0.86506
949.4000,5.8842,-1.0545,1.4476,0.96853,5.7079,-1.5571,0.86505
949.5000,5.8833,-1.0544,1.4464,0.96853,5.7036,-1.5580,0.86504
949.6000,5.8825,-1.0541,1.4451,0.96854,5.6996,-1.5581,0.86505
949.7000,5.8818,-1.0538,1.4440,0.96856,5.6956,-1.5573,0.86509
949.8000,5.8813,-1.0534,1.4429,0.96856,5.6912,-1.5558,0.86515
949.9000,5.8808,-1.0528,1.4417,0.96855,5.6874,-1.5538,0.86519
950.0000,5.8807,-1.0522,1.4408,0.96852,5.6843,-1.5513,0.86521
950.1000,5.8808,-1.0516,1.4401,0.96849,5.6820,-1.5489,0.86521
950.2000,5.8811,-1.0511,1.4397,0.96846,5.6809,-1.5468,0.86521
950.3000,5.8817,-1.0506,1.4395,0.96841,5.6808,-1.5453,0.86517
950.4000,5.8823,-1.0502,1.4396,0.96839,5.6811,-1.5435,0.86510
950.5000,5.8832,-1.0498,1.4401,0.96837,5.6819,-1.5421,0.86504
950.6000,5.8841,-1.0496,1.4407,0.96836,5.6829,-1.5409,0.86503
950.7000,5.8850,-1.0494,1.4416,0.96833,5.6841,-1.5399,0.86501
950.8000,5.8858,-1.0493,1.4425,0.96831,5.6857,-1.5387,0.86497
950.9000,5.8868,-1.0494,1.4437,0.96828,5.6878,-1.5371,0.86492
951.0000,5.8875,-1.0494,1.4447,0.96825,5.6896,-1.5355,0.86487
951.1000,5.8882,-1.0497,1.4458,0.96823,5.6919,-1.5343,0.86484
951.2000,5.8887,-1.0500,1.4467,0.96821,5.6945,-1.5337,0.86481
951.3000,5.8892,-1.0506,1.4478,0.96820,5.6973,-1.5338,0.86476
951.4000,5.8896,-1.0514,1.4488,0.96817,5.6992,-1.5349,0.86469
951.5000,5.8898,-1.0524,1.4497,0.96815,5.7001,-1.5363,0.86462
951.6000,5.8898,-1.0534,1.4504,0.96812,5.7009,-1.5381,0.86457
951.7000,5.8898,-1.0548,1.4511,0.96812,5.7018,-1.5404,0.86453
951.8000,5.8896,-1.0564,1.4517,0.96812,5.7022,-1.5430,0.86448
951.9000,5.8893,-1.0578,1.4520,0.96813,5.7019,-1.5464,0.86447
952.0000,5.8889,-1.0593,1.4521,0.96814,5.7007,-1.5500,0.86445
952.1000,5.8885,-1.0608,1.4521,0.96816,5.6989,-1.5533,0.86444
952.2000,5.8881,-1.0622,1.4519,0.96818,5.6968,-1.5568,0.86445
952.3000,5.8877,-1.0634,1.4517,0.96820,5.6954,-1.5604,0.86445
952.4000,5.8874,-1.0645,1.4515,0.96823,5.6944,-1.5657,0.86446
952.5000,5.8872,-1.0656,1.4512,0.96825,5.6945,-1.5699,0.86447
952.6000,5.8871,-1.0667,1.4512,0.96826,5.6948,-1.5734,0.86448
952.7000,5.8870,-1.0674,1.4513,0.96827,5.6949,-1.5757,0.86448
952.8000,5.8870,-1.0679,1.4516,0.96829,5.6950,-1.5774,0.86452
952.9000,5.8868,-1.0683,1.4520,0.96834,5.6950,-1.5789,0.86462
953.0000,5.8867,-1.0685,1.4525,0.96836,5.6948,-1.5803,0.86466
953.1000,5.8866,-1.0686,1.4530,0.96837,5.6943,-1.5819,0.86468
953.2000,5.8865,-1.0685,1.4537,0.96838,5.6936,-1.5833,0.86473
953.3000,5.8863,-1.0684,1.4544,0.96839,5.6924,-1.5844,0.86477
953.4000,5.8861,-1.0681,1.4551,0.96838,5.6914,-1.5851,0.86478
953.5000,5.8860,-1.0679,1.4557,0.96837,5.6908,-1.5856,0.86483
953.6000,5.8858,-1.0674,1.4566,0.96836,5.6903,-1.5859,0.86485
953.7000,5.8856,-1.0669,1.4573,0.96835,5.6899,-1.5864,0.86487
953.8000,5.8854,-1.0664,1.4579,0.96835,5.6896,-1.5867,0.86491
953.9000,5.8853,-1.0659,1.4587,0.96834,5.6890,-1.5863,0.86490
954.0000,5.8852,-1.0653,1.4595,0.96832,5.6881,-1.5855,0.86491
954.1000,5.8852,-1.0648,1.4602,0.96831,5.6870,-1.5847,0.86490
954.2000,5.8852,-1.0641,1.4610,0.96830,5.6862,-1.5837,0.86492
954.3000,5.8852,-1.0635,1.4616,0.96832,5.6856,-1.5827,0.86497
954.4000,5.8853,-1.0629,1.4620,0.96834,5.6850,-1.5816,0.86500
954.5000,5.8855,-1.0623,1.4623,0.96836,5.6842,-1.5808,0.86504
954.6000,5.8857,-1.0618,1.4623,0.96837,5.6829,-1.5803,0.86507
954.7000,5.8860,-1.0613,1.4623,0.96838,5.6813,-1.5801,0.86509
954.8000,5.8863,-1.0607,1.4623,0.96839,5.6803,-1.5801,0.86514
954.9000,5.8867,-1.0603,1.4622,0.96838,5.6798,-1.5795,0.86513
955.0000,5.8873,-1.0598,1.4622,0.96838,5.6802,-1.5783,0.86509
955.1000,5.8880,-1.0593,1.4621,0.96837,5.6809,-1.5762,0.86510
955.2000,5.8888,-1.0587,1.4621,0.96838,5.6821,-1.5735,0.86509
955.3000,5.8896,-1.0582,1.4622,0.96838,5.6836,-1.5706,0.86508
955.4000,5.8904,-1.0576,1.4625,0.96838,5.6853,-1.5679,0.86508
955.5000,5.8912,-1.0572,1.4629,0.96837,5.6875,-1.5660,0.86508
955.6000,5.8920,-1.0568,1.4633,0.96838,5.6898,-1.5650,0.86506
955.7000,5.8929,-1.0565,1.4638,0.96838,5.6931,-1.5646,0.86505
955.8000,5.8938,-1.0563,1.4644,0.96835,5.6961,-1.5647,0.86499
955.9000,5.8944,-1.0563,1.4650,0.96830,5.6997,-1.5653,0.86491
956.0000,5.8951,-1.0563,1.4658,0.96825,5.7034,-1.5662,0.86484
956.1000,5.8956,-1.0563,1.4665,0.96823,5.7073,-1.5678,0.86479
956.2000,5.8960,-1.0563,1.4673,0.96820,5.7105,-1.5699,0.86472
956.3000,5.8961,-1.0565,1.4681,0.96819,5.7133,-1.5728,0.86466
956.4000,5.8960,-1.0567,1.4687,0.96819,5.7155,-1.5760,0.86463
956.5000,5.8958,-1.0568,1.4692,0.96817,5.7174,-1.5794,0.86458
956.6000,5.8954,-1.0569,1.4694,0.96819,5.7190,-1.5823,0.86460
956.7000,5.8948,-1.0567,1.4695,0.96821,5.7201,-1.5848,0.86464
956.8000,5.8941,-1.0564,1.4694,0.96822,5.7209,-1.5867,0.86467
956.9000,5.8933,-1.0560,1.4691,0.96823,5.7211,-1.5880,0.86474
957.0000,5.8922,-1.0553,1.4686,0.96826,5.7211,-1.5886,0.86478
957.1000,5.8912,-1.0545,1.4679,0.96829,5.7209,-1.5893,0.86486
957.2000,5.8900,-1.0536,1.4670,0.96831,5.7201,-1.5895,0.86497
957.3000,5.8888,-1.0527,1.4658,0.96831,5.7187,-1.5892,0.86502
957.4000,5.8876,-1.0518,1.4644,0.96831,5.7169,-1.5889,0.86504
957.5000,5.8864,-1.0509,1.4629,0.96832,5.7141,-1.5888,0.86511
957.6000,5.8850,-1.0500,1.4612,0.96832,5.7111,-1.5890,0.86517
957.7000,5.8837,-1.0490,1.4594,0.96833,5.7078,-1.5892,0.86521
957.8000,5.8825,-1.0480,1.4575,0.96834,5.7048,-1.5893,0.86525
957.9000,5.8813,-1.0468,1.4555,0.96836,5.7017,-1.5896,0.86527
958.0000,5.8803,-1.0456,1.4538,0.96839,5.6994,-1.5895,0.86531
958.1000,5.8795,-1.0442,1.4521,0.96840,5.6973,-1.5888,0.86535
958.2000,5.8789,-1.0427,1.4505,0.96840,5.6951,-1.5877,0.86536
958.3000,5.8783,-1.0411,1.4490,0.96840,5.6928,-1.5861,0.86537
958.4000,5.8779,-1.0394,1.4475,0.96840,5.6909,-1.5845,0.86540
958.5000,5.8776,-1.0376,1.4461,0.96841,5.6901,-1.5829,0.86543
958.6000,5.8774,-1.0357,1.4449,0.96842,5.6904,-1.5809,0.86544
958.7000,5.8774,-1.0339,1.4438,0.96841,5.6916,-1.5785,0.86541
958.8000,5.8775,-1.0319,1.4428,0.96840,5.6931,-1.5756,0.86538
958.9000,5.8775,-1.0299,1.4418,0.96841,5.6941,-1.5726,0.86538
959.0000,5.8776,-1.0280,1.4410,0.96842,5.6951,-1.5691,0.86541
959.1000,5.8776,-1.0264,1.4403,0.96843,5.6954,-1.5657,0.86542
959.2000,5.8776,-1.0246,1.4395,0.96842,5.6956,-1.5629,0.86540
959.3040,5.8776,-1.0229,1.4388,0.96841,5.6955,-1.5616,0.86538
959.4000,5.8775,-1.0216,1.4384,0.96840,5.6954,-1.5612,0.86538
959.5000,5.8774,-1.0204,1.4382,0.96838,5.6953,-1.5610,0.86533
959.6000,5.8773,-1.0195,1.4383,0.96837,5.6951,-1.5615,0.86528
959.7000,5.8772,-1.0185,1.4386,0.96837,5.6944,-1.5622,0.86524
959.8000,5.8770,-1.0176,1.4391,0.96837,5.6938,-1.5627,0.86524
959.9000,5.8769,-1.0165,1.4399,0.96837,5.6936,-1.5630,0.86520
960.0000,5.8767,-1.0154,1.4409,0.96838,5.6938,-1.5629,0.86517
960.1000,5.8765,-1.0146,1.4418,0.96839,5.6941,-1.5627,0.86519
960.2000,5.8762,-1.0135,1.4431,0.96839,5.6946,-1.5627,0.86518
960.3000,5.8760,-1.0127,1.4441,0.96837,5.6948,-1.5622,0.86514
960.4000,5.8756,-1.0117,1.4455,0.96833,5.6949,-1.5610,0.86511
960.5000,5.8753,-1.0106,1.4466,0.96828,5.6947,-1.5577,0.86508
960.6000,5.8751,-1.0094,1.4476,0.96823,5.6946,-1.5539,0.86507
960.7000,5.8749,-1.0077,1.4488,0.96815,5.6958,-1.5485,0.86505
960.8000,5.8749,-1.0062,1.4500,0.96807,5.6981,-1.5422,0.86498
960.9000,5.8749,-1.0048,1.4514,0.96799,5.7005,-1.5360,0.86488
961.0000,5.8751,-1.0032,1.4530,0.96785,5.7028,-1.5296,0.86477
961.1000,5.8754,-1.0017,1.4547,0.96767,5.7044,-1.5241,0.86455
961.2000,5.8758,-0.9998,1.4568,0.96743,5.7052,-1.5188,0.86434
961.3000,5.8761,-0.9983,1.4588,0.96718,5.7057,-1.5144,0.86407
961.4000,5.8765,-0.9968,1.4607,0.96686,5.7060,-1.5106,0.86378
961.5000,5.8770,-0.9953,1.4626,0.96646,5.7057,-1.5067,0.86341
961.6000,5.8776,-0.9938,1.4641,0.96604,5.7051,-1.5035,0.86301
961.7000,5.8782,-0.9924,1.4653,0.96552,5.7047,-1.5008,0.86254
961.8000,5.8790,-0.9910,1.4662,0.96500,5.7044,-1.4978,0.86195
961.9000,5.8801,-0.9891,1.4670,0.96434,5.7046,-1.4945,0.86136
962.0000,5.8814,-0.9872,1.4675,0.96373,5.7051,-1.4914,0.86079
962.1000,5.8828,-0.9854,1.4678,0.96314,5.7055,-1.4886,0.86016
962.2000,5.8844,-0.9836,1.4680,0.96257,5.7059,-1.4867,0.85964
962.3000,5.8859,-0.9820,1.4681,0.96209,5.7065,-1.4851,0.85914
962.4000,5.8875,-0.9806,1.4682,0.96164,5.7079,-1.4840,0.85863
962.5000,5.8894,-0.9790,1.4683,0.96117,5.7097,-1.4829,0.85810
962.6000,5.8912,-0.9775,1.4684,0.96072,5.7116,-1.4813,0.85759
962.7000,5.8929,-0.9763,1.4686,0.96032,5.7129,-1.4796,0.85723
962.8000,5.8942,-0.9752,1.4688,0.96004,5.7149,-1.4770,0.85684
962.9000,5.8956,-0.9739,1.4689,0.95978,5.7165,-1.4746,0.85660
963.0000,5.8966,-0.9732,1.4690,0.95965,5.7179,-1.4732,0.85646
963.1000,5.8976,-0.9727,1.4690,0.95954,5.7198,-1.4724,0.85630
963.2000,5.8983,-0.9728,1.4688,0.95947,5.7217,-1.4722,0.85618
963.3040,5.8989,-0.9731,1.4684,0.95941,5.7231,-1.4719,0.85608
963.4000,5.8992,-0.9734,1.4679,0.95937,5.7245,-1.4721,0.85599
963.5000,5.8994,-0.9741,1.4670,0.95932,5.7259,-1.4723,0.85590
963.6000,5.8994,-0.9749,1.4660,0.95928,5.7271,-1.4726,0.85583
963.7000,5.8993,-0.9756,1.4651,0.95928,5.7280,-1.4731,0.85578
963.8000,5.8989,-0.9767,1.4637,0.95929,5.7290,-1.4743,0.85573
963.9000,5.8986,-0.9776,1.4625,0.95930,5.7297,-1.4757,0.85577
964.0000,5.8981,-0.9786,1.4611,0.95930,5.7298,-1.4774,0.85575
964.1000,5.8976,-0.9797,1.4596,0.95930,5.7296,-1.4793,0.85573
964.2000,5.8970,-0.9807,1.4583,0.95930,5.7291,-1.4817,0.85572
964.3000,5.8962,-0.9819,1.4568,0.95930,5.7290,-1.4844,0.85570
964.4000,5.8953,-0.9830,1.4554,0.95931,5.7292,-1.4866,0.85573
964.5000,5.8945,-0.9839,1.4541,0.95932,5.7291,-1.4883,0.85574
964.6000,5.8935,-0.9847,1.4529,0.95933,5.7282,-1.4895,0.85575
964.7000,5.8924,-0.9853,1.4519,0.95935,5.7267,-1.4898,0.85579
964.8000,5.8912,-0.9859,1.4510,0.95937,5.7252,-1.4897,0.85585
964.9040,5.8900,-0.9864,1.4503,0.95938,5.7236,-1.4899,0.85590
965.0000,5.8888,-0.9868,1.4497,0.95938,5.7222,-1.4905,0.85594
965.1000,5.8876,-0.9872,1.4492,0.95938,5.7214,-1.4914,0.85593
965.2000,5.8864,-0.9875,1.4490,0.95939,5.7206,-1.4930,0.85592
965.3000,5.8850,-0.9879,1.4488,0.95939,5.7195,-1.4947,0.85592
965.4000,5.8836,-0.9882,1.4488,0.95940,5.7182,-1.4961,0.85593
965.5000,5.8822,-0.9884,1.4490,0.95940,5.7163,-1.4974,0.85597
965.6000,5.8807,-0.9886,1.4494,0.95938,5.7141,-1.4978,0.85597
965.7000,5.8794,-0.9884,1.4498,0.95933,5.7121,-1.4976,0.85596
965.8000,5.8782,-0.9879,1.4504,0.95921,5.7098,-1.4964,0.85590
965.9000,5.8772,-0.9871,1.4511,0.95902,5.7078,-1.4944,0.85578
966.0000,5.8764,-0.9857,1.4518,0.95872,5.7060,-1.4920,0.85557
966.1000,5.8759,-0.9838,1.4527,0.95831,5.7045,-1.4886,0.85529
966.2000,5.8759,-0.9815,1.4535,0.95784,5.7030,-1.4837,0.85495
966.3000,5.8763,-0.9790,1.4542,0.95736,5.7026,-1.4785,0.85452
966.4040,5.8773,-0.9755,1.4549,0.95671,5.7031,-1.4721,0.85396
966.5000,5.8787,-0.9717,1.4554,0.95612,5.7039,-1.4665,0.85356
966.6000,5.8803,-0.9679,1.4557,0.95552,5.7053,-1.4586,0.85299
966.7000,5.8823,-0.9636,1.4559,0.95494,5.7069,-1.4513,0.85252
966.8000,5.8844,-0.9595,1.4559,0.95447,5.7085,-1.4445,0.85214
966.9000,5.8865,-0.9557,1.4556,0.95397,5.7103,-1.4386,0.85174
967.0000,5.8896,-0.9507,1.4550,0.95308,5.7126,-1.4331,0.85100
967.1000,5.8925,-0.9465,1.4544,0.95204,5.7153,-1.4286,0.85001
967.2000,5.8957,-0.9424,1.4539,0.95086,5.7183,-1.4245,0.84876
967.3000,5.8997,-0.9375,1.4532,0.94949,5.7215,-1.4205,0.84747
967.4000,5.9034,-0.9331,1.4526,0.94838,5.7252,-1.4159,0.84608
967.5000,5.9076,-0.9283,1.4519,0.94727,5.7283,-1.4123,0.84514
967.6000,5.9112,-0.9242,1.4511,0.94636,5.7316,-1.4079,0.84407
967.7000,5.9141,-0.9211,1.4503,0.94567,5.7333,-1.4038,0.84321
967.8000,5.9178,-0.9171,1.4489,0.94487,5.7339,-1.4005,0.84260
967.9000,5.9207,-0.9141,1.4476,0.94432,5.7345,-1.3972,0.84202
968.0000,5.9235,-0.9115,1.4462,0.94388,5.7359,-1.3941,0.84151
968.1000,5.9261,-0.9094,1.4448,0.94356,5.7383,-1.3918,0.84105
968.2000,5.9286,-0.9078,1.4436,0.94334,5.7404,-1.3908,0.84078
968.3000,5.9307,-0.9068,1.4426,0.94322,5.7431,-1.3899,0.84054
968.4000,5.9329,-0.9059,1.4413,0.94313,5.7451,-1.3893,0.84041
968.5000,5.9348,-0.9052,1.4393,0.94309,5.7471,-1.3887,0.84030
968.6000,5.9365,-0.9049,1.4369,0.94307,5.7482,-1.3880,0.84022
968.7000,5.9382,-0.9047,1.4336,0.94308,5.7493,-1.3877,0.84018
968.8000,5.9397,-0.9046,1.4300,0.94310,5.7503,-1.3888,0.84019
968.9000,5.9412,-0.9048,1.4259,0.94311,5.7511,-1.3909,0.84014
969.0000,5.9424,-0.9050,1.4224,0.94312,5.7517,-1.3935,0.84011
969.1000,5.9438,-0.9052,1.4184,0.94312,5.7523,-1.3961,0.84009
969.2000,5.9452,-0.9055,1.4144,0.94313,5.7527,-1.3982,0.84010
969.3000,5.9467,-0.9057,1.4104,0.94313,5.7531,-1.3994,0.84008
969.4000,5.9481,-0.9057,1.4070,0.94313,5.7538,-1.3993,0.84011
969.5000,5.9495,-0.9056,1.4039,0.94314,5.7543,-1.3984,0.84012
969.6000,5.9509,-0.9054,1.4011,0.94313,5.7549,-1.3969,0.84015
969.7000,5.9520,-0.9052,1.3990,0.94312,5.7557,-1.3956,0.84017
969.8000,5.9536,-0.9049,1.3967,0.94310,5.7570,-1.3940,0.84016
969.9000,5.9550,-0.9045,1.3948,0.94310,5.7582,-1.3925,0.84013
970.0000,5.9566,-0.9042,1.3931,0.94312,5.7596,-1.3916,0.84015
970.1000,5.9580,-0.9039,1.3918,0.94315,5.7601,-1.3907,0.84023
970.2000,5.9594,-0.9037,1.3908,0.94318,5.7603,-1.3898,0.84026
970.3000,5.9607,-0.9034,1.3901,0.94320,5.7603,-1.3887,0.84028
970.4000,5.9621,-0.9033,1.3896,0.94320,5.7606,-1.3880,0.84028
970.5000,5.9635,-0.9032,1.3894,0.94320,5.7614,-1.3875,0.84027
970.6000,5.9649,-0.9032,1.3895,0.94321,5.7631,-1.3875,0.84027
970.7000,5.9663,-0.9031,1.3898,0.94322,5.7658,-1.3882,0.84023
970.8000,5.9679,-0.9032,1.3902,0.94322,5.7689,-1.3890,0.84020
970.9000,5.9696,-0.9034,1.3908,0.94320,5.7723,-1.3900,0.84014
971.0000,5.9710,-0.9036,1.3913,0.94318,5.7762,-1.3916,0.84009
971.1000,5.9725,-0.9038,1.3919,0.94317,5.7796,-1.3927,0.84005
971.2000,5.9739,-0.9040,1.3924,0.94317,5.7835,-1.3938,0.84001
971.3000,5.9750,-0.9043,1.3929,0.94319,5.7866,-1.3950,0.84000
971.4000,5.9760,-0.9046,1.3932,0.94321,5.7888,-1.3963,0.84000
971.5040,5.9768,-0.9050,1.3936,0.94323,5.7907,-1.3985,0.84003
971.6000,5.9774,-0.9055,1.3940,0.94326,5.7912,-1.4000,0.84008
971.7000,5.9779,-0.9059,1.3944,0.94327,5.7908,-1.4014,0.84014
971.8000,5.9783,-0.9063,1.3948,0.94327,5.7896,-1.4027,0.84018
971.9000,5.9786,-0.9066,1.3955,0.94327,5.7878,-1.4044,0.84023
972.0000,5.9790,-0.9069,1.3962,0.94327,5.7862,-1.4056,0.84024
972.1000,5.9794,-0.9071,1.3970,0.94327,5.7846,-1.4063,0.84029
972.2000,5.9798,-0.9072,1.3978,0.94328,5.7839,-1.4059,0.84028
972.3000,5.9804,-0.9073,1.3986,0.94329,5.7834,-1.4044,0.84029
972.4000,5.9810,-0.9073,1.3994,0.94331,5.7832,-1.4029,0.84033
972.5000,5.9817,-0.9073,1.4003,0.94334,5.7832,-1.4023,0.84036
972.6000,5.9826,-0.9073,1.4012,0.94334,5.7839,-1.4025,0.84035
972.7040,5.9838,-0.9076,1.4023,0.94333,5.7850,-1.4032,0.84031
972.8000,5.9848,-0.9078,1.4032,0.94331,5.7853,-1.4043,0.84028
972.9000,5.9858,-0.9081,1.4040,0.94330,5.7855,-1.4053,0.84026
973.0000,5.9866,-0.9084,1.4047,0.94329,5.7859,-1.4061,0.84024
973.1000,5.9877,-0.9088,1.4056,0.94328,5.7864,-1.4068,0.84022
973.2000,5.9886,-0.9092,1.4064,0.94327,5.7865,-1.4078,0.84019
973.3000,5.9897,-0.9096,1.4075,0.94326,5.7868,-1.4090,0.84020
973.4000,5.9905,-0.9099,1.4083,0.94325,5.7873,-1.4109,0.84019
973.5000,5.9917,-0.9102,1.4096,0.94324,5.7879,-1.4134,0.84018
973.6000,5.9927,-0.9103,1.4108,0.94323,5.7890,-1.4163,0.84016
973.7000,5.9936,-0.9104,1.4121,0.94322,5.7905,-1.4190,0.84014
973.8000,5.9947,-0.9103,1.4138,0.94320,5.7926,-1.4216,0.84011
973.9000,5.9957,-0.9102,1.4156,0.94319,5.7945,-1.4236,0.84010
974.0000,5.9965,-0.9099,1.4175,0.94319,5.7961,-1.4246,0.84012
974.1000,5.9973,-0.9094,1.4195,0.94321,5.7970,-1.4253,0.84016
974.2000,5.9980,-0.9088,1.4216,0.94324,5.7971,-1.4258,0.84021
974.3000,5.9986,-0.9081,1.4234,0.94327,5.7966,-1.4263,0.84029
974.4000,5.9991,-0.9072,1.4254,0.94330,5.7958,-1.4268,0.84036
974.5000,5.9995,-0.9064,1.4271,0.94333,5.7948,-1.4272,0.84045
974.6000,5.9998,-0.9053,1.4289,0.94336,5.7936,-1.4270,0.84057
974.7000,6.0002,-0.9043,1.4305,0.94337,5.7923,-1.4262,0.84062
974.8000,6.0007,-0.9032,1.4319,0.94337,5.7913,-1.4252,0.84065
974.9000,6.0012,-0.9021,1.4331,0.94340,5.7902,-1.4240,0.84074
975.0000,6.0019,-0.9009,1.4342,0.94342,5.7893,-1.4232,0.84079
975.1000,6.0026,-0.8998,1.4352,0.94341,5.7886,-1.4234,0.84081
975.2000,6.0035,-0.8987,1.4361,0.94340,5.7884,-1.4243,0.84080
975.3000,6.0046,-0.8974,1.4371,0.94337,5.7891,-1.4248,0.84074
975.4000,6.0058,-0.8962,1.4381,0.94335,5.7906,-1.4244,0.84068
975.5000,6.0068,-0.8950,1.4389,0.94334,5.7931,-1.4226,0.84061
975.6000,6.0081,-0.8935,1.4400,0.94334,5.7957,-1.4210,0.84062
975.7000,6.0092,-0.8922,1.4409,0.94334,5.7987,-1.4196,0.84059
975.8000,6.0104,-0.8907,1.4420,0.94332,5.8024,-1.4179,0.84057
975.9000,6.0117,-0.8891,1.4431,0.94330,5.8062,-1.4162,0.84056
976.0000,6.0128,-0.8875,1.4442,0.94328,5.8096,-1.4139,0.84053
976.1000,6.0140,-0.8858,1.4452,0.94326,5.8128,-1.4112,0.84054
976.2000,6.0149,-0.8843,1.4458,0.94326,5.8151,-1.4082,0.84056
976.3000,6.0156,-0.8829,1.4461,0.94327,5.8168,-1.4049,0.84060
976.4000,6.0164,-0.8813,1.4461,0.94327,5.8187,-1.4010,0.84065
976.5000,6.0170,-0.8800,1.4459,0.94328,5.8205,-1.3965,0.84065
976.6000,6.0175,-0.8786,1.4456,0.94329,5.8224,-1.3916,0.84065
976.7000,6.0181,-0.8772,1.4453,0.94330,5.8242,-1.3858,0.84069
976.8000,6.0185,-0.8762,1.4450,0.94330,5.8262,-1.3802,0.84072
976.9000,6.0188,-0.8753,1.4446,0.94330,5.8283,-1.3755,0.84073
977.0000,6.0191,-0.8747,1.4444,0.94327,5.8312,-1.3721,0.84066
977.1000,6.0195,-0.8744,1.4444,0.94324,5.8340,-1.3706,0.84061
977.2000,6.0198,-0.8743,1.4445,0.94321,5.8369,-1.3697,0.84053
977.3000,6.0200,-0.8744,1.4449,0.94318,5.8393,-1.3693,0.84044
977.4000,6.0201,-0.8746,1.4455,0.94317,5.8411,-1.3687,0.84039
977.5000,6.0201,-0.8750,1.4463,0.94317,5.8424,-1.3675,0.84034
977.6000,6.0201,-0.8754,1.4475,0.94317,5.8435,-1.3661,0.84031
977.7000,6.0199,-0.8760,1.4487,0.94317,5.8444,-1.3649,0.84025
977.8000,6.0196,-0.8767,1.4505,0.94318,5.8451,-1.3642,0.84025
977.9000,6.0194,-0.8775,1.4521,0.94317,5.8463,-1.3641,0.84025
978.0000,6.0191,-0.8785,1.4541,0.94316,5.8477,-1.3645,0.84022
978.1000,6.0187,-0.8796,1.4562,0.94314,5.8495,-1.3653,0.84017
978.2000,6.0183,-0.8807,1.4581,0.94312,5.8511,-1.3666,0.84012
978.3000,6.0179,-0.8819,1.4603,0.94311,5.8524,-1.3683,0.84007
978.4000,6.0172,-0.8832,1.4626,0.94313,5.8532,-1.3698,0.84006
978.5000,6.0165,-0.8844,1.4649,0.94315,5.8537,-1.3713,0.84007
978.6000,6.0157,-0.8856,1.4672,0.94317,5.8533,-1.3734,0.84008
978.7000,6.0147,-0.8868,1.4696,0.94317,5.8521,-1.3760,0.84007
978.8000,6.0137,-0.8878,1.4718,0.94318,5.8506,-1.3792,0.84009
978.9000,6.0124,-0.8890,1.4743,0.94320,5.8486,-1.3828,0.84017
979.0000,6.0112,-0.8900,1.4763,0.94323,5.8469,-1.3861,0.84021
979.1000,6.0098,-0.8910,1.4782,0.94324,5.8453,-1.3889,0.84029
979.2000,6.0086,-0.8917,1.4795,0.94324,5.8435,-1.3914,0.84031
979.3000,6.0072,-0.8923,1.4804,0.94324,5.8423,-1.3932,0.84033
979.4000,6.0060,-0.8928,1.4810,0.94324,5.8413,-1.3942,0.84037
979.5000,6.0046,-0.8932,1.4812,0.94324,5.8397,-1.3942,0.84041
979.6000,6.0034,-0.8934,1.4812,0.94323,5.8377,-1.3933,0.84044
979.7000,6.0019,-0.8934,1.4811,0.94324,5.8357,-1.3917,0.84046
979.8000,6.0006,-0.8933,1.4810,0.94326,5.8339,-1.3897,0.84052
979.9000,5.9991,-0.8932,1.4809,0.94329,5.8325,-1.3872,0.84057
980.0000,5.9978,-0.8931,1.4810,0.94330,5.8318,-1.3848,0.84061
980.1000,5.9967,-0.8931,1.4812,0.94330,5.8313,-1.3828,0.84062
980.2000,5.9955,-0.8931,1.4816,0.94329,5.8312,-1.3813,0.84060
980.3000,5.9944,-0.8932,1.4820,0.94328,5.8312,-1.3801,0.84059
980.4000,5.9932,-0.8934,1.4824,0.94328,5.8308,-1.3791,0.84056
980.5000,5.9921,-0.8937,1.4827,0.94329,5.8299,-1.3784,0.84056
980.6000,5.9911,-0.8941,1.4829,0.94330,5.8290,-1.3784,0.84058
980.7000,5.9899,-0.8945,1.4830,0.94330,5.8279,-1.3784,0.84057
980.8000,5.9885,-0.8950,1.4831,0.94330,5.8257,-1.3784,0.84056
980.9000,5.9872,-0.8955,1.4831,0.94330,5.8229,-1.3781,0.84055
981.0000,5.9858,-0.8961,1.4831,0.94330,5.8202,-1.3787,0.84059
981.1000,5.9845,-0.8966,1.4832,0.94330,5.8174,-1.3800,0.84059
981.2000,5.9832,-0.8972,1.4834,0.94329,5.8149,-1.3815,0.84060
981.3000,5.9821,-0.8976,1.4837,0.94327,5.8121,-1.3832,0.84058
981.4000,5.9810,-0.8981,1.4842,0.94326,5.8098,-1.3855,0.84059
981.5000,5.9801,-0.8985,1.4848,0.94324,5.8079,-1.3885,0.84061
981.6000,5.9793,-0.8988,1.4857,0.94322,5.8068,-1.3910,0.84059
981.7000,5.9786,-0.8990,1.4866,0.94319,5.8063,-1.3937,0.84056
981.8000,5.9779,-0.8993,1.4880,0.94316,5.8065,-1.3967,0.84052
981.9000,5.9774,-0.8994,1.4892,0.94315,5.8069,-1.3995,0.84046
982.0000,5.9769,-0.8994,1.4906,0.94313,5.8077,-1.4020,0.84043
982.1000,5.9765,-0.8993,1.4919,0.94314,5.8084,-1.4032,0.84044
982.2000,5.9760,-0.8989,1.4931,0.94315,5.8096,-1.4032,0.84047
982.3000,5.9756,-0.8984,1.4943,0.94317,5.8106,-1.4019,0.84054
982.4000,5.9751,-0.8979,1.4953,0.94320,5.8107,-1.4000,0.84061
982.5000,5.9745,-0.8972,1.4963,0.94323,5.8105,-1.3978,0.84070
982.6000,5.9739,-0.8965,1.4971,0.94324,5.8100,-1.3958,0.84075
982.7000,5.9734,-0.8960,1.4976,0.94323,5.8092,-1.3938,0.84078
982.8000,5.9728,-0.8956,1.4978,0.94324,5.8074,-1.3920,0.84082
982.9000,5.9721,-0.8953,1.4977,0.94324,5.8051,-1.3910,0.84085
983.0000,5.9714,-0.8951,1.4972,0.94323,5.8022,-1.3902,0.84092
983.1000,5.9708,-0.8951,1.4967,0.94323,5.7989,-1.3901,0.84094
983.2000,5.9703,-0.8951,1.4960,0.94320,5.7965,-1.3903,0.84092
983.3000,5.9700,-0.8952,1.4951,0.94316,5.7949,-1.3909,0.84088
983.4000,5.9698,-0.8954,1.4943,0.94312,5.7939,-1.3927,0.84081
983.5000,5.9698,-0.8956,1.4933,0.94309,5.7932,-1.3945,0.84075
983.6000,5.9699,-0.8957,1.4923,0.94306,5.7925,-1.3957,0.84071
983.7000,5.9701,-0.8958,1.4911,0.94303,5.7918,-1.3963,0.84066
983.8000,5.9704,-0.8958,1.4897,0.94304,5.7913,-1.3966,0.84065
983.9000,5.9708,-0.8959,1.4879,0.94304,5.7910,-1.3967,0.84063
984.0000,5.9712,-0.8958,1.4860,0.94305,5.7908,-1.3969,0.84062
984.1000,5.9717,-0.8957,1.4842,0.94306,5.7906,-1.3974,0.84060
984.2000,5.9723,-0.8956,1.4823,0.94307,5.7907,-1.3980,0.84058
984.3000,5.9728,-0.8956,1.4804,0.94308,5.7907,-1.3983,0.84059
984.4000,5.9734,-0.8954,1.4782,0.94310,5.7900,-1.3980,0.84061
984.5000,5.9741,-0.8952,1.4760,0.94311,5.7890,-1.3967,0.84064
984.6000,5.9748,-0.8949,1.4734,0.94312,5.7883,-1.3949,0.84070
984.7000,5.9755,-0.8946,1.4707,0.94311,5.7882,-1.3935,0.84075
984.8000,5.9765,-0.8943,1.4680,0.94309,5.7886,-1.3929,0.84072
984.9000,5.9776,-0.8940,1.4651,0.94305,5.7890,-1.3925,0.84068
985.0000,5.9787,-0.8938,1.4622,0.94301,5.7902,-1.3923,0.84064
985.1000,5.9798,-0.8937,1.4595,0.94298,5.7920,-1.3920,0.84057
985.2000,5.9812,-0.8936,1.4565,0.94297,5.7933,-1.3913,0.84055
985.3000,5.9823,-0.8935,1.4544,0.94296,5.7940,-1.3905,0.84056
985.4000,5.9836,-0.8934,1.4519,0.94294,5.7944,-1.3902,0.84053
985.5000,5.9850,-0.8933,1.4497,0.94292,5.7947,-1.3900,0.84053
985.6000,5.9863,-0.8934,1.4478,0.94289,5.7948,-1.3897,0.84052
985.7000,5.9877,-0.8934,1.4460,0.94285,5.7951,-1.3887,0.84052
985.8000,5.9890,-0.8934,1.4446,0.94281,5.7960,-1.3871,0.84048
985.9000,5.9903,-0.8934,1.4434,0.94277,5.7975,-1.3856,0.84043
986.0000,5.9919,-0.8936,1.4421,0.94272,5.7991,-1.3845,0.84040
986.1000,5.9933,-0.8938,1.4411,0.94268,5.8009,-1.3834,0.84034
986.2000,5.9949,-0.8941,1.4401,0.94266,5.8031,-1.3825,0.84030
986.3000,5.9966,-0.8946,1.4392,0.94264,5.8052,-1.3820,0.84026
986.4000,5.9981,-0.8950,1.4385,0.94263,5.8078,-1.3816,0.84023
986.5000,5.9998,-0.8956,1.4379,0.94261,5.8103,-1.3816,0.84020
986.6000,6.0013,-0.8964,1.4376,0.94259,5.8127,-1.3821,0.84013
986.7040,6.0028,-0.8973,1.4375,0.94257,5.8144,-1.3833,0.84007
986.8000,6.0040,-0.8981,1.4376,0.94255,5.8160,-1.3850,0.84002
986.9000,6.0052,-0.8992,1.4379,0.94254,5.8171,-1.3869,0.83998
987.0000,6.0064,-0.9002,1.4383,0.94254,5.8178,-1.3886,0.84000
987.1000,6.0074,-0.9010,1.4387,0.94253,5.8185,-1.3900,0.84000
987.2000,6.0084,-0.9018,1.4392,0.94252,5.8196,-1.3914,0.83997
987.3000,6.0095,-0.9025,1.4397,0.94252,5.8209,-1.3929,0.84000
987.4000,6.0106,-0.9031,1.4402,0.94252,5.8226,-1.3945,0.83998
987.5000,6.0115,-0.9036,1.4407,0.94251,5.8242,-1.3953,0.83998
987.6000,6.0125,-0.9041,1.4413,0.94250,5.8256,-1.3955,0.83999
987.7000,6.0133,-0.9044,1.4419,0.94248,5.8275,-1.3956,0.84002
987.8000,6.0141,-0.9047,1.4425,0.94247,5.8294,-1.3954,0.84003
987.9000,6.0147,-0.9049,1.4432,0.94245,5.8309,-1.3953,0.84001
988.0000,6.0153,-0.9051,1.4443,0.94244,5.8322,-1.3953,0.84000
988.1000,6.0158,-0.9053,1.4455,0.94243,5.8329,-1.3952,0.83999
988.2000,6.0163,-0.9055,1.4468,0.94243,5.8331,-1.3957,0.84003
988.3000,6.0167,-0.9057,1.4482,0.94242,5.8333,-1.3970,0.84002
988.4000,6.0170,-0.9057,1.4497,0.94243,5.8337,-1.3989,0.84006
988.5000,6.0173,-0.9058,1.4512,0.94243,5.8344,-1.4010,0.84008
988.6000,6.0175,-0.9057,1.4526,0.94240,5.8352,-1.4028,0.84003
988.7000,6.0177,-0.9057,1.4538,0.94239,5.8361,-1.4051,0.83999
988.8000,6.0178,-0.9054,1.4548,0.94238,5.8368,-1.4077,0.83996
988.9000,6.0177,-0.9051,1.4556,0.94239,5.8378,-1.4105,0.83999
989.0000,6.0176,-0.9046,1.4564,0.94241,5.8391,-1.4132,0.84004
989.1000,6.0173,-0.9037,1.4573,0.94241,5.8403,-1.4163,0.84006
989.2000,6.0169,-0.9029,1.4581,0.94243,5.8407,-1.4191,0.84009
989.3000,6.0164,-0.9020,1.4588,0.94245,5.8411,-1.4207,0.84017
989.4000,6.0157,-0.9009,1.4595,0.94248,5.8417,-1.4212,0.84025
989.5000,6.0150,-0.8995,1.4599,0.94253,5.8425,-1.4205,0.84031
989.6000,6.0142,-0.8980,1.4602,0.94258,5.8430,-1.4181,0.84040
989.7000,6.0133,-0.8964,1.4603,0.94262,5.8430,-1.4148,0.84048
989.8000,6.0124,-0.8946,1.4603,0.94266,5.8429,-1.4107,0.84057
989.9000,6.0112,-0.8926,1.4604,0.94271,5.8421,-1.4066,0.84067
990.0000,6.0102,-0.8910,1.4606,0.94273,5.8403,-1.4022,0.84075
990.1000,6.0091,-0.8894,1.4610,0.94274,5.8380,-1.3984,0.84081
990.2000,6.0080,-0.8880,1.4614,0.94275,5.8342,-1.3945,0.84090
990.3000,6.0069,-0.8867,1.4619,0.94273,5.8301,-1.3917,0.84095
990.4000,6.0059,-0.8856,1.4625,0.94269,5.8253,-1.3893,0.84095
990.5000,6.0049,-0.8845,1.4632,0.94264,5.8199,-1.3867,0.84092
990.6000,6.0040,-0.8834,1.4640,0.94260,5.8133,-1.3832,0.84092
990.7000,6.0035,-0.8825,1.4647,0.94256,5.8080,-1.3794,0.84086
990.8000,6.0034,-0.8820,1.4650,0.94254,5.8047,-1.3769,0.84083
990.9000,6.0039,-0.8815,1.4651,0.94250,5.8013,-1.3743,0.84078
991.0000,6.0047,-0.8814,1.4646,0.94244,5.7994,-1.3740,0.84066
991.1000,6.0064,-0.8815,1.4632,0.94237,5.7989,-1.3746,0.84046
991.2000,6.0072,-0.8816,1.4625,0.94234,5.7998,-1.3751,0.84036
991.3000,6.0077,-0.8816,1.4619,0.94233,5.8004,-1.3753,0.84033
991.4000,6.0083,-0.8817,1.4613,0.94231,5.8012,-1.3754,0.84029
991.5000,6.0089,-0.8818,1.4606,0.94229,5.8021,-1.3755,0.84024
991.6000,6.0110,-0.8821,1.4577,0.94226,5.8061,-1.3755,0.84011
991.7000,6.0134,-0.8825,1.4542,0.94223,5.8114,-1.3754,0.84001
991.8000,6.0156,-0.8828,1.4505,0.94222,5.8170,-1.3752,0.83996
991.9000,6.0167,-0.8831,1.4483,0.94221,5.8209,-1.3752,0.83992
992.0000,6.0175,-0.8832,1.4468,0.94221,5.8232,-1.3754,0.83988
992.1000,6.0182,-0.8834,1.4452,0.94221,5.8257,-1.3761,0.83986
992.2000,6.0197,-0.8838,1.4419,0.94220,5.8309,-1.3785,0.83983
992.3000,6.0203,-0.8840,1.4403,0.94220,5.8329,-1.3797,0.83982
992.4000,6.0207,-0.8842,1.4390,0.94220,5.8356,-1.3813,0.83981
992.5000,6.0210,-0.8842,1.4380,0.94221,5.8374,-1.3826,0.83984
992.6000,6.0212,-0.8843,1.4368,0.94222,5.8396,-1.3836,0.83986
992.7000,6.0211,-0.8841,1.4362,0.94225,5.8407,-1.3843,0.83992
992.8000,6.0209,-0.8839,1.4360,0.94226,5.8407,-1.3844,0.83994
992.9000,6.0203,-0.8835,1.4360,0.94229,5.8402,-1.3851,0.83999
993.0000,6.0193,-0.8830,1.4362,0.94231,5.8388,-1.3861,0.84006
993.1000,6.0182,-0.8826,1.4366,0.94232,5.8379,-1.3866,0.84016
993.2000,6.0173,-0.8821,1.4371,0.94232,5.8379,-1.3865,0.84019
993.3000,6.0160,-0.8814,1.4381,0.94231,5.8387,-1.3857,0.84018
993.4000,6.0152,-0.8810,1.4387,0.94231,5.8394,-1.3850,0.84018
993.5000,6.0144,-0.8805,1.4394,0.94231,5.8398,-1.3843,0.84017
993.6000,6.0134,-0.8799,1.4403,0.94232,5.8399,-1.3838,0.84015
993.7000,6.0125,-0.8793,1.4411,0.94234,5.8397,-1.3834,0.84016
993.8000,6.0117,-0.8790,1.4417,0.94236,5.8395,-1.3832,0.84020
993.9000,6.0107,-0.8785,1.4426,0.94240,5.8391,-1.3829,0.84025
994.0000,6.0085,-0.8775,1.4443,0.94245,5.8368,-1.3813,0.84039
994.1000,6.0070,-0.8768,1.4454,0.94249,5.8349,-1.3789,0.84045
994.2000,6.0058,-0.8763,1.4463,0.94253,5.8334,-1.3776,0.84049
994.3000,6.0048,-0.8759,1.4470,0.94256,5.8316,-1.3765,0.84057
994.4000,6.0027,-0.8751,1.4485,0.94262,5.8274,-1.3750,0.84066
994.5000,6.0012,-0.8747,1.4497,0.94264,5.8233,-1.3737,0.84074
994.6000,6.0000,-0.8744,1.4505,0.94265,5.8207,-1.3725,0.84075
994.7000,5.9983,-0.8740,1.4518,0.94265,5.8167,-1.3705,0.84078
994.8000,5.9964,-0.8735,1.4533,0.94266,5.8113,-1.3680,0.84078
994.9000,5.9955,-0.8733,1.4540,0.94267,5.8079,-1.3670,0.84080
995.0000,5.9949,-0.8731,1.4546,0.94266,5.8065,-1.3671,0.84078
995.1000,5.9944,-0.8729,1.4550,0.94266,5.8051,-1.3676,0.84078
995.2000,5.9937,-0.8727,1.4560,0.94264,5.8027,-1.3686,0.84072
995.3000,5.9932,-0.8724,1.4571,0.94262,5.8008,-1.3688,0.84066
995.4000,5.9931,-0.8721,1.4581,0.94261,5.8001,-1.3683,0.84062
995.5000,5.9931,-0.8719,1.4587,0.94261,5.8004,-1.3676,0.84061
995.6000,5.9932,-0.8716,1.4596,0.94261,5.8011,-1.3670,0.84060
995.7000,5.9936,-0.8713,1.4608,0.94258,5.8033,-1.3664,0.84056
995.8000,5.9940,-0.8711,1.4620,0.94256,5.8053,-1.3660,0.84052
995.9000,5.9944,-0.8709,1.4635,0.94253,5.8074,-1.3664,0.84046
996.0000,5.9950,-0.8708,1.4655,0.94245,5.8110,-1.3679,0.84031
996.1000,5.9954,-0.8708,1.4672,0.94239,5.8127,-1.3697,0.84024
996.2000,5.9957,-0.8707,1.4692,0.94234,5.8136,-1.3724,0.84015
996.3000,5.9959,-0.8706,1.4712,0.94231,5.8151,-1.3754,0.84016
996.4000,5.9960,-0.8702,1.4733,0.94229,5.8171,-1.3774,0.84017
996.5000,5.9961,-0.8694,1.4751,0.94228,5.8183,-1.3777,0.84021
996.6000,5.9961,-0.8683,1.4766,0.94229,5.8182,-1.3765,0.84024
996.7000,5.9961,-0.8671,1.4777,0.94230,5.8176,-1.3743,0.84034
996.8000,5.9961,-0.8655,1.4785,0.94233,5.8165,-1.3705,0.84043
996.9000,5.9962,-0.8639,1.4791,0.94233,5.8151,-1.3667,0.84051
997.0000,5.9965,-0.8620,1.4796,0.94233,5.8141,-1.3620,0.84053
997.1000,5.9970,-0.8604,1.4799,0.94230,5.8132,-1.3579,0.84050
997.2000,5.9977,-0.8591,1.4801,0.94227,5.8125,-1.3538,0.84051
997.3000,5.9985,-0.8580,1.4797,0.94222,5.8121,-1.3494,0.84045
997.4000,5.9994,-0.8574,1.4789,0.94217,5.8107,-1.3441,0.84040
997.5000,6.0006,-0.8570,1.4779,0.94213,5.8091,-1.3390,0.84035
997.6000,6.0014,-0.8570,1.4773,0.94211,5.8081,-1.3366,0.84032
997.7000,6.0022,-0.8571,1.4766,0.94210,5.8076,-1.3352,0.84027
997.8000,6.0029,-0.8573,1.4761,0.94209,5.8076,-1.3346,0.84022
997.9000,6.0040,-0.8576,1.4753,0.94206,5.8087,-1.3345,0.84015
998.0000,6.0053,-0.8582,1.4744,0.94202,5.8098,-1.3351,0.84010
998.1000,6.0068,-0.8589,1.4732,0.94195,5.8111,-1.3365,0.83999
998.2000,6.0090,-0.8598,1.4712,0.94190,5.8120,-1.3398,0.83988
998.3000,6.0112,-0.8607,1.4690,0.94186,5.8122,-1.3422,0.83977
998.4000,6.0123,-0.8611,1.4678,0.94185,5.8123,-1.3428,0.83977
998.5000,6.0137,-0.8616,1.4662,0.94184,5.8126,-1.3438,0.83973
998.6000,6.0148,-0.8619,1.4649,0.94183,5.8131,-1.3448,0.83970
998.7000,6.0163,-0.8624,1.4633,0.94181,5.8138,-1.3462,0.83967
998.8000,6.0184,-0.8631,1.4610,0.94178,5.8160,-1.3489,0.83958
998.9000,6.0202,-0.8635,1.4592,0.94175,5.8182,-1.3512,0.83954
999.0000,6.0215,-0.8637,1.4582,0.94174,5.8197,-1.3519,0.83950
999.1000,6.0231,-0.8639,1.4572,0.94172,5.8231,-1.3529,0.83947
999.2000,6.0242,-0.8638,1.4567,0.94170,5.8258,-1.3538,0.83945
999.3000,6.0256,-0.8637,1.4564,0.94167,5.8308,-1.3558,0.83939
999.4000,6.0267,-0.8632,1.4568,0.94165,5.8341,-1.3590,0.83933
999.5000,6.0273,-0.8627,1.4576,0.94165,5.8352,-1.3618,0.83939
999.6000,6.0274,-0.8618,1.4590,0.94167,5.8350,-1.3637,0.83948
999.7000,6.0273,-0.8604,1.4609,0.94170,5.8354,-1.3614,0.83953
999.8000,6.0268,-0.8588,1.4631,0.94179,5.8361,-1.3548,0.83964
999.9000,6.0265,-0.8575,1.4647,0.94185,5.8366,-1.3495,0.83973
1000.0000,6.0260,-0.8567,1.4660,0.94188,5.8370,-1.3465,0.83975
1000.1000,6.0256,-0.8563,1.4669,0.94189,5.8370,-1.3450,0.83980
1000.2000,6.0251,-0.8559,1.4677,0.94190,5.8368,-1.3432,0.83983
1000.3000,6.0247,-0.8557,1.4683,0.94190,5.8360,-1.3422,0.83983
1000.4000,6.0237,-0.8556,1.4692,0.94192,5.8328,-1.3407,0.83985
1000.5000,6.0229,-0.8557,1.4697,0.94194,5.8300,-1.3391,0.83985
1000.6000,6.0222,-0.8559,1.4699,0.94197,5.8267,-1.3371,0.83984
1000.7000,6.0219,-0.8561,1.4699,0.94199,5.8241,-1.3360,0.83987
1000.8000,6.0215,-0.8567,1.4696,0.94199,5.8207,-1.3346,0.83986
1000.9000,6.0215,-0.8573,1.4691,0.94198,5.8158,-1.3336,0.83985
1001.0000,6.0217,-0.8578,1.4687,0.94196,5.8134,-1.3341,0.83979
1001.1000,6.0221,-0.8584,1.4682,0.94193,5.8121,-1.3352,0.83973
1001.2000,6.0226,-0.8590,1.4679,0.94191,5.8112,-1.3373,0.83968
1001.3000,6.0231,-0.8596,1.4675,0.94189,5.8109,-1.3393,0.83965
1001.4000,6.0241,-0.8605,1.4669,0.94187,5.8108,-1.3430,0.83957
1001.5000,6.0255,-0.8615,1.4660,0.94187,5.8118,-1.3467,0.83955
1001.6000,6.0269,-0.8623,1.4652,0.94185,5.8141,-1.3504,0.83947
1001.7000,6.0293,-0.8632,1.4638,0.94182,5.8172,-1.3548,0.83940
1001.8000,6.0313,-0.8637,1.4623,0.94179,5.8204,-1.3598,0.83936
1001.9000,6.0331,-0.8640,1.4605,0.94178,5.8224,-1.3642,0.83933
1002.0000,6.0345,-0.8641,1.4588,0.94176,5.8243,-1.3667,0.83931
1002.1000,6.0362,-0.8638,1.4566,0.94177,5.8274,-1.3678,0.83933
1002.2000,6.0372,-0.8636,1.4552,0.94179,5.8305,-1.3676,0.83933
1002.3000,6.0376,-0.8635,1.4546,0.94179,5.8322,-1.3674,0.83938
1002.4000,6.0383,-0.8632,1.4535,0.94180,5.8348,-1.3670,0.83938
1002.5000,6.0388,-0.8629,1.4528,0.94182,5.8362,-1.3668,0.83942
1002.6000,6.0394,-0.8626,1.4519,0.94183,5.8381,-1.3664,0.83944
1002.7000,6.0401,-0.8622,1.4510,0.94184,5.8399,-1.3660,0.83947
1002.8000,6.0405,-0.8619,1.4502,0.94184,5.8409,-1.3653,0.83949
1002.9000,6.0407,-0.8616,1.4496,0.94184,5.8417,-1.3644,0.83952
